name,id,YR2004,YR2005,YR2006,YR2007,YR2008,YR2009,YR2010,YR2011,YR2012,YR2013,YR2014,YR2015
Afghanistan,AFG,0.383742856,0.609975301,0.964169781,1.287792643,1.531646932,2.300990369,2.463293515,2.290036916,2.211204172,2.340217032,2.397348601,2.252595017
Albania,ALB,9.670207822,11.66806544,13.76968007,18.48652355,23.28914326,23.72983753,23.81053625,23.84944128,23.85583415,23.33832823,21.9534481,21.92631899
Algeria,DZA,4.705703478,4.699968863,4.924535018,5.042655973,5.219316512,5.151120913,5.042409599,5.169091757,5.214273041,5.207694023,5.205249424,5.252907567
Angola,AGO,2.004155282,2.482357264,3.757058013,4.321089809,5.21178604,5.855446351,8.334850482,9.427912178,10.18058817,11.43549413,11.47644278,11.74908445
Arab World,ARB,8.778687251,8.769542767,10.51188835,9.950839714,10.48056416,10.78658909,10.77116888,10.91351063,10.97407574,10.32249529,11.41644789,10.97055497
Argentina,ARG,13.39991115,13.17815088,13.18194661,13.12219649,13.0525168,12.9167885,12.92963337,13.0400515,13.13703153,13.17432509,13.16768541,13.20883895
Armenia,ARM,10.79247479,12.23153792,13.58245249,15.66521109,17.11817445,17.54743011,18.25486853,19.48671242,20.58837749,20.88075521,21.6760494,22.20923864
Australia,AUS,30.67274532,30.63223568,31.24217971,31.67888051,31.57868548,31.23159723,30.7497793,30.36532513,30.21500833,29.53904106,29.17649107,28.72061416
Austria,AUT,13.93068147,13.32375506,13.03832013,12.88358263,12.58602451,11.76651469,11.28781211,15.10628522,15.98662845,15.56021349,14.85952515,13.8609601
Azerbaijan,AZE,6.497233046,6.732139307,7.305556875,8.176049077,9.155820795,9.7628737,9.849033336,9.960017048,9.640218713,10.12595792,10.72117381,10.52294443
Bangladesh,BGD,6.941277123,6.888927837,6.920320861,6.955732823,7.005030822,7.217129213,7.470900052,7.672721987,7.870271336,8.038251383,8.224125251,8.370654408
Belarus,BLR,6.097254959,5.800895659,5.56969404,4.876906368,4.390226737,3.667541499,3.192628727,2.096960242,1.705657465,1.561573244,1.201861788,0.889230504
Belgium,BEL,57.21156697,53.68744752,53.43484529,51.3743789,49.67338444,47.93233928,44.99761868,43.40484818,42.3978982,41.31952876,39.75599189,38.52383169
Belize,BLZ,25.69987329,25.44853035,23.42168513,26.34479421,26.96200431,26.02198858,25.14190672,24.29690822,23.52164217,24.10969473,23.37292565,21.01506904
Benin,BEN,0.936959106,1.079352688,1.597120923,1.975652552,2.366614429,2.72961177,2.936515326,3.152334114,3.142820776,3.215457483,3.312924407,3.257553114
Bhutan,BTN,14.37446705,13.74922806,13.24310068,12.80254141,12.83470167,12.87469448,14.30285501,16.27124948,12.46569573,16.03343801,15.49214584,15.35285087
Bolivia,BOL,4.477602695,5.101187678,5.729520008,5.915019672,6.283791533,6.90121425,8.598318218,9.298542695,9.710566099,11.48429623,15.05369882,15.32080735
Bosnia and Herzegovina,BIH,16.96619708,26.4696891,27.19987876,30.59573611,32.62387645,31.00081791,30.06994011,30.58582394,29.90823568,30.24108374,30.75906642,27.91191848
Botswana,BWA,6.637732959,6.320933768,6.644749797,7.577742906,8.457550401,8.389758203,8.689372459,8.264121317,8.276815666,8.426311566,8.57051742,7.929631669
Brazil,BRA,16.96619708,18.19002382,18.08812062,18.15793094,18.79731782,18.70915699,18.21016973,18.75018384,20.02191738,20.22941426,21.04841074,20.67254561
Brunei Darussalam,BRN,21.15722166,25.98117129,23.15169213,22.60002333,22.77377458,23.29891817,22.79927451,22.61066758,22.14435514,22.35721723,19.7394394,20.28291595
Bulgaria,BGR,84.21787242,84.58661908,83.39393039,88.29307512,92.30452079,92.2784638,91.93114316,60.03512453,61.34468644,60.72502955,60.44295596,60.36281144
Burkina Faso,BFA,1.164196725,1.295034115,1.216540243,1.507439147,1.676863351,1.833574446,1.94231723,2.114488091,2.160457032,2.340917074,18.33791077,2.709425391
Burundi,BDI,1.448627679,1.476323235,1.591560133,1.696313275,1.731129165,1.880560141,2.094458177,2.286821578,2.483816164,2.943002813,2.872420604,2.900844437
Cabo Verde,CPV,16.08054254,16.26875991,18.10425417,21.18589661,25.72831527,28.22414883,31.1822573,30.63544993,34.37806044,34.26500156,33.89990636,33.86405222
Cameroon,CMR,0.469538391,0.980749667,1.059904451,1.104977446,1.191617995,1.281116894,1.656396437,1.703075897,1.802357386,1.925988676,1.948568531,18.21139794
Caribbean small states,CSS,9.913674148,9.720645644,9.790616627,9.867175249,9.956858509,9.787827015,9.956354464,9.430905557,9.452600593,9.213393663,9.329057518,9.208904171
Central Europe and the Baltics,CEB,25.86993411,26.1035634,27.77735197,29.82600147,32.63386236,32.82941135,32.08812562,32.621624,29.89784607,29.25497173,29.34794803,28.45368945
Chad,TCD,0.38472426,0.37052248,0.358182462,0.364376976,0.492727084,0.560408942,0.622124923,0.679792673,0.655581645,0.852050783,0.9763077,0.994720758
Chile,CHL,12.54212341,13.11755622,13.85657408,14.94078233,15.39000607,16.95606262,17.3589096,17.24668551,17.09353093,16.93132548,16.71901327,16.01295996
Comoros,COM,0.57724889,0.560294715,0.544502162,1.058551108,1.029163933,1.250847449,1.216269798,2.130782708,2.303972279,2.466257119,2.836464718,2.760518638
"Congo, Dem. Rep.",COD,0.456002196,0.451136081,0.447069889,0.473503155,0.466979571,0.477780664,0.592101938,0.600592233,0.679321957,0.636489044,0.778957201,1.008877692
"Congo, Rep.",COG,0.7061349,0.68885637,0.669733728,1.485926879,1.801871604,1.836233343,2.208850183,2.696131093,2.877665184,3.525055421,3.790551162,3.961292513
Costa Rica,CRI,16.23428362,18.15806531,18.75574632,20.89440452,20.61833131,20.20574147,20.2736801,23.12664172,23.05170196,22.56308955,22.32367424,22.32762551
Cote d'Ivoire,CIV,1.394745062,1.479426211,1.605010262,1.855492888,2.489976917,2.765753429,4.381247906,4.40216875,4.623214294,4.549795689,4.727949827,4.831833436
Croatia,HRV,28.83948902,30.7221055,30.76476027,32.66652505,34.3656424,35.68708219,35.19183083,35.94573352,35.63953023,34.67557939,33.93697459,33.45976889
Cyprus,CYP,67.0892547,62.43534131,60.60131686,60.72288148,61.43004112,60.66579873,58.39744197,55.90928583,52.31697884,39.24563973,37.69031265,35.88943586
Czech Republic,CZE,21.00100013,21.37664528,21.8954673,21.59075803,22.81422167,22.74373579,22.61347948,23.29110465,23.82996162,24.28829087,24.20078399,23.64985097
Denmark,DNK,50.08224691,50.20243282,50.52423899,51.8622714,50.4558687,45.80307785,40.86845513,38.73324119,34.09374258,30.02571642,27.79759268,24.73591881
Djibouti,DJI,2.11572598,2.058515358,2.41071321,2.352466071,3.062107189,3.553228295,4.391132839,5.025775046,5.288589516,5.025143043,5.621738753,6.36285699
Dominica,DMA,21.86523979,21.79797834,21.75234104,21.72007894,21.69372594,21.65889131,21.606545,21.53543302,21.45041485,21.35508629,19.48457407,19.39369252
Dominican Republic,DOM,9.942528545,9.90675008,9.891006515,9.900542425,10.02921774,10.18628143,10.22577449,10.65190837,10.48718898,11.66237739,11.57404537,12.57084321
Early-demographic dividend,EAR,5.513264358,6.320933768,6.782535329,6.955732823,7.30204768,7.647267469,8.247249258,8.276175326,9.710566099,10.24268107,10.77544355,10.97055497
East Asia & Pacific,EAS,14.06401328,12.07493732,11.14333421,10.75544606,10.32972312,10.21647928,10.22326379,11.20357268,10.44386774,10.20964815,10.07644451,9.992606963
East Asia & Pacific (excluding high income),EAP,7.776328489,6.649350053,5.720283982,5.970074736,3.308984354,3.947805518,4.10372633,4.259815657,6.058936939,6.271284921,6.820572537,7.273814799
East Asia & Pacific (IDA & IBRD countries),TEA,7.776328489,6.649350053,5.720283982,5.970074736,3.308984354,3.947805518,4.10372633,4.259815657,6.058936939,6.271284921,6.820572537,7.273814799
Ecuador,ECU,12.7904064,14.79637943,14.30856905,13.99789339,17.57876017,24.46671262,33.86159549,41.84559128,77.29466987,78.59392873,77.15330468,75.74576858
"Egypt, Arab Rep.",EGY,3.783871718,3.794754548,3.909591229,4.205671795,4.44673002,4.572776654,4.604377669,4.617570998,4.579977942,4.584026925,4.592384484,4.648178275
Equatorial Guinea,GNQ,3.107379744,3.25969147,3.671302998,3.799988853,3.917862023,4.023982938,4.346970619,4.432427641,5.363863011,6.02289531,6.234163214,6.818863705
Estonia,EST,18.41374491,20.87979742,22.62601519,24.02214518,23.82330696,20.27655947,19.469407,17.33943508,16.0008254,13.93352095,12.38083067,11.17241211
Euro area,EMU,33.60374054,31.91566332,33.70988261,37.40457916,36.66019876,35.39429927,34.20988644,35.51371592,32.08962518,29.66616573,28.05474936,27.51794312
Europe & Central Asia,ECS,23.67292705,25.08166982,26.37115429,26.18316513,27.53638188,25.51434049,25.82843521,24.21985624,24.53420937,24.57580777,24.57340348,24.19288489
Europe & Central Asia (excluding high income),ECA,9.670207822,12.23153792,13.76968007,15.96098151,21.94465692,21.68115245,21.90784767,22.99186905,23.50287829,22.71701011,21.9534481,22.20923864
Europe & Central Asia (IDA & IBRD countries),TEC,10.2313413,12.59334932,13.91843307,17.22375253,23.28914326,23.72983753,23.61069967,23.40929859,23.85583415,23.33832823,23.44973553,23.47360798
European Union,EUU,29.02729873,28.32138025,30.76476027,32.66652505,33.91940926,34.75783591,33.14900603,32.74848596,33.20473958,30.02571642,28.05474936,27.51794312
Fiji,FJI,9.256819784,9.633455766,10.58667537,11.31041432,11.64845962,11.30238364,11.13676935,10.87489328,10.45912333,11.01344438,12.19894741,12.26991935
Finland,FIN,13.17298341,14.41617085,16.95207175,16.11415674,16.06794043,14.96667639,15.49782561,15.08069094,13.58386633,12.1961853,12.05686018,8.067428718
Fragile and conflict affected situations,FCS,1.768537835,1.878292139,1.859842788,2.108363529,2.373260407,2.765753429,2.878931733,2.958661227,2.970846385,3.525055421,3.758058991,3.961292513
France,FRA,21.56349825,21.9998762,45.89163692,44.89053194,44.56006074,41.92404405,41.57371849,41.38512301,39.00721267,38.66794976,37.98863838,37.5175577
"Gambia, The",GMB,4.260378348,4.511943113,5.255630094,6.189410525,7.408748909,7.742141157,9.47278447,9.177738648,8.781490684,9.194556822,8.984760687,9.053321262
Georgia,GEO,9.375843274,10.78583336,13.02694695,15.96098151,20.60017058,19.63246738,20.20499568,22.57443951,26.89197342,31.86430535,31.76149549,31.92479993
Germany,DEU,21.26901093,20.18391043,16.67800265,16.30281928,16.31470146,15.85733642,15.7042927,15.53656716,14.16187351,14.59825981,14.5189931,14.05620983
Ghana,GHA,3.063164631,3.229301604,3.600889556,4.564421126,4.765185469,5.091781621,5.360788854,5.379459723,5.676336086,5.847602464,6.080887538,7.167494019
Greece,GRC,34.05672705,35.19950906,38.01636289,40.04374765,42.46533774,42.08701881,41.11488294,39.45995746,37.58829779,32.47620511,28.16747338,26.81967185
Grenada,GRD,38.07750888,34.71017008,34.20534151,33.8189738,33.51386133,33.23319065,32.94675804,34.03096818,35.07769059,34.8131052,34.57770378,34.38001375
Guatemala,GTM,17.56650429,17.35328702,17.0188697,27.12491511,29.7832285,32.21783759,33.00050119,33.80703206,34.37613928,34.68884737,34.49717782,34.40929314
Guinea,GIN,0.680648961,0.665045434,0.757097655,0.824255272,1.021651694,1.1892816,1.297681588,1.431495324,1.571055834,1.627514675,2.176754144,2.346152758
Guinea-Bissau,GNB,0.1222092,0.238069164,0.348507343,0.453072454,1.103567613,1.719407707,1.778304063,2.141266488,2.284175234,2.513760421,2.446616705,2.472593137
Guyana,GUY,6.180957111,6.195085375,6.345003204,6.471681176,6.585568139,6.700643668,6.820981339,7.467892973,7.720696098,8.16080196,8.392500462,8.423196017
Heavily indebted poor countries (HIPC),HPC,1.164196725,1.208234289,1.216540243,1.740756981,2.225477229,2.544383999,2.81561831,2.769187399,2.95098009,3.236779103,3.725566821,3.622360108
High income,HIC,23.67292705,24.55254096,25.43580128,25.30833159,25.34964225,24.68764836,23.96584594,23.88035482,23.3647137,22.90583307,21.26283003,20.13811922
Honduras,HND,16.2424736,17.10119766,19.21194562,22.91117564,24.35652312,23.41717037,20.5882078,20.92644355,23.00427141,23.39713385,23.28828759,21.16077562
"Hong Kong SAR, China",HKG,23.53857907,23.18291119,22.99441956,23.34494632,23.72791583,23.48562791,23.87859242,23.88035482,23.3647137,22.97080395,22.74079212,22.32625619
Hungary,HUN,13.78842588,14.80699311,16.1274712,17.29669461,17.93918087,17.60340622,16.74163399,16.41276175,16.06625956,15.41095214,15.51295363,15.14606273
IBRD only,IBD,9.906589603,10.81546372,11.92723046,12.69871375,13.33482823,13.39761623,13.57534931,14.08323374,13.13703153,14.01747549,15.05369882,15.62372928
Iceland,ISL,90.77837861,86.0367813,77.47060767,73.26046729,69.69950687,60.91050412,57.65242295,52.27427897,47.1868384,43.15228386,40.30166917,37.17741038
IDA & IBRD total,IBT,4.904089386,5.293868682,5.33228901,5.848334507,6.283791533,6.774834777,6.785860368,7.16312181,7.870271336,8.166717499,8.626005729,8.864604571
IDA blend,IDB,3.820588998,3.672034554,3.423386696,3.79626049,4.252842822,4.627394182,4.78298388,5.600069647,5.769542087,5.855403921,5.726999885,7.935399782
IDA only,IDX,1.742473801,1.578551854,1.616200515,1.975652552,2.33638676,2.735378537,2.936515326,3.152334114,3.280704869,3.635358405,3.649601163,3.283427704
IDA total,IDA,1.935216252,2.000132009,2.034629392,2.215689883,2.489976917,2.813966347,3.357403583,3.611001082,3.688459796,4.117382913,4.620018065,4.676014895
India,IND,8.962884124,8.925328359,8.895780807,9.006096049,9.312940246,9.60197962,10.0376104,10.51197766,11.18509358,11.85444972,12.87162345,13.54871446
Indonesia,IDN,5.166451522,5.275983433,5.720283982,5.970074736,6.583659096,7.647267469,8.124068724,14.74011236,16.92652814,17.72089392,17.93057043,17.76273172
"Iran, Islamic Rep.",IRN,28.42544067,27.72493334,27.50291453,27.64126256,28.4423102,28.12855211,25.93673836,29.21777535,26.81013984,27.3717985,27.31014833,30.98027996
Ireland,IRL,35.69547313,34.38623727,33.70988261,32.92789713,33.47317613,34.12137255,27.96387029,26.99957,24.48082525,22.90583307,21.42278124,20.13811922
Israel,ISR,19.78913637,19.60090083,19.40492644,19.45205427,19.81859539,19.67347501,21.54289147,21.86360383,21.8388344,21.4761977,20.84643473,20.05673108
Italy,ITA,56.18230466,56.73303413,57.96761816,59.13166208,62.57224233,59.66197392,58.40362169,57.958942,56.42706017,53.25329548,50.77758951,49.49120566
Jamaica,JAM,7.24716209,7.010683184,6.976277454,6.946391331,7.125193996,6.774834777,6.425750911,6.296302773,6.212626625,5.884726966,5.330808503,5.424322719
Japan,JPN,34.58892415,34.37391681,34.1128108,33.89568864,33.84023789,33.79883157,33.79299639,33.8711337,33.92434373,33.88855935,33.88086427,34.13676002
Jordan,JOR,19.47340789,19.01188152,18.17909618,18.25527176,18.05276482,17.82304522,18.3941228,18.54076709,18.49590576,18.35076113,18.28690771,18.25774545
Kazakhstan,KAZ,3.732428684,3.959447896,3.085080798,3.298435734,3.49689198,3.371744719,3.264564741,3.329068461,3.294145078,3.278982421,3.390387092,2.963414245
Kenya,KEN,2.975929326,2.868758604,2.987845541,3.680640096,4.252842822,4.627394182,4.78298388,5.061733405,5.372509433,5.497061472,5.726999885,5.853975388
"Korea, Rep.",KOR,16.80586432,17.28818011,17.82439468,18.36035897,18.78761129,18.28889167,18.262175,18.31289197,18.41195118,18.11816123,17.3328671,16.92456499
Kosovo,XKX,24.5949232,24.57822649,24.38160479,24.18654115,23.99304971,23.8011161,23.61069967,23.40929859,23.14992242,22.095692,20.59918297,20.57505901
Kuwait,KWT,13.01799738,13.83692554,14.55294096,15.28029897,15.28789008,15.59511603,15.43916073,15.68866589,14.60855909,15.20262177,15.19202096,14.78548641
Kyrgyz Republic,KGZ,5.145950212,5.311753932,5.33228901,6.425068686,6.826180064,6.919859441,6.107048227,7.156279309,7.703208687,7.842708168,7.878527903,8.27133141
Late-demographic dividend,LTE,13.54100533,13.6060209,14.20475752,15.96098151,18.79731782,19.5769873,19.469407,19.48671242,19.09319087,19.27099982,19.79673178,19.89808895
Latin America & Caribbean,LCN,11.65043413,12.60619459,12.89345121,12.95507783,13.33482823,13.39761623,13.57534931,13.52805628,13.13703153,13.17432509,14.90180077,15.32080735
Latin America & Caribbean (excluding high income),LAC,9.942528545,10.81546372,11.14958559,12.24786601,13.10006754,13.29623644,13.50088736,13.56164262,14.0336336,14.01747549,15.05369882,15.62372928
Latin America & the Caribbean (IDA & IBRD countries),TLA,11.65043413,12.60619459,12.89345121,12.95507783,13.33482823,13.39761623,13.57534931,13.52805628,13.13703153,13.17432509,14.90180077,15.32080735
Latvia,LVA,31.59452829,31.91566332,33.44617803,37.40457916,36.66019876,35.39429927,34.20988644,32.74848596,24.58759348,21.53200738,20.32762443,18.00126939
Least developed countries: UN classification,LDC,1.226485139,1.315225584,1.543776117,1.957740025,2.173250515,2.358734413,2.559850444,2.597382358,2.931113794,2.988485238,3.309512384,3.257553114
Lebanon,LBN,30.81336432,30.58183773,29.92449144,29.92082107,29.77005725,29.65604677,29.19908364,28.57287881,27.04307648,25.87616033,25.2227876,24.55603498
Lesotho,LSO,2.615489101,2.496554325,2.034629392,2.172392732,2.306159092,2.352675844,3.432412994,3.452965509,3.392323788,3.635358405,3.573635504,18.21139794
Low & middle income,LMY,4.789875671,5.101187678,5.173456322,5.179049962,5.997365722,6.577638316,6.469576337,7.081038871,7.673484131,7.842708168,8.41887316,8.645171209
Low income,LIC,1.129012487,1.183626292,1.178094171,1.444821452,1.907929909,2.300990369,2.459087668,2.290036916,2.698448739,2.895234428,3.10997747,2.938469424
Lower middle income,LMC,5.145950212,5.293868682,5.720283982,5.848334507,5.997365722,6.433050695,6.513401763,7.156279309,7.068207204,7.416549787,7.878527903,8.320992909
Luxembourg,LUX,110.9393248,105.4067864,100.6189153,97.54415983,94.57965722,90.92637801,88.62144948,85.95332054,82.98226668,81.72977424,79.59133201,76.88149952
"Macao SAR, China",MAC,35.45900752,35.38424187,37.11897004,36.88092729,36.81071928,36.55586179,36.21883894,36.82493718,36.69265901,37.47355697,38.49450759,38.9318204
"Macedonia, FYR",MKD,17.45738726,16.58408407,18.96466353,20.15078597,24.55807474,25.51434049,25.82843521,24.31760559,24.78618255,24.86332467,24.94602297,24.73797731
Madagascar,MDG,1.12699641,1.119547568,1.140444166,1.270247349,1.336484926,1.413786395,1.466990288,1.531847225,1.613842191,1.680927418,1.903099586,2.066968359
Malawi,MWI,0.999057858,0.95619607,0.941903264,1.965437369,2.200719877,2.300967004,2.893864378,1.071137921,3.280704869,3.258100723,3.233891711,3.283427704
Malaysia,MYS,14.06401328,12.6389235,11.72652392,11.43314908,11.23250211,11.07813707,10.86363354,11.20357268,11.11633261,10.91227067,10.76382766,10.65841005
Maldives,MDV,10.33155457,10.30846312,11.97953459,12.07849387,12.27032698,12.58473146,12.22796107,12.19896054,12.25249522,11.96857945,12.05230432,12.13221813
Mali,MLI,2.418087656,2.457545895,2.612012632,2.943439013,2.825736811,3.175148792,3.600600466,4.198170132,4.746786119,4.97192413,5.544719614,5.738892725
Malta,MLT,39.13749136,39.54273006,37.6783433,38.8720975,40.54765608,40.69497819,40.06623626,42.001341,38.38253428,38.40420848,37.87913079,40.09944018
Marshall Islands,MHL,12.00590263,12.00959264,12.00451946,14.98953155,17.95815975,17.92383671,17.88725605,20.82358356,20.77534329,20.72693335,20.68304858,20.64597029
Mauritius,MUS,18.14094527,18.27924055,18.64496424,18.95217292,19.55307534,21.09740001,21.31137548,21.61538945,21.91406363,22.23582439,24.33835121,23.95344782
Mexico,MEX,10.75874484,10.81546372,11.14958559,12.24786601,13.10006754,13.67568438,14.07214134,14.08323374,14.93023568,14.86062589,14.74990273,14.00163224
"Micronesia, Fed. Sts.",FSM,12.33939506,12.30901789,12.29350749,12.28916403,12.28633299,15.33907015,15.29426159,15.16783206,15.02042778,14.85685421,14.68709152,18.21139794
Middle East & North Africa,MEA,10.88956294,11.39015924,12.2198891,12.57687775,13.4263091,13.59478396,13.71822603,12.68019509,12.8952883,13.08107359,14.85246805,13.56104685
Middle East & North Africa (excluding high income),MNA,8.778687251,8.769542767,9.790149937,9.950839714,10.48056416,10.78658909,10.77116888,10.91351063,10.97407574,10.32249529,14.53117563,14.61415021
Middle East & North Africa (IDA & IBRD countries),TMN,9.290250751,9.679444914,10.51188835,10.60019572,10.54846745,10.71630453,11.05870625,11.12610793,11.44018148,11.75114936,18.28690771,18.25774545
Middle income,MIC,7.47651997,7.902788386,7.87190787,8.176177371,8.839227762,9.60197962,10.03322883,10.51197766,10.18058817,10.63866701,11.47644278,11.95409249
Moldova,MDA,7.263001133,7.7828601,8.223321484,9.17529607,10.63636994,10.20759449,10.35734447,11.23546863,11.40956566,11.95998653,12.08698593,10.01682418
Mongolia,MNG,40.00452623,41.65859114,46.11745921,53.09393313,57.27960548,54.37330276,54.70616883,65.84584811,68.40397743,70.90677594,71.49557299,70.43868327
Montenegro,MNE,21.09421495,25.08599628,27.27273902,34.73343105,41.93839053,43.81919395,40.04699367,40.52226945,40.77062861,42.58937891,42.02255668,43.0590099
Morocco,MAR,9.87065066,10.58934706,11.46154001,12.60946834,14.14682857,19.5769873,20.81198798,21.85839737,22.89504444,23.6108059,24.07162977,24.61305386
Mozambique,MOZ,1.779748996,2.000132009,2.0351551,2.362732082,2.50084856,2.862179265,3.282394172,3.507601563,3.728271793,3.742156773,3.978723942,4.136468973
Myanmar,MMR,1.757326673,1.677677496,1.379201532,1.403602375,1.432728227,1.452183964,1.492154064,1.635197757,1.813630912,2.672323754,3.306100361,3.270320213
Namibia,NAM,10.74198827,10.7376169,11.74346167,12.3761986,12.49755063,12.51751321,12.5189902,12.54252813,12.33927571,12.34054758,12.79912174,12.78359999
Nepal,NPL,2.59759382,2.554042597,2.605534526,3.584906441,3.569736024,4.700168233,5.193810873,7.372767896,8.398216403,8.312992896,8.41887316,8.864604571
Netherlands,NLD,33.60374054,28.05902976,27.67259799,28.62592193,27.53638188,25.18648648,22.97300207,21.26097095,19.60112534,17.30535417,14.69881352,13.94817256
New Zealand,NZL,35.0193795,35.15868269,35.35889009,35.14350493,34.9935422,35.70198669,34.49563368,33.92570713,33.34914865,30.87919554,29.62818917,29.04240869
Nicaragua,NIC,4.904089386,6.240932506,6.940541374,7.38966974,8.173516723,8.104169834,6.793918665,7.16312181,7.068207204,7.416549787,7.610881934,8.130965891
Niger,NER,0.406690572,0.509684367,0.479517414,0.668542132,0.817433914,0.801689707,0.944552209,1.088595717,1.287854371,1.469653734,1.476990493,1.501484136
Nigeria,NGA,4.665248671,4.146989359,3.753902993,5.171840443,6.221409389,6.433050695,6.513401763,6.357857217,5.769542087,5.855403921,5.560132414,4.938618218
North America,NAC,32.50746481,33.09151418,29.16614642,29.6246754,29.78902505,29.94840425,29.63490009,29.5538584,29.45572078,28.78891857,28.06514038,28.24669161
Norway,NOR,13.13385452,12.08477944,12.01359467,12.31307634,11.69682052,11.01637095,10.95738896,10.72298235,9.921660502,8.933982391,8.506383495,7.718856177
OECD members,OED,29.02729873,27.28082419,27.52115944,28.62592193,27.76276212,26.43134954,26.25658051,25.93630145,24.48082525,24.28829087,24.05439605,23.63551476
Oman,OMN,21.51471068,20.68213553,20.38226536,20.93780367,21.79798453,22.27351679,21.30504246,19.7714454,18.16446436,16.69101456,14.51291515,13.56104685
Other small states,OSS,6.637732959,5.914037903,6.287825122,6.883576716,7.933149655,8.06594968,9.081078465,8.720929983,8.781490684,9.194556822,8.777639053,9.053321262
Pakistan,PAK,7.690038807,7.781794844,7.923509996,8.176177371,8.522634729,8.600869416,8.636619058,8.813970668,9.059896146,9.385293209,9.662368189,10.0405121
Papua New Guinea,PNG,1.935216252,1.912712543,1.809408605,1.814494389,1.767590174,1.671862553,1.7224526,1.840332303,1.83607146,1.830030716,1.780424724,2.777001748
Paraguay,PRY,4.155895288,3.999078612,4.059399422,4.328318764,5.762660703,7.136875994,8.590391014,9.541322601,10.04872946,10.3475567,10.77073157,12.15910054
Peru,PER,4.263982738,4.374231229,4.5307708,5.179049962,6.651529474,6.722225938,6.785860368,7.005798434,7.586328088,7.71785074,8.006013905,8.128552595
Philippines,PHL,8.223409477,8.022716672,7.820305745,7.561377257,7.599064538,7.518543356,7.578284603,7.698429151,7.981730354,8.295183615,8.681494037,8.84317638
Poland,POL,26.5291181,26.50261862,27.52115944,29.6065589,32.63386236,32.82941135,32.08812562,32.49476204,33.91242953,32.94623779,32.95701194,31.14791235
Portugal,PRT,66.4523695,68.15131237,70.7377771,61.5040246,64.19543024,65.7547467,65.84184894,63.92122345,61.07316571,58.00701995,53.36928022,50.6278203
Post-demographic dividend,PST,28.93339387,28.05902976,27.85307124,30.32059008,30.76030967,30.38769794,29.73237244,30.36532513,29.90823568,29.53904106,27.98253303,25.77779533
Pre-demographic dividend,PRE,1.164196725,1.231953072,1.495992101,1.820346787,2.119776165,2.358734413,2.752304888,2.842243705,3.056833581,3.258100723,3.725566821,3.622360108
Qatar,QAT,22.57186721,21.39191073,19.57547736,18.64163907,18.45376185,18.23494519,18.1369609,13.42455522,13.62472069,13.08107359,15.32179852,12.4444435
Russian Federation,RUS,26.68966716,28.36644139,30.35482341,33.70150305,35.56202637,34.62966698,35.04581522,36.7092122,38.20560776,38.4719604,36.98869079,32.87738659
Rwanda,RWA,0.395034261,0.769057288,0.729063538,1.074914626,4.605473614,4.942397656,4.946187005,5.5108582,5.675769962,6.003391684,5.869767911,6.137063421
Samoa,WSM,17.64143323,18.3930033,20.92183421,23.39791759,23.14732381,26.41868329,25.25560413,18.13283598,18.78896575,22.78173411,24.18641891,21.4571023
San Marino,SMR,238.1147672,259.5934988,276.7885062,289.8347098,287.0862772,284.5296612,282.1284497,264.5317264,266.3509702,260.7142988,247.7687253,238.8544442
Saudi Arabia,SAU,7.758118543,7.519927352,7.620420157,7.715670013,7.783389734,8.120487991,8.247249258,8.276175326,8.267690802,8.367506882,8.802029261,8.932099573
Senegal,SEN,1.996965268,2.523300858,2.930218542,3.100626102,3.751897762,3.924183643,4.165044263,4.450965441,4.665619437,4.576371195,4.620018065,4.607219278
Serbia,SRB,22.36149685,32.11314319,36.704365,41.02592235,45.80060419,44.1948932,41.7631901,40.254843,38.00335646,33.81712007,30.49316097,29.62359408
Seychelles,SYC,42.32382086,40.18146863,40.81490958,40.39774747,46.77508162,46.23931206,46.09457881,47.39205676,48.4652545,49.14715758,54.16684968,54.8374854
Singapore,SGP,11.72258945,11.51095114,11.14333421,10.75544606,10.32972312,10.21647928,10.22326379,9.965813718,9.771402868,9.507025639,9.389061367,9.326803877
Slovak Republic,SVK,25.21075013,25.70450817,26.2913234,25.94517566,27.76276212,26.43134954,26.25658051,25.93630145,26.59095256,26.85612635,27.94202533,28.21621439
Slovenia,SVN,40.99597484,40.11539304,39.67538485,40.22843576,39.37183872,39.55827652,38.73836458,38.27894588,38.4387766,34.43042709,31.8553521,31.21709839
Small states,SST,7.24716209,6.320933768,6.810513625,7.262067118,7.933149655,8.06594968,9.081078465,8.720929983,8.781490684,9.194556822,8.777639053,9.053321262
Solomon Islands,SLB,7.46115536,7.986669523,8.135775481,7.932265352,7.73879221,7.553763088,4.488646929,4.070016812,3.970617431,3.573832399,4.065359363,3.964478275
South Africa,ZAF,4.874047864,7.267681893,7.479407454,6.081786235,7.925974582,9.34488146,10.03322883,10.46131616,10.13319585,10.24268107,10.95355661,10.499399
South Asia,SAS,7.315657965,7.335361341,7.421915429,7.565955097,7.763832775,7.908999315,8.053759555,8.243346327,8.729056275,8.849143052,9.040620674,9.452558335
South Asia (IDA & IBRD),TSA,7.315657965,7.335361341,7.421915429,7.565955097,7.763832775,7.908999315,8.053759555,8.243346327,8.729056275,8.849143052,9.040620674,9.452558335
Spain,ESP,97.5144557,99.26527362,101.8181957,104.2186875,103.7548272,99.05162748,95.71200719,88.2000511,83.7287552,73.54115154,69.65757473,67.53402973
Sri Lanka,LKA,8.775216254,9.087180305,12.11099925,13.37653454,14.21073566,15.01525821,15.98391657,17.39538321,18.00906929,18.31258539,18.44226917,18.5849744
St. Kitts and Nevis,KNA,57.50160382,56.66492325,55.89260234,55.17601632,59.45217894,58.73484886,58.02242853,47.76265423,49.54131232,48.94737493,43.76745216,43.27285128
St. Lucia,LCA,25.06655603,24.50690419,23.93193428,23.36354481,22.81362839,22.31026657,21.87078139,21.50744974,21.1963513,20.91869121,20.6535054,19.68822293
Sub-Saharan Africa,SSF,1.42168637,1.477874723,1.605010262,2.074022642,2.428295673,2.765753429,3.432412994,3.507601563,3.688459796,4.117382913,4.620018065,4.676014895
Sub-Saharan Africa (excluding high income),SSA,1.42168637,1.477874723,1.605010262,2.074022642,2.428295673,2.765753429,3.432412994,3.507601563,3.688459796,4.117382913,4.620018065,4.676014895
Sub-Saharan Africa (IDA & IBRD countries),TSS,1.42168637,1.477874723,1.605010262,2.074022642,2.428295673,2.765753429,3.432412994,3.507601563,3.688459796,4.117382913,4.620018065,4.676014895
Sudan,SDN,2.469946949,2.344695438,2.270628013,2.258987034,2.250234581,2.358734413,2.752304888,2.842243705,2.882027338,2.988485238,3.054937837,3.174809789
Suriname,SUR,10.5472561,10.69126235,10.55460152,10.69895122,10.55403108,10.67805659,11.33227026,11.17422479,11.01584446,12.41047651,12.49286122,11.06762318
Swaziland,SWZ,5.860077195,5.914037903,5.930900448,5.781649341,5.773322056,5.621972919,5.618624232,6.302151984,6.170375894,5.91881953,5.807882812,6.69789872
Sweden,SWE,23.57686163,23.51996877,23.78463648,23.59747161,23.95572318,22.96473873,22.50302468,21.69967871,21.80779736,21.54010548,21.10287882,19.32105384
Switzerland,CHE,57.35246653,56.79195843,55.61888462,55.27938749,53.95360235,52.6806009,51.76847941,50.24592755,48.88089889,47.44065182,46.01897011,44.28997829
Tanzania,TZA,16.96619708,1.183626292,1.163378545,1.3211615,1.777027364,1.881556783,1.998398648,2.064857323,2.204678861,2.457817972,2.452613378,2.47760523
Thailand,THA,7.776328489,8.305182574,9.101372196,9.739970216,10.35865322,10.86318453,11.09106131,11.42099437,11.76877938,12.17587534,12.6089073,12.62266101
Timor-Leste,TLS,1.218546274,2.170171465,2.067286485,1.97307128,1.888340972,1.81542451,1.75605762,3.789086238,4.159495797,4.81383627,5.003280486,5.020981031
Togo,TGO,1.205187387,1.231953072,1.627390768,2.954048434,3.885197629,4.056949428,4.243143627,4.471614828,4.501331385,4.59964721,4.931148233,4.977261027
Tonga,TON,24.14292612,20.80399437,20.66312744,22.07540327,23.44262807,21.69096571,21.52223708,21.41327623,19.78299575,21.18547887,18.0323681,29.78938902
Trinidad and Tobago,TTO,12.58018621,12.4306081,12.6049558,12.78795917,12.78852302,12.80081925,13.48695802,12.56550834,12.69257456,12.54206036,13.32730653,12.99348562
Tunisia,TUN,11.90847522,12.19097143,12.98570877,13.70388364,14.44352456,15.0039508,16.52201457,16.95990913,17.52816428,18.16381592,19.26583913,19.89808895
Turkey,TUR,16.96619708,12.95516073,14.06718607,15.33742637,17.17526788,17.34752155,17.87407787,18.20901153,18.55677079,19.5718021,19.53308506,19.12542213
Uganda,UGA,1.131028565,1.184515506,1.192809797,1.382203758,2.038832454,2.359156228,2.459087668,2.391068156,2.698448739,2.895234428,2.986063229,2.976094411
Ukraine,UKR,3.713002859,3.865193138,3.872296876,3.856667252,3.73446702,3.215168523,2.321466502,1.599937954,1.069253554,0.916630047,0.764053578,0.561751206
United Arab Emirates,ARE,15.42168975,13.6060209,12.97823819,12.54428715,12.70578963,12.18561711,11.99729133,11.93583496,12.16585591,12.55149768,12.05745223,18.21139794
United States,USA,32.50746481,33.09151418,33.75201369,34.57786328,34.96290144,35.70799825,35.21670072,34.93094429,34.6721185,33.42676015,32.22227265,32.87220466
Upper middle income,UMC,10.74198827,12.15349447,11.74346167,12.3761986,15.13766771,15.51160296,15.62774558,15.39239033,14.0336336,14.86062589,15.63956838,14.96414172
Uruguay,URY,12.82022367,12.78178107,13.35137077,13.46751401,13.56958892,13.39761623,13.57534931,13.52805628,12.72674471,12.57407916,12.19950784,11.97765555
Uzbekistan,UZB,38.82286123,39.69712376,42.03096202,41.19502078,40.48170852,40.17077929,39.14137309,38.23700412,38.09640338,37.87683248,37.59148604,37.23253051
Vanuatu,VUT,19.58016855,18.99620867,19.11095822,20.76750775,20.22040239,19.70207646,20.54344253,20.69149646,22.0368534,22.00441346,22.60618799,21.43214345
"Venezuela, RB",VEN,16.96619708,15.74789549,16.46986434,17.31722854,17.34854348,18.37829559,17.18334982,16.70154692,16.79982098,16.6941056,16.52923403,15.9266512
West Bank and Gaza,PSE,8.778687251,8.691128122,9.068411525,9.301483711,10.41266088,10.85687365,10.4836315,10.70091334,10.50797,10.32249529,10.77544355,10.97055497
World,WLD,9.169363699,9.90675008,10.82761128,10.75544606,10.59241869,10.86002909,10.79594833,11.20357268,11.18509358,11.91144402,12.38083067,12.62266101
"Yemen, Rep.",YEM,1.742473801,1.843871735,1.91027697,1.957740025,1.942109226,1.93461565,1.840131577,1.755210274,1.696415755,1.66804973,1.641305387,1.590911714
Zambia,ZMB,2.970937048,2.846913083,2.891440488,3.164242121,3.517004861,3.691433363,3.822767352,3.977494942,4.20278209,4.442803482,4.696166854,4.676014895
Zimbabwe,ZWE,2.72001177,3.672034554,3.423386696,3.79626049,3.140665335,4.147177217,4.357500611,5.600069647,11.58523452,12.13734375,12.96871228,14.37672034
