id,name,YR2004,YR2005,YR2006,YR2007,YR2008,YR2009,YR2010,YR2011,YR2012,YR2013,YR2014
AFG,Afghanistan,8781610175,9762978844,10305228125,11721187594,12144482858,14697331941,15936800636,16911126453,19352203806,19731337261,19990317161
ALB,Albania,8766856445,9268392518,9771760096,10348293942,11127520474,11500292411,11926953259,12231090568,12404772054,12542465022,12768229393
DZA,Algeria,1.34E+11,1.42E+11,1.45E+11,1.50E+11,1.53E+11,1.56E+11,1.61E+11,1.66E+11,1.71E+11,1.76E+11,1.83E+11
ASM,American Samoa,631823788.5,629286343.6,603066079.3,614907489,598837004.4,573462555.1,576000000,577691630,552317180.6,534555066.1,542167400.9
AND,Andorra,3562932178,3842255533,4018434883,4021570844,3675946750,3535599617,3346516556,3185794241,3129723933,3127736111,2.55E+12
AGO,Angola,39087976314,46226007691,55811028115,68420444001,77874196512,79753199398,82470913121,85702615836,90120963241,96261432368,1.01E+11
ATG,Antigua and Barbuda,1070851866,1138179361,1283922782,1403194258,1403863251,1234900517,1147942222,1127700867,1170976047,1168633021,1222422784
ARB,Arab World,1.61E+12,1.70E+12,1.81E+12,1.89E+12,2.00E+12,2.01E+12,2.11E+12,2.18E+12,2.30E+12,2.38E+12,2.45E+12
ARG,Argentina,3.06E+11,3.34E+11,3.60E+11,3.93E+11,4.09E+11,3.85E+11,4.24E+11,4.49E+11,4.44E+11,4.55E+11,4.44E+11
ARM,Armenia,6734033975,7667755682,8679746346,9873142201,10554389013,9060944166,9260284938,9695518330,10393595650,10736584306,11123101342
AUS,Australia,9.62E+11,9.93E+11,1.02E+12,1.06E+12,1.10E+12,1.12E+12,1.14E+12,1.17E+12,1.21E+12,1.24E+12,1.28E+12
AUT,Austria,3.58E+11,3.66E+11,3.78E+11,3.92E+11,3.98E+11,3.83E+11,3.90E+11,4.01E+11,4.04E+11,4.05E+11,4.07E+11
AZE,Azerbaijan,19581710093,24751281716,33290473787,41629404407,46113899019,50453518393,52902703376,52937578302,54102205125,57238335961,58383102680
BHS,"Bahamas, The",7739929850,8002723121,8204140766,8322815484,8129378906,7789496094,7910000000,7958407552,8203535156,8204565104,8161307292
BHR,Bahrain,18376546950,19620444334,20889606053,22621864900,24034629396,24645054296,25713271277,26223377132,27202099524,28675502255,29922841391
BGD,Bangladesh,80592852042,85860356478,91588846354,98053769823,1.04E+11,1.09E+11,1.15E+11,1.23E+11,1.31E+11,1.39E+11,1.47E+11
BRB,Barbados,4117827551,4281098360,4523776312,4603588593,4621819825,4435050984,4446800000,4480426494,4493796064,4490554956,4493390926
BLR,Belarus,36792194012,40250660249,44275726274,48083438734,52987949485,53093925384,57231904543,60404676195,61450517457,62079761418,63149449098
BEL,Belgium,4.42E+11,4.51E+11,4.63E+11,4.78E+11,4.82E+11,4.71E+11,4.84E+11,4.92E+11,4.93E+11,4.93E+11,5.01E+11
BLZ,Belize,1199103461,1230025246,1286391895,1300597659,1342587389,1352161618,1397113450,1426508030,1481068378,1500530789,1561767961
BEN,Benin,5675602454,5772744796,6000595826,6359822427,6671033591,6825749998,6970240895,7176751732,7521973830,8063036668,8575645914
BMU,Bermuda,5528385008,5620941625,5932559093,6101393206,6194616021,5867281537,5744414000,5552579616,5284137924,5151445060,2.55E+12
BTN,Bhutan,940813179.5,1007823159,1076852656,1269887377,1330440106,1419010481,1585472534,1710580807,1797336501,1835844374,1941321989
BOL,Bolivia,15031978202,15696607066,16449574692,17200380150,18257962323,18870882348,19649631308,20672216340,21731104040,23207952414,24475238844
BIH,Bosnia and Herzegovina,13720462044,14922131713,15724715108,16625545812,17536876414,17033588881,17164279813,17320174037,17158544322,17569352814,17759431367
BWA,Botswana,9785089873,10230961746,11086666195,12004283365,12754003367,11778027466,12786654366,13560031676,14164289363,15771004794,16425383641
BRA,Brazil,1.72E+12,1.77E+12,1.85E+12,1.96E+12,2.06E+12,2.05E+12,2.21E+12,2.30E+12,2.34E+12,2.41E+12,2.42E+12
BRN,Brunei Darussalam,13213206307,13264408434,13847739934,13869146021,13600124166,13360145141,13707370737,14220755409,14350568390,14045471214,13715438210
BGR,Bulgaria,40553482000,43488010218,46424813785,49988081047,52810910666,50582434410,50610031136,51579222347,51595182819,52039981143,52731514288
BFA,Burkina Faso,6144638535,6676878621,7094394431,7495582799,8042347948,8280563450,8979966766,9565619495,10182857809,10469470948,10907717217
BDI,Burundi,1612571959,1627085107,1714698066,1796760634,1887463245,1952928500,2026864469,2111823041,2196704928,2297622744,2404713060
CPV,Cabo Verde,1171578994,1252563900,1352565476,1557758965,1661358044,1640251720,1664310770,1730365372,1749086512,1763128136,1773904599
KHM,Cambodia,7186162900,8138335730,9014922681,9935578323,10600425244,10609615491,11242275199,12037055708,12917367180,13876856310,14858161722
CMR,Cameroon,20005170990,20464660331,21124441591,21812182535,22441255964,22874787500,23622483984,24600594629,25729451636,27160443493,28770233462
CAN,Canada,1.48E+12,1.52E+12,1.56E+12,1.60E+12,1.61E+12,1.57E+12,1.61E+12,1.66E+12,1.69E+12,1.74E+12,1.78E+12
CSS,Caribbean small states,53530042022,55521767195,59324629678,61238104829,62108106410,59919102492,60772694300,61426893776,62197518533,63222994398,63513557488
CAF,Central African Republic,1678907492,1694155506,1774985113,1856768170,1894908620,1927297142,1986014846,2051567618,2135944447,1352053851,1366115455
CEB,Central Europe and the Baltics,1.08E+12,1.14E+12,1.21E+12,1.29E+12,1.34E+12,1.29E+12,1.31E+12,1.35E+12,1.36E+12,1.38E+12,1.42E+12
TCD,Chad,7165890625,8407921035,8462426393,8739274637,9006057734,9385905830,10657705536,10666537556,11614000868,12275999076,13123041176
CHL,Chile,1.72E+11,1.82E+11,1.93E+11,2.03E+11,2.10E+11,2.06E+11,2.19E+11,2.32E+11,2.44E+11,2.54E+11,2.59E+11
CHN,China,3.20E+12,3.57E+12,4.02E+12,4.60E+12,5.04E+12,5.51E+12,6.10E+12,6.68E+12,7.21E+12,7.77E+12,8.33E+12
COL,Colombia,2.20E+11,2.30E+11,2.45E+11,2.62E+11,2.72E+11,2.76E+11,2.87E+11,3.06E+11,3.18E+11,3.34E+11,3.48E+11
COM,Comoros,476594257.6,490117180.1,503090091.1,507115580.5,509145396.1,519073731.2,530493353.2,544286180.9,560614766.1,580236282.9,592198663.1
COD,"Congo, Dem. Rep.",14768798308,15674886408,16508944145,17542316526,18634483660,19166509369,20523285374,21932132984,23502004277,25500497990,27925586058
COG,"Congo, Rep.",8637979940,9307920845,9888362511,9731906590,10274194134,11041561163,12007880590,12418624708,12890531932,13334057141,14238098342
CRI,Costa Rica,28438822146,29539652853,31677653998,34265051869,35858239193,35510217658,37268635287,38873833296,40738579949,41662949490,43186481741
CIV,Cote d'Ivoire,21923410906,22300767039,22638811513,23038394864,23624224724,24392355457,24884505035,23792758396,26340131050,28681616270,31203899802
HRV,Croatia,55954431684,58284285195,61073258694,64218534558,65537175791,60698052947,59665427465,59497610895,58196142797,57576981757,57293842615
CUB,Cuba,44497068633,49481477439,55451844706,59478833619,61927474920,62826231727,64328000000,66130664082,68124437665,69996226460,70729490571
CYP,Cyprus,21763510222,22574052491,23592183641,24729494525,25685033799,25229779225,25562251656,25644356585,24834564819,23356225780,22998536479
CZE,Czech Republic,1.72E+11,1.84E+11,1.96E+11,2.07E+11,2.13E+11,2.02E+11,2.07E+11,2.11E+11,2.09E+11,2.08E+11,2.14E+11
DNK,Denmark,3.11E+11,3.19E+11,3.31E+11,3.34E+11,3.32E+11,3.16E+11,3.22E+11,3.26E+11,3.27E+11,3.30E+11,3.36E+11
DJI,Djibouti,863642312.6,891016329.4,933783907.5,981407460.1,1038328726,1090583938,1128611700,1179032592,1236125825,1297930970,1375809351
DMA,Dominica,423761746.3,423387808.8,435791748.5,463338169.8,496331285,490525414.3,493824407.4,492683617.1,487412935,491169137.4,511734207.9
DOM,Dominican Republic,36370076969,39738946301,43979550793,47810351794,49344827072,49811705704,53954579004,55628205430,57182407631,59894034107,64451350101
EAR,Early-demographic dividend,6.32E+12,6.73E+12,7.16E+12,7.62E+12,7.90E+12,7.97E+12,8.49E+12,8.95E+12,9.30E+12,9.71E+12,1.01E+13
EAS,East Asia & Pacific,1.28E+13,1.34E+13,1.42E+13,1.51E+13,1.56E+13,1.58E+13,1.69E+13,1.77E+13,1.85E+13,1.94E+13,2.02E+13
EAP,East Asia & Pacific (excluding high income),4.51E+12,4.94E+12,5.48E+12,6.15E+12,6.66E+12,7.17E+12,7.87E+12,8.54E+12,9.18E+12,9.85E+12,1.05E+13
TEA,East Asia & Pacific (IDA & IBRD countries),4.50E+12,4.93E+12,5.46E+12,6.14E+12,6.65E+12,7.16E+12,7.86E+12,8.53E+12,9.17E+12,9.83E+12,1.05E+13
ECU,Ecuador,55917517446,58876285669,61468918472,62815127109,66808366776,67186830557,69555367000,75028081292,79261137178,83181798259,86503004996
EGY,"Egypt, Arab Rep.",1.55E+11,1.62E+11,1.73E+11,1.86E+11,1.99E+11,2.08E+11,2.19E+11,2.23E+11,2.28E+11,2.33E+11,2.39E+11
SLV,El Salvador,19274802605,19961528067,20742412794,21538872737,21813256138,21129834509,21418330000,21893114521,22304937410,22716831094,23040654008
GNQ,Equatorial Guinea,10340911892,12072880265,13003085742,14990232118,17658359892,17895574580,16298542028,17361846463,18805114509,18027862927,17902653392
EST,Estonia,18185135023,19889757107,21932809903,23632206206,22351469215,19060348608,19490936349,20971721297,21875027648,22184606169,22810856962
ETH,Ethiopia,15972968199,17860775923,19795942248,22063798450,24444156129,26595865977,29933790334,33279878092,36157859262,39984181570,44085556182
EMU,Euro area,1.19E+13,1.21E+13,1.25E+13,1.29E+13,1.30E+13,1.24E+13,1.26E+13,1.28E+13,1.27E+13,1.27E+13,1.28E+13
ECS,Europe & Central Asia,1.91E+13,1.96E+13,2.04E+13,2.11E+13,2.13E+13,2.04E+13,2.09E+13,2.14E+13,2.14E+13,2.16E+13,2.20E+13
ECA,Europe & Central Asia (excluding high income),2.46E+12,2.63E+12,2.85E+12,3.06E+12,3.20E+12,3.00E+12,3.16E+12,3.34E+12,3.46E+12,3.58E+12,3.66E+12
TEC,Europe & Central Asia (IDA & IBRD countries),2.83E+12,3.01E+12,3.25E+12,3.50E+12,3.65E+12,3.47E+12,3.64E+12,3.85E+12,3.97E+12,4.10E+12,4.20E+12
EUU,European Union,1.59E+13,1.62E+13,1.68E+13,1.73E+13,1.74E+13,1.66E+13,1.70E+13,1.73E+13,1.72E+13,1.72E+13,1.75E+13
FJI,Fiji,3010663631,3031738288,3087900728,3061633391,3093253763,3050380107,3140508836,3225464090,3286214955,3486033051,3675898772
FIN,Finland,2.31E+11,2.38E+11,2.48E+11,2.60E+11,2.62E+11,2.41E+11,2.48E+11,2.54E+11,2.51E+11,2.49E+11,2.47E+11
FCS,Fragile and conflict affected situations,4.53E+11,4.83E+11,5.15E+11,5.43E+11,5.74E+11,6.00E+11,6.38E+11,6.04E+11,6.43E+11,6.79E+11,7.02E+11
FRA,France,2.51E+12,2.55E+12,2.61E+12,2.67E+12,2.67E+12,2.60E+12,2.65E+12,2.70E+12,2.71E+12,2.72E+12,2.75E+12
GAB,Gabon,13090708219,13601338190,13106978860,13848696553,13390522032,13407974049,14358584300,15376859682,16184310412,17096848844,17834556864
GMB,"Gambia, The",765218419.3,758012541.8,766533358.5,794366380.5,839920448.1,894092762.5,952429030.4,911201531.5,964618263.9,1010735774,1019604583
GEO,Georgia,8250406686,9042416093,9890890979,11111822549,11368955393,10953977000,11638536834,12479016474,13271494257,13721005574,14355373169
DEU,Germany,3.19E+12,3.21E+12,3.33E+12,3.44E+12,3.48E+12,3.28E+12,3.42E+12,3.54E+12,3.56E+12,3.58E+12,3.63E+12
GHA,Ghana,22161789893,23469336373,24971353346,26056812916,28440958948,29819138460,32174772956,36694042412,40103840659,43036444041,44751818870
GRC,Greece,3.03E+11,3.04E+11,3.22E+11,3.32E+11,3.31E+11,3.17E+11,2.99E+11,2.72E+11,2.52E+11,2.44E+11,2.45E+11
GRL,Greenland,1929233122,1982166035,2123041909,2135737274,2212620686,2245621522,2306502374,2340907879,2376469124,2306075639,2287263740
GRD,Grenada,712303113.6,806847560.8,774430775.5,822062785,829864579.7,774978091.9,771015888.9,776912813.8,767937177.5,786001370.8,843825685.9
GUM,Guam,4680386191,4845859455,4660328826,4698437820,4779670150,4794713174,4895000000,4901017210,5000301168,5093567916,5157751485
GTM,Guatemala,33460283473,34551125870,36409899313,38705199942,39975176494,40185315839,41338595381,43059085364,44337951141,45977203823,47896476508
GIN,Guinea,4133010005,4256887580,4363170508,4439861186,4659054145,4645999835,4735956493,4921073735,5115166394,5232815182,5253746370
GNB,Guinea-Bissau,690382259.6,719829998.4,736456272.7,760060047.1,784438039.8,810416099.1,846332456.4,925330348.6,908693015.2,916146773.3,939426750.9
GUY,Guyana,1862536418,1826088235,1919759428,2054532558,2095143415,2164673351,2259288396,2382128754,2496863007,2627239852,2728149909
HTI,Haiti,6266620799,6379733985,6523228359,6741318083,6798211055,7007816740,6622541529,6988353355,7189974062,7494401367,7705005174
HPC,Heavily indebted poor countries (HIPC),3.30E+11,3.50E+11,3.72E+11,3.96E+11,4.20E+11,4.38E+11,4.63E+11,4.85E+11,5.13E+11,5.42E+11,5.72E+11
HIC,High income,4.17E+13,4.29E+13,4.42E+13,4.53E+13,4.54E+13,4.39E+13,4.52E+13,4.60E+13,4.66E+13,4.72E+13,4.81E+13
HND,Honduras,12511401250,13268415997,14139785191,15014801359,15650167710,15269613869,15839344592,16446892853,17125933704,17604014377,18142359319
HKG,"Hong Kong SAR, China",1.76E+11,1.89E+11,2.02E+11,2.15E+11,2.20E+11,2.14E+11,2.29E+11,2.40E+11,2.44E+11,2.51E+11,2.58E+11
HUN,Hungary,1.26E+11,1.32E+11,1.37E+11,1.37E+11,1.38E+11,1.29E+11,1.30E+11,1.33E+11,1.30E+11,1.33E+11,1.39E+11
IBD,IBRD only,1.37E+13,1.46E+13,1.58E+13,1.72E+13,1.82E+13,1.86E+13,2.00E+13,2.12E+13,2.22E+13,2.33E+13,2.44E+13
ISL,Iceland,11874874483,12671012623,13304647025,14548640743,14769687773,13744089340,13254818331,13518208903,13682797877,14286419350,14561453492
IBT,IDA & IBRD total,1.47E+13,1.57E+13,1.70E+13,1.84E+13,1.95E+13,1.99E+13,2.14E+13,2.27E+13,2.38E+13,2.50E+13,2.61E+13
IDB,IDA blend,5.06E+11,5.31E+11,5.67E+11,6.01E+11,6.27E+11,6.60E+11,7.00E+11,7.34E+11,7.68E+11,8.09E+11,8.57E+11
IDX,IDA only,5.12E+11,5.47E+11,5.83E+11,6.25E+11,6.65E+11,6.97E+11,7.39E+11,7.70E+11,8.08E+11,8.56E+11,9.03E+11
IDA,IDA total,1.02E+12,1.08E+12,1.16E+12,1.23E+12,1.30E+12,1.36E+12,1.44E+12,1.51E+12,1.58E+12,1.67E+12,1.77E+12
IND,India,1.02E+12,1.11E+12,1.21E+12,1.33E+12,1.39E+12,1.50E+12,1.66E+12,1.77E+12,1.86E+12,1.98E+12,2.13E+12
IDN,Indonesia,5.40E+11,5.71E+11,6.03E+11,6.41E+11,6.79E+11,7.11E+11,7.55E+11,8.02E+11,8.50E+11,8.97E+11,9.42E+11
IRN,"Iran, Islamic Rep.",3.54E+11,3.69E+11,3.90E+11,4.25E+11,4.29E+11,4.39E+11,4.68E+11,4.85E+11,4.53E+11,4.45E+11,4.64E+11
IRQ,Iraq,99796330255,1.04E+11,1.15E+11,1.16E+11,1.26E+11,1.30E+11,1.39E+11,1.49E+11,1.70E+11,1.81E+11,1.82E+11
IRL,Ireland,2.05E+11,2.16E+11,2.29E+11,2.38E+11,2.27E+11,2.17E+11,2.21E+11,2.21E+11,2.19E+11,2.21E+11,2.40E+11
IMN,Isle of Man,3602846612,3815414672,4109201659,4415627500,4850507790,4953685422,5420118974,5681084811,6036126518,6307360485,6624692723
ISR,Israel,1.81E+11,1.89E+11,2.00E+11,2.12E+11,2.19E+11,2.22E+11,2.34E+11,2.46E+11,2.51E+11,2.62E+11,2.71E+11
ITA,Italy,2.14E+12,2.16E+12,2.20E+12,2.23E+12,2.21E+12,2.09E+12,2.13E+12,2.14E+12,2.08E+12,2.04E+12,2.04E+12
JAM,Jamaica,13399096795,13518857646,13910786275,14109982341,13995303046,13388911184,13192229343,13420329296,13336860996,13404030752,13497137976
JPN,Japan,5.58E+12,5.67E+12,5.75E+12,5.85E+12,5.78E+12,5.47E+12,5.70E+12,5.69E+12,5.78E+12,5.89E+12,5.91E+12
JOR,Jordan,18058165848,19529289369,21109859431,22835742225,24487316382,25828384110,26425379437,27109037782,27827531286,28614830798,29500840468
KAZ,Kazakhstan,99801702225,1.09E+11,1.21E+11,1.32E+11,1.36E+11,1.38E+11,1.48E+11,1.59E+11,1.67E+11,1.77E+11,1.84E+11
KEN,Kenya,29576212000,31323180082,33350571127,35635328632,35718103352,36899279533,39999659234,42444283792,44381101421,46990605387,49505467335
KIR,Kiribati,149908624.3,157331547.1,154844134.3,158254068.4,155330423.7,155780297.8,153275912.7,154006797,161996359.3,171363258.2,175490863.9
KOR,"Korea, Rep.",8.61E+11,8.95E+11,9.41E+11,9.92E+11,1.02E+12,1.03E+12,1.09E+12,1.13E+12,1.16E+12,1.19E+12,1.23E+12
XKX,Kosovo,4475033482,4745022534,4958692405,5319986849,5460690853,5643168878,5829933775,6099252132,6270547045,6486283004,6565320558
KWT,Kuwait,98960267620,1.09E+11,1.17E+11,1.24E+11,1.27E+11,1.18E+11,1.15E+11,1.27E+11,1.35E+11,1.36E+11,1.37E+11
KGZ,Kyrgyz Republic,3866169244,3859382253,3979134974,4319067497,4681938961,4817073517,4794357795,5079922900,5075444938,5629453576,5855984963
LAO,Lao PDR,4526436482,4848156050,5266031526,5666082926,6109448405,6567765473,7127792630,7700771123,8318856828,8986424447,9670607354
LTE,Late-demographic dividend,8.99E+12,9.64E+12,1.05E+13,1.15E+13,1.22E+13,1.26E+13,1.35E+13,1.44E+13,1.52E+13,1.60E+13,1.67E+13
LCN,Latin America & Caribbean,4.24E+12,4.43E+12,4.67E+12,4.94E+12,5.13E+12,5.04E+12,5.33E+12,5.57E+12,5.73E+12,5.89E+12,5.96E+12
LAC,Latin America & Caribbean (excluding high income),3.89E+12,4.06E+12,4.28E+12,4.54E+12,4.73E+12,4.65E+12,4.92E+12,5.14E+12,5.29E+12,5.44E+12,5.51E+12
TLA,Latin America & the Caribbean (IDA & IBRD countries),4.06E+12,4.24E+12,4.48E+12,4.74E+12,4.94E+12,4.85E+12,5.14E+12,5.38E+12,5.53E+12,5.69E+12,5.77E+12
LVA,Latvia,21958595917,24307514343,27197529029,29903517586,28824324886,24693152309,23757368290,25273444912,26285714443,26976123668,27547995580
LDC,Least developed countries: UN classification,4.29E+11,4.65E+11,5.05E+11,5.52E+11,5.93E+11,6.23E+11,6.60E+11,6.86E+11,7.16E+11,7.59E+11,8.01E+11
LBN,Lebanon,25637810945,26338308458,26748258706,29249087894,31918407960,35207296849,38009950249,38763515755,39616313101,39972859919,40692371398
LSO,Lesotho,1824780325,1888029452,1967894891,2062535217,2199886720,2247212553,2394097299,2552833666,2703478718,2761672832,2824569237
LBR,Liberia,866700939.8,912479873.1,985872107.8,1079873957,1157051893,1218376790,1292697100,1398698238,1510516487,1641989954,1653502630
LTU,Lithuania,32501016178,35012502276,37605683774,41775008782,42872888581,36521628848,37120517694,39366069029,40875719146,42309159363,43787871322
LMY,Low & middle income,1.41E+13,1.51E+13,1.63E+13,1.78E+13,1.88E+13,1.92E+13,2.07E+13,2.19E+13,2.30E+13,2.42E+13,2.53E+13
LIC,Low income,2.07E+11,2.20E+11,2.31E+11,2.45E+11,2.58E+11,2.72E+11,2.90E+11,3.07E+11,3.19E+11,3.37E+11,3.57E+11
LMC,Lower middle income,3.18E+12,3.39E+12,3.65E+12,3.94E+12,4.14E+12,4.34E+12,4.66E+12,4.91E+12,5.16E+12,5.45E+12,5.75E+12
LUX,Luxembourg,45708017660,47158078345,49600152814,53744023972,53056323196,50743806576,53212476812,54563666562,54371319074,56540838910,59722352797
MAC,"Macao SAR, China",15293163874,16525751210,18726051108,21431487901,22158760634,22451535668,28123640999,34218781819,37379685933,41566235637,41066963129
MKD,"Macedonia, FYR",7387459163,7736396749,8133817397,8660358997,9134228880,9101472088,9407168702,9627286317,9583368138,9863707082,10221724269
MDG,Madagascar,7255032154,7588974027,7970138368,8467521105,9071129494,8707027002,8729936136,8856903643,9125047118,9330835549,9640232447
MWI,Malawi,4712790834,4866839045,5095580480,5584756206,6011416880,6512054307,6959697194,7297524731,7435141417,7821768770,8267609590
MYS,Malaysia,1.94E+11,2.05E+11,2.16E+11,2.37E+11,2.45E+11,2.38E+11,2.55E+11,2.69E+11,2.83E+11,2.97E+11,3.14E+11
MDV,Maldives,1674797439,1538724511,1844747307,2032394746,2289934843,2168024404,2323401758,2525754692,2588809905,2710478629,2873034880
MLI,Mali,8004216841,8527273414,8924830837,9236630227,9677529939,10130347923,10678749467,11024767958,10932581179,11184422458,11972181171
MLT,Malta,7620794702,7909139073,8053774834,8374834437,8655099338,8441986755,8741059603,8863100959,9091901001,9502045873,10291251009
MHL,Marshall Islands,147624234.2,151684209.2,154601869.3,160097472.6,157478430.9,154786418.7,164751300,167514136.8,173711800,177809833.3,176121189.1
MRT,Mauritania,3112048382,3391181144,4031066483,4144655357,4189416274,4145759133,4343665120,4547994017,4811553826,5104589903,5389402735
MUS,Mauritius,7576632769,7670688144,8325631105,8802441343,9276625562,9584152842,10003670690,10411574172,10775575125,11137678209,11554736860
MEX,Mexico,9.27E+11,9.55E+11,1.00E+12,1.03E+12,1.05E+12,1.00E+12,1.05E+12,1.09E+12,1.14E+12,1.15E+12,1.18E+12
FSM,"Micronesia, Fed. Sts.",291901165,298207854.1,297720587.1,291588505.1,284124877,286858031.4,294117200,300148270.7,301841581.2,291091490.4,281185922.6
MEA,Middle East & North Africa,2.10E+12,2.22E+12,2.35E+12,2.48E+12,2.59E+12,2.61E+12,2.75E+12,2.85E+12,2.94E+12,3.02E+12,3.12E+12
MNA,Middle East & North Africa (excluding high income),1.02E+12,1.07E+12,1.13E+12,1.21E+12,1.25E+12,1.29E+12,1.36E+12,1.36E+12,1.36E+12,1.39E+12,1.43E+12
TMN,Middle East & North Africa (IDA & IBRD countries),1.02E+12,1.07E+12,1.13E+12,1.20E+12,1.25E+12,1.28E+12,1.35E+12,1.35E+12,1.35E+12,1.37E+12,1.42E+12
MIC,Middle income,1.40E+13,1.49E+13,1.62E+13,1.76E+13,1.86E+13,1.90E+13,2.04E+13,2.17E+13,2.27E+13,2.39E+13,2.50E+13
MDA,Moldova,4614800816,4960910882,5199034597,5355005646,5772696091,5426334311,5811604052,6206793144,6163345583,6742700074,7066349660
MNG,Mongolia,4897515746,5252765153,5702204073,6286566880,6846094463,6759244981,7189481853,8432599153,9471480167,10574804920,11408652169
MNE,Montenegro,3199264063,3333409014,3618956923,4004661781,4281888399,4039665505,4139192053,4272823969,4156442163,4303954881,4380724910
MAR,Morocco,70687304633,73014076005,78544623311,81318500634,86135221236,89790590993,93216746662,98106615022,1.01E+11,1.06E+11,1.08E+11
MOZ,Mozambique,6526530624,7095687684,7794687813,8373526085,8949306941,9517718743,10154238250,10876976985,11659922001,12492636703,13422568270
MMR,Myanmar,25777607411,29275358078,33103433579,37073010379,40874960812,45187272895,49540813342,52310879191,56146663570,60877582017,65742457738
NAM,Namibia,8829372914,9052690942,9693003647,10334398854,10608240991,10639638311,11282192605,11856607187,12456750940,13161100583,14011151013
NPL,Nepal,12444593149,12877563075,13310843466,13764950914,14605251496,15267319043,16002656434,16550239852,17341538638,18057549556,19139013429
NLD,Netherlands,7.69E+11,7.85E+11,8.13E+11,8.43E+11,8.57E+11,8.25E+11,8.36E+11,8.50E+11,8.41E+11,8.40E+11,8.52E+11
NZL,New Zealand,1.34E+11,1.38E+11,1.42E+11,1.46E+11,1.45E+11,1.44E+11,1.47E+11,1.50E+11,1.53E+11,1.57E+11,1.62E+11
NIC,Nicaragua,7372752320,7688482941,7981019308,8386163942,8674288797,8388673512,8758622329,9311876958,9916789194,10405398732,10903344941
NER,Niger,4252757656,4444131751,4701891392,4849839715,5314826498,5276949262,5718589799,5850769296,6541959480,6886614682,7372107103
NGA,Nigeria,2.52E+11,2.61E+11,2.82E+11,3.01E+11,3.20E+11,3.42E+11,3.69E+11,3.87E+11,4.04E+11,4.25E+11,4.52E+11
NAC,North America,1.54E+13,1.59E+13,1.64E+13,1.67E+13,1.66E+13,1.62E+13,1.66E+13,1.69E+13,1.72E+13,1.75E+13,1.80E+13
MNP,Northern Mariana Islands,1416589330,1237161290,1151908189,1074585608,955627791.6,788095533.5,799000000,737538461.5,741503722.1,758356079.4,780165012.4
NOR,Norway,3.99E+11,4.09E+11,4.19E+11,4.31E+11,4.33E+11,4.26E+11,4.29E+11,4.33E+11,4.45E+11,4.49E+11,4.58E+11
OED,OECD members,4.14E+13,4.25E+13,4.37E+13,4.48E+13,4.49E+13,4.33E+13,4.46E+13,4.54E+13,4.60E+13,4.66E+13,4.75E+13
OMN,Oman,43202600780,44278543563,46657217165,48734720416,52730819246,55953966190,58641621958,57992510294,63404125035,66176989896,67858918769
OSS,Other small states,2.08E+11,2.20E+11,2.44E+11,2.69E+11,2.89E+11,2.95E+11,3.20E+11,3.45E+11,3.58E+11,3.69E+11,3.81E+11
PSS,Pacific island small states,5839621464,5965902291,6110472990,6186850929,6307933567,6216353682,6402407316,6657472805,6799797712,7031598961,7297895486
PAK,Pakistan,1.39E+11,1.50E+11,1.59E+11,1.67E+11,1.70E+11,1.75E+11,1.77E+11,1.82E+11,1.89E+11,1.97E+11,2.06E+11
PLW,Palau,210608763.5,213256542.6,207409363.7,207299039.6,195715006,177952821.1,183800000,193067226.9,199245378.2,194391116.4,202665426.2
PAN,Panama,18997067621,20363199727,22125118619,24776589614,26910261836,27340384376,28917200000,32331762130,35315968353,37655354233,39934758615
PNG,Papua New Guinea,6841089094,7275142244,7442067921,7974306939,8501485047,9023602246,9716103409,10752746441,11622379449,12265958484,13312723336
PRY,Paraguay,15366214891,15694050960,16448482864,17340257506,18442944772,17711553670,20030528043,20900335112,20641386542,23538668873,24650243376
PER,Peru,99530031846,1.06E+11,1.14E+11,1.23E+11,1.35E+11,1.36E+11,1.48E+11,1.57E+11,1.66E+11,1.76E+11,1.80E+11
PHL,Philippines,1.50E+11,1.57E+11,1.65E+11,1.76E+11,1.83E+11,1.85E+11,2.00E+11,2.07E+11,2.21E+11,2.36E+11,2.51E+11
POL,Poland,3.67E+11,3.80E+11,4.03E+11,4.32E+11,4.50E+11,4.63E+11,4.79E+11,5.03E+11,5.11E+11,5.19E+11,5.36E+11
PRT,Portugal,2.29E+11,2.31E+11,2.35E+11,2.41E+11,2.41E+11,2.34E+11,2.38E+11,2.34E+11,2.25E+11,2.22E+11,2.24E+11
PST,Post-demographic dividend,3.95E+13,4.05E+13,4.17E+13,4.27E+13,4.28E+13,4.12E+13,4.24E+13,4.31E+13,4.35E+13,4.41E+13,4.49E+13
PRE,Pre-demographic dividend,6.87E+11,7.27E+11,7.88E+11,8.45E+11,9.03E+11,9.47E+11,1.01E+12,1.05E+12,1.11E+12,1.17E+12,1.22E+12
PRI,Puerto Rico,1.09E+11,1.10E+11,1.09E+11,1.05E+11,1.03E+11,1.01E+11,98381268000,96521406497,93845351394,93303542112,2.55E+12
QAT,Qatar,49633455959,53352370952,67314817504,79421829550,93450549191,1.05E+11,1.25E+11,1.42E+11,1.49E+11,1.55E+11,1.61E+11
ROU,Romania,1.40E+11,1.46E+11,1.57E+11,1.68E+11,1.82E+11,1.69E+11,1.68E+11,1.70E+11,1.71E+11,1.77E+11,1.82E+11
RUS,Russian Federation,1.20E+12,1.28E+12,1.39E+12,1.50E+12,1.58E+12,1.46E+12,1.52E+12,1.59E+12,1.65E+12,1.67E+12,1.68E+12
RWA,Rwanda,3539806407,3872143261,4229614835,4554969822,5063249716,5381622837,5774003744,6223635958,6773807053,7092180173,7632576654
WSM,Samoa,589432568.7,613932286.9,626019434.4,665600400.6,672316885.5,639990059.6,643056627.7,680215939.8,682951112.7,669743802.8,677754925.5
STP,Sao Tome and Principe,138444610.3,148265553.2,161780916.9,167044628.8,180719189.1,185103945.1,197454053.1,206138480.6,212615301.9,222852291.5,236686252.5
SAU,Saudi Arabia,4.37E+11,4.62E+11,4.74E+11,4.83E+11,5.13E+11,5.03E+11,5.28E+11,5.81E+11,6.12E+11,6.29E+11,6.52E+11
SEN,Senegal,10296875907,10875828758,11143544923,11693867227,12124496741,12418294627,12937300245,13165141375,13745879495,14224953272,14838198265
SRB,Serbia,32780256764,34596422952,36293152225,38430368885,40492805121,39231060777,39460357731,40013381123,39607137114,40625727368,39881747973
SYC,Seychelles,718339327.3,783031253.3,856684174.3,945962968.2,925654158.7,915423405.1,969936525.3,1046438131,1115610241,1183102676,1222346015
SLE,Sierra Leone,1892470594,1974461587,2083567040,2251467572,2373039542,2483374322,2616610911,2742474775,3158830962,3813207065,3986966231
SGP,Singapore,1.59E+11,1.71E+11,1.86E+11,2.03E+11,2.06E+11,2.05E+11,2.36E+11,2.51E+11,2.61E+11,2.74E+11,2.84E+11
SVK,Slovak Republic,66487670526,70976227122,76975767929,85288825295,90090397692,85205207757,89501012916,92024135539,93549112293,94943598803,97384458775
SVN,Slovenia,42373104165,44069302645,46561862055,49794021536,51437289128,47426581432,48013606745,48325391228,47025721590,46514588314,47959461757
SST,Small states,2.67E+11,2.82E+11,3.09E+11,3.36E+11,3.57E+11,3.61E+11,3.87E+11,4.13E+11,4.27E+11,4.39E+11,4.52E+11
SLB,Solomon Islands,508900364.6,536488836.8,573756838.5,615755846.4,659440615,628263103.8,671585343.2,758411086.6,793757683.6,817684610.8,830010603.6
ZAF,South Africa,3.06E+11,3.22E+11,3.40E+11,3.59E+11,3.70E+11,3.64E+11,3.75E+11,3.88E+11,3.96E+11,4.06E+11,4.13E+11
SAS,South Asia,1.30E+12,1.41E+12,1.54E+12,1.67E+12,1.74E+12,1.87E+12,2.04E+12,2.17E+12,2.29E+12,2.43E+12,2.60E+12
TSA,South Asia (IDA & IBRD),1.30E+12,1.41E+12,1.54E+12,1.67E+12,1.74E+12,1.87E+12,2.04E+12,2.17E+12,2.29E+12,2.43E+12,2.60E+12
ESP,Spain,1.31E+12,1.36E+12,1.41E+12,1.47E+12,1.48E+12,1.43E+12,1.43E+12,1.42E+12,1.38E+12,1.35E+12,1.37E+12
LKA,Sri Lanka,39187357999,41633334151,44825899741,47872638203,50721102373,52516077579,56725745039,61493395363,67116707720,69395796205,72838326796
KNA,St. Kitts and Nevis,632920302.3,688436504.7,700911176.6,699673794.6,743696676.6,721236727.8,705015370.4,721926790,717591255.7,762224674.6,807676563
LCA,St. Lucia,1133922100,1128376652,1205477847,1217054873,1267894316,1263352430,1241892815,1244853121,1226820320,1227587245,1232151107
VCT,St. Vincent and the Grenadines,621398173.3,636858590,685822566,674975780,719976499.1,704863751.4,681225963,678369231.8,687735089.1,700336363.2,708405051.9
SSF,Sub-Saharan Africa,9.84E+11,1.04E+12,1.11E+12,1.19E+12,1.26E+12,1.29E+12,1.36E+12,1.42E+12,1.47E+12,1.54E+12,1.62E+12
SSA,Sub-Saharan Africa (excluding high income),9.83E+11,1.04E+12,1.11E+12,1.19E+12,1.25E+12,1.29E+12,1.36E+12,1.42E+12,1.47E+12,1.54E+12,1.62E+12
TSS,Sub-Saharan Africa (IDA & IBRD countries),9.84E+11,1.04E+12,1.11E+12,1.19E+12,1.26E+12,1.29E+12,1.36E+12,1.42E+12,1.47E+12,1.54E+12,1.62E+12
SDN,Sudan,43197815736,46433219017,51106401195,56994834761,61441550872,63433392297,65634109237,64342607849,64678192683,67520612417,69329767682
SUR,Suriname,3392146050,3547191376,3683479343,3871759941,4032182695,4153700530,4368398048,4623921716,4748321396,4887610614,4905381997
SWZ,Swaziland,3559359527,3772877545,3998954659,4176323326,4210638666,4276537222,4438778554,4538528118,4753462998,5079411623,5295089295
SWE,Sweden,4.39E+11,4.51E+11,4.73E+11,4.89E+11,4.86E+11,4.61E+11,4.88E+11,5.01E+11,5.00E+11,5.06E+11,5.19E+11
CHE,Switzerland,5.05E+11,5.21E+11,5.42E+11,5.64E+11,5.77E+11,5.65E+11,5.81E+11,5.92E+11,5.98E+11,6.09E+11,6.21E+11
TJK,Tajikistan,3843363540,4100868784,4387929677,4730188250,5103873020,5297820245,5642178580,6059699760,6514177191,6996226341,7464921080
TZA,Tanzania,21616251926,23383020791,24472803075,26544274428,28021886853,29530121807,31407908612,33890549127,35632866873,38220903385,40883040261
THA,Thailand,2.72E+11,2.84E+11,2.98E+11,3.14E+11,3.19E+11,3.17E+11,3.41E+11,3.44E+11,3.69E+11,3.79E+11,3.82E+11
TLS,Timor-Leste,593000000,630000000,594000000,662000000,756000000,854000000,943000000,1019000000,1078000000,1109000000,1174000000
TGO,Togo,2677447378,2709052153,2818834122,2883398218,2947567675,3051036045,3172945645,3327904820,3488321264,3626730618,3839682315
TON,Tonga,350248899.1,355790426.4,352900617.9,338199569.7,348665521.6,356684132.7,369435481.4,379751592.1,383129242,371151991.2,378815109.1
TTO,Trinidad and Tobago,17224244593,18293696733,20709938764,21694528593,22430064526,21445251800,22157948396,22092725493,22378600711,22972510518,22840206029
TUN,Tunisia,34090950398,35279543594,37129671720,39620931745,41299978413,42556922174,44050929160,43206394579,44933641959,46225373760,47530389828
TUR,Turkey,6.04E+11,6.58E+11,7.05E+11,7.40E+11,7.47E+11,7.11E+11,7.72E+11,8.58E+11,8.99E+11,9.75E+11,1.03E+12
TKM,Turkmenistan,12198334458,13789041601,15301298963,16993515438,19491562208,20680547525,22583157895,25902882089,28778101991,31713468423,34979955661
TUV,Tuvalu,30332202.59,29185727.24,29809991.95,31703094.83,34234035.6,32716491.68,31823518.62,34513663.73,34573875.63,35022709.4,35805770.23
UGA,Uganda,12887691241,13703812681,15181733849,16458885970,17892249514,19097649548,20179411063,22084132072,22935098164,23754849080,25001223021
UKR,Ukraine,1.26E+11,1.29E+11,1.39E+11,1.50E+11,1.53E+11,1.31E+11,1.36E+11,1.43E+11,1.44E+11,1.44E+11,1.34E+11
ARE,United Arab Emirates,2.45E+11,2.57E+11,2.83E+11,2.92E+11,3.01E+11,2.85E+11,2.90E+11,3.08E+11,3.24E+11,3.43E+11,3.54E+11
GBR,United Kingdom,2.32E+12,2.39E+12,2.45E+12,2.51E+12,2.49E+12,2.38E+12,2.43E+12,2.47E+12,2.50E+12,2.55E+12,2.62E+12
USA,United States,1.39E+13,1.44E+13,1.48E+13,1.51E+13,1.50E+13,1.46E+13,1.50E+13,1.52E+13,1.55E+13,1.58E+13,1.62E+13
UMC,Upper middle income,1.08E+13,1.16E+13,1.25E+13,1.36E+13,1.44E+13,1.47E+13,1.58E+13,1.68E+13,1.76E+13,1.85E+13,1.92E+13
URY,Uruguay,28063845214,30157445141,31393471361,33447078695,35847289448,37368467088,40284481662,42364020194,43862934936,45897095494,47383606591
UZB,Uzbekistan,24378547961,26085046320,27989254700,30766111720,33535061775,36251401778,39332770929,42597390916,46090376971,49777607129,53656538301
VUT,Vanuatu,521973121.1,549652584.8,596181554.8,627025086.6,667458933.2,689570618.2,700804286.2,709376703.2,721824490.4,736038269,753195366.8
VEN,"Venezuela, RB",2.97E+11,3.28E+11,3.60E+11,3.92E+11,4.12E+11,3.99E+11,3.93E+11,4.10E+11,4.33E+11,4.38E+11,2.55E+12
VNM,Vietnam,79362145321,85351803030,91307613277,97817393660,1.03E+11,1.09E+11,1.16E+11,1.23E+11,1.30E+11,1.37E+11,1.45E+11
VIR,Virgin Islands (U.S.),4084246168,4232596793,4386062957,4563060599,4606031125,4300121905,4339000000,3985004716,3386486678,3190049988,3159356755
PSE,West Bank and Gaza,6302630142,6983236165,6710848171,7153132898,7587992831,8245305385,8913100000,10019539737,10649191297,10885328831,10865529383
WLD,World,5.59E+13,5.81E+13,6.06E+13,6.31E+13,6.43E+13,6.32E+13,6.59E+13,6.80E+13,6.96E+13,7.15E+13,7.35E+13
YEM,"Yemen, Rep.",23678154701,25002177461,25794848835,26655991280,27628287079,28696460069,30906749533,26976988196,27622544883,28954923602,28900288489
ZMB,Zambia,12449702237,13350512768,14405696504,15608923120,16822344541,18373423318,20265556274,21393258427,23018636259,24183235705,25318838465
ZWE,Zimbabwe,11092878423,10459354836,10097304786,9728417220,8009508377,8707074504,10052045200,11693792187,13285220264,13985398475,14372132601