Country Name, Year,unemployment rate
Afghanistan,2004,8.5
Afghanistan,2005,8.5
Afghanistan,2006,8.800000191
Afghanistan,2007,8.399999618999999
Afghanistan,2008,8.899999618999999
Afghanistan,2009,8.100000381000001
Afghanistan,2010,8.699999809
Afghanistan,2011,8.899999618999999
Afghanistan,2012,8.5
Afghanistan,2013,9.199999809
Afghanistan,2014,9.100000381000001
Albania,2004,12.60000038
Albania,2005,12.5
Albania,2006,12.39999962
Albania,2007,13.5
Albania,2008,13.0
Albania,2009,13.80000019
Albania,2010,14.19999981
Albania,2011,14.0
Albania,2012,13.89999962
Albania,2013,16.0
Albania,2014,16.10000038
Angola,2004,6.900000095
Angola,2005,6.8000001910000005
Angola,2006,6.8000001910000005
Angola,2007,6.6999998089999995
Angola,2008,6.8000001910000005
Angola,2009,6.900000095
Angola,2010,6.900000095
Angola,2011,6.900000095
Angola,2012,6.900000095
Angola,2013,6.900000095
Angola,2014,6.8000001910000005
Arab World,2004,13.2736272
Arab World,2005,12.21995647
Arab World,2006,11.3989498
Arab World,2007,10.96983093
Arab World,2008,10.57001615
Arab World,2009,10.38122219
Arab World,2010,10.40438864
Arab World,2011,11.39960562
Arab World,2012,11.50566864
Arab World,2013,11.4136812
Arab World,2014,8.410880994
Argentina,2004,12.60000038
Argentina,2005,10.60000038
Argentina,2006,10.10000038
Argentina,2007,8.5
Argentina,2008,7.8000001910000005
Argentina,2009,8.600000381000001
Argentina,2010,7.6999998089999995
Argentina,2011,7.1999998089999995
Argentina,2012,7.1999998089999995
Argentina,2013,7.099999905
Argentina,2014,8.199999809
Armenia,2004,33.59999847
Armenia,2005,27.79999924
Armenia,2006,28.60000038
Armenia,2007,28.39999962
Armenia,2008,16.39999962
Armenia,2009,18.70000076
Armenia,2010,19.0
Armenia,2011,18.39999962
Armenia,2012,17.29999924
Armenia,2013,16.20000076
Armenia,2014,17.10000038
Australia,2004,5.400000095
Australia,2005,5.0
Australia,2006,4.8000001910000005
Australia,2007,4.400000095
Australia,2008,4.1999998089999995
Australia,2009,5.599999905
Australia,2010,5.1999998089999995
Australia,2011,5.099999905
Australia,2012,5.1999998089999995
Australia,2013,5.6999998089999995
Australia,2014,6.0
Austria,2004,4.900000095
Austria,2005,5.1999998089999995
Austria,2006,4.6999998089999995
Austria,2007,4.400000095
Austria,2008,3.799999952
Austria,2009,4.8000001910000005
Austria,2010,4.400000095
Austria,2011,4.099999905
Austria,2012,4.3000001910000005
Austria,2013,4.900000095
Austria,2014,5.0
Bangladesh,2004,4.5
Bangladesh,2005,4.3000001910000005
Bangladesh,2006,4.1999998089999995
Bangladesh,2007,4.3000001910000005
Bangladesh,2008,4.400000095
Bangladesh,2009,5.0
Bangladesh,2010,4.5
Bangladesh,2011,4.5
Bangladesh,2012,4.5
Bangladesh,2013,4.5
Bangladesh,2014,4.3000001910000005
Belize,2004,10.5
Belize,2005,11.0
Belize,2006,9.399999618999999
Belize,2007,8.5
Belize,2008,8.199999809
Belize,2009,11.19999981
Belize,2010,10.80000019
Belize,2011,12.30000019
Belize,2012,14.39999962
Belize,2013,11.69999981
Belize,2014,11.5
Benin,2004,1.299999952
Benin,2005,1.299999952
Benin,2006,1.100000024
Benin,2007,1.100000024
Benin,2008,1.100000024
Benin,2009,1.200000048
Benin,2010,1.0
Benin,2011,1.0
Benin,2012,1.0
Benin,2013,1.0
Benin,2014,1.0
Bhutan,2004,2.5
Bhutan,2005,3.099999905
Bhutan,2006,3.099999905
Bhutan,2007,3.700000048
Bhutan,2008,3.799999952
Bhutan,2009,4.0
Bhutan,2010,3.299999952
Bhutan,2011,3.099999905
Bhutan,2012,2.099999905
Bhutan,2013,2.900000095
Bhutan,2014,2.799999952
Bolivia,2004,4.3000001910000005
Bolivia,2005,5.400000095
Bolivia,2006,5.3000001910000005
Bolivia,2007,5.1999998089999995
Bolivia,2008,2.900000095
Bolivia,2009,3.400000095
Bolivia,2010,3.299999952
Bolivia,2011,2.700000048
Bolivia,2012,2.700000048
Bolivia,2013,2.599999905
Bolivia,2014,2.700000048
Botswana,2004,22.89999962
Botswana,2005,22.0
Botswana,2006,17.60000038
Botswana,2007,18.5
Botswana,2008,21.89999962
Botswana,2009,18.39999962
Botswana,2010,17.89999962
Botswana,2011,17.79999924
Botswana,2012,17.70000076
Botswana,2013,17.60000038
Botswana,2014,18.20000076
Brazil,2004,8.899999618999999
Brazil,2005,9.300000191
Brazil,2006,8.399999618999999
Brazil,2007,8.100000381000001
Brazil,2008,7.099999905
Brazil,2009,8.300000191
Brazil,2010,7.900000095
Brazil,2011,6.6999998089999995
Brazil,2012,6.099999905
Brazil,2013,6.5
Brazil,2014,6.8000001910000005
Bulgaria,2004,12.0
Bulgaria,2005,10.10000038
Bulgaria,2006,8.899999618999999
Bulgaria,2007,6.900000095
Bulgaria,2008,5.599999905
Bulgaria,2009,6.8000001910000005
Bulgaria,2010,10.19999981
Bulgaria,2011,11.30000019
Bulgaria,2012,12.30000019
Bulgaria,2013,12.89999962
Bulgaria,2014,11.60000038
Burkina Faso,2004,2.799999952
Burkina Faso,2005,2.700000048
Burkina Faso,2006,2.299999952
Burkina Faso,2007,3.299999952
Burkina Faso,2008,3.299999952
Burkina Faso,2009,3.299999952
Burkina Faso,2010,3.299999952
Burkina Faso,2011,3.299999952
Burkina Faso,2012,3.299999952
Burkina Faso,2013,3.299999952
Burkina Faso,2014,3.099999905
Burundi,2004,7.3000001910000005
Burundi,2005,7.3000001910000005
Burundi,2006,7.1999998089999995
Burundi,2007,7.1999998089999995
Burundi,2008,7.1999998089999995
Burundi,2009,7.099999905
Burundi,2010,7.099999905
Burundi,2011,7.099999905
Burundi,2012,7.0
Burundi,2013,7.0
Burundi,2014,6.900000095
Cabo Verde,2004,9.600000381000001
Cabo Verde,2005,9.600000381000001
Cabo Verde,2006,9.5
Cabo Verde,2007,9.399999618999999
Cabo Verde,2008,9.399999618999999
Cabo Verde,2009,9.399999618999999
Cabo Verde,2010,9.300000191
Cabo Verde,2011,9.199999809
Cabo Verde,2012,9.100000381000001
Cabo Verde,2013,9.0
Cabo Verde,2014,9.199999809
Cameroon,2004,5.099999905
Cameroon,2005,4.400000095
Cameroon,2006,4.099999905
Cameroon,2007,4.099999905
Cameroon,2008,4.1999998089999995
Cameroon,2009,4.5
Cameroon,2010,4.099999905
Cameroon,2011,4.099999905
Cameroon,2012,4.099999905
Cameroon,2013,4.099999905
Cameroon,2014,4.3000001910000005
Chad,2004,6.6999998089999995
Chad,2005,7.0
Chad,2006,7.099999905
Chad,2007,7.099999905
Chad,2008,7.099999905
Chad,2009,7.0
Chad,2010,6.900000095
Chad,2011,7.099999905
Chad,2012,7.0
Chad,2013,7.099999905
Chad,2014,7.0
Chile,2004,8.800000191
Chile,2005,8.0
Chile,2006,7.6999998089999995
Chile,2007,7.099999905
Chile,2008,7.8000001910000005
Chile,2009,9.699999809
Chile,2010,8.100000381000001
Chile,2011,7.099999905
Chile,2012,6.400000095
Chile,2013,6.0
Chile,2014,6.400000095
Comoros,2004,6.6999998089999995
Comoros,2005,6.599999905
Comoros,2006,6.599999905
Comoros,2007,6.599999905
Comoros,2008,6.599999905
Comoros,2009,6.5
Comoros,2010,6.5
Comoros,2011,6.5
Comoros,2012,6.5
Comoros,2013,6.5
Comoros,2014,6.5
"Congo, Dem. Rep.",2004,8.199999809
"Congo, Dem. Rep.",2005,8.199999809
"Congo, Dem. Rep.",2006,8.199999809
"Congo, Dem. Rep.",2007,8.199999809
"Congo, Dem. Rep.",2008,8.199999809
"Congo, Dem. Rep.",2009,8.199999809
"Congo, Dem. Rep.",2010,8.199999809
"Congo, Dem. Rep.",2011,8.199999809
"Congo, Dem. Rep.",2012,8.199999809
"Congo, Dem. Rep.",2013,8.199999809
"Congo, Dem. Rep.",2014,8.0
"Congo, Rep.",2004,6.599999905
"Congo, Rep.",2005,6.599999905
"Congo, Rep.",2006,6.599999905
"Congo, Rep.",2007,6.599999905
"Congo, Rep.",2008,6.599999905
"Congo, Rep.",2009,6.5
"Congo, Rep.",2010,6.5
"Congo, Rep.",2011,6.599999905
"Congo, Rep.",2012,6.599999905
"Congo, Rep.",2013,6.599999905
"Congo, Rep.",2014,6.5
Costa Rica,2004,6.400000095
Costa Rica,2005,6.599999905
Costa Rica,2006,5.900000095
Costa Rica,2007,4.599999905
Costa Rica,2008,4.900000095
Costa Rica,2009,7.8000001910000005
Costa Rica,2010,7.3000001910000005
Costa Rica,2011,7.6999998089999995
Costa Rica,2012,7.8000001910000005
Costa Rica,2013,8.5
Costa Rica,2014,8.300000191
Cote d'Ivoire,2004,4.099999905
Cote d'Ivoire,2005,4.099999905
Cote d'Ivoire,2006,4.099999905
Cote d'Ivoire,2007,4.099999905
Cote d'Ivoire,2008,4.099999905
Cote d'Ivoire,2009,4.099999905
Cote d'Ivoire,2010,4.099999905
Cote d'Ivoire,2011,4.099999905
Cote d'Ivoire,2012,4.099999905
Cote d'Ivoire,2013,4.099999905
Cote d'Ivoire,2014,4.0
Croatia,2004,13.69999981
Croatia,2005,12.60000038
Croatia,2006,11.10000038
Croatia,2007,9.600000381000001
Croatia,2008,8.399999618999999
Croatia,2009,9.100000381000001
Croatia,2010,11.80000019
Croatia,2011,13.39999962
Croatia,2012,15.80000019
Croatia,2013,17.29999924
Croatia,2014,16.70000076
Denmark,2004,5.5
Denmark,2005,4.8000001910000005
Denmark,2006,3.900000095
Denmark,2007,3.799999952
Denmark,2008,3.400000095
Denmark,2009,6.0
Denmark,2010,7.5
Denmark,2011,7.599999905
Denmark,2012,7.5
Denmark,2013,7.0
Denmark,2014,6.599999905
Dominican Republic,2004,18.39999962
Dominican Republic,2005,18.0
Dominican Republic,2006,16.39999962
Dominican Republic,2007,15.69999981
Dominican Republic,2008,14.19999981
Dominican Republic,2009,14.89999962
Dominican Republic,2010,12.39999962
Dominican Republic,2011,14.69999981
Dominican Republic,2012,14.69999981
Dominican Republic,2013,15.0
Dominican Republic,2014,15.0
East Asia & Pacific,2004,4.84671157
East Asia & Pacific,2005,4.671182798999999
East Asia & Pacific,2006,4.508543592
East Asia & Pacific,2007,4.221889295
East Asia & Pacific,2008,4.558680811
East Asia & Pacific,2009,4.633815167
East Asia & Pacific,2010,4.39523548
East Asia & Pacific,2011,4.324924923999999
East Asia & Pacific,2012,4.3812896519999995
East Asia & Pacific,2013,4.4729383160000005
East Asia & Pacific,2014,4.522146493
East Asia & Pacific (excluding high income),2004,4.8735167630000005
East Asia & Pacific (excluding high income),2005,4.707424902
East Asia & Pacific (excluding high income),2006,4.5591976260000004
East Asia & Pacific (excluding high income),2007,4.268597641
East Asia & Pacific (excluding high income),2008,4.6357070910000004
East Asia & Pacific (excluding high income),2009,4.6209592630000005
East Asia & Pacific (excluding high income),2010,4.365480023
East Asia & Pacific (excluding high income),2011,4.330221796
East Asia & Pacific (excluding high income),2012,4.407660581
East Asia & Pacific (excluding high income),2013,4.524287519
East Asia & Pacific (excluding high income),2014,4.58378611
Ecuador,2004,6.6999998089999995
Ecuador,2005,6.599999905
Ecuador,2006,6.3000001910000005
Ecuador,2007,5.0
Ecuador,2008,6.0
Ecuador,2009,6.5
Ecuador,2010,5.0
Ecuador,2011,4.1999998089999995
Ecuador,2012,4.099999905
Ecuador,2013,4.1999998089999995
Ecuador,2014,4.599999905
"Egypt, Arab Rep.",2004,10.69999981
"Egypt, Arab Rep.",2005,11.19999981
"Egypt, Arab Rep.",2006,10.60000038
"Egypt, Arab Rep.",2007,8.899999618999999
"Egypt, Arab Rep.",2008,8.699999809
"Egypt, Arab Rep.",2009,9.399999618999999
"Egypt, Arab Rep.",2010,9.0
"Egypt, Arab Rep.",2011,12.0
"Egypt, Arab Rep.",2012,12.69999981
"Egypt, Arab Rep.",2013,13.19999981
"Egypt, Arab Rep.",2014,13.19999981
Equatorial Guinea,2004,6.5
Equatorial Guinea,2005,6.8000001910000005
Equatorial Guinea,2006,6.900000095
Equatorial Guinea,2007,6.8000001910000005
Equatorial Guinea,2008,6.8000001910000005
Equatorial Guinea,2009,7.0
Equatorial Guinea,2010,7.0
Equatorial Guinea,2011,6.900000095
Equatorial Guinea,2012,6.900000095
Equatorial Guinea,2013,7.0
Equatorial Guinea,2014,7.900000095
Estonia,2004,10.0
Estonia,2005,7.900000095
Estonia,2006,5.900000095
Estonia,2007,4.6999998089999995
Estonia,2008,5.5
Estonia,2009,13.80000019
Estonia,2010,16.89999962
Estonia,2011,12.5
Estonia,2012,10.10000038
Estonia,2013,8.600000381000001
Estonia,2014,7.6999998089999995
Euro area,2004,9.188182269
Euro area,2005,8.997914971
Euro area,2006,8.324179525
Euro area,2007,7.43056566
Euro area,2008,7.498369236
Euro area,2009,9.55113339
Euro area,2010,10.1840342
Euro area,2011,10.17494671
Euro area,2012,11.39979907
Euro area,2013,12.00993222
Euro area,2014,11.52574587
Europe & Central Asia,2004,9.22802651
Europe & Central Asia,2005,8.848717107999999
Europe & Central Asia,2006,8.392794892000001
Europe & Central Asia,2007,7.51180766
Europe & Central Asia,2008,7.365459672
Europe & Central Asia,2009,9.250267252
Europe & Central Asia,2010,9.329338247
Europe & Central Asia,2011,9.032372465
Europe & Central Asia,2012,9.295200017
Europe & Central Asia,2013,9.441505606
Europe & Central Asia,2014,9.0076516
Europe & Central Asia (excluding high income),2004,9.44844968
Europe & Central Asia (excluding high income),2005,8.832722709
Europe & Central Asia (excluding high income),2006,8.740835602999999
Europe & Central Asia (excluding high income),2007,8.045015512
Europe & Central Asia (excluding high income),2008,7.92863742
Europe & Central Asia (excluding high income),2009,9.675103776
Europe & Central Asia (excluding high income),2010,9.040442145
Europe & Central Asia (excluding high income),2011,8.447494925
Europe & Central Asia (excluding high income),2012,7.88744329
Europe & Central Asia (excluding high income),2013,7.758629475
Europe & Central Asia (excluding high income),2014,7.61617233
European Union,2004,9.173157858
European Union,2005,8.934755309
European Union,2006,8.220849953
European Union,2007,7.174904901000001
European Union,2008,6.970525498
European Union,2009,8.951764212
European Union,2010,9.628883161000001
European Union,2011,9.604512428
European Union,2012,10.50041069
European Union,2013,10.92005362
European Union,2014,8.410880994
Fiji,2004,4.6999998089999995
Fiji,2005,4.599999905
Fiji,2006,6.5
Fiji,2007,8.600000381000001
Fiji,2008,9.0
Fiji,2009,8.699999809
Fiji,2010,8.5
Fiji,2011,8.5
Fiji,2012,8.5
Fiji,2013,8.300000191
Fiji,2014,7.900000095
Finland,2004,8.800000191
Finland,2005,8.399999618999999
Finland,2006,7.599999905
Finland,2007,6.8000001910000005
Finland,2008,6.3000001910000005
Finland,2009,8.199999809
Finland,2010,8.399999618999999
Finland,2011,7.6999998089999995
Finland,2012,7.599999905
Finland,2013,8.199999809
Finland,2014,8.600000381000001
France,2004,9.199999809
France,2005,8.899999618999999
France,2006,8.800000191
France,2007,8.0
France,2008,7.400000095
France,2009,9.100000381000001
France,2010,9.300000191
France,2011,9.199999809
France,2012,9.899999618999999
France,2013,10.39999962
France,2014,9.899999618999999
"Gambia, The",2004,7.099999905
"Gambia, The",2005,7.1999998089999995
"Gambia, The",2006,7.099999905
"Gambia, The",2007,7.099999905
"Gambia, The",2008,7.099999905
"Gambia, The",2009,7.0
"Gambia, The",2010,7.0
"Gambia, The",2011,7.1999998089999995
"Gambia, The",2012,7.0
"Gambia, The",2013,7.0
"Gambia, The",2014,7.0
Germany,2004,10.30000019
Germany,2005,11.10000038
Germany,2006,10.30000019
Germany,2007,8.600000381000001
Germany,2008,7.5
Germany,2009,7.6999998089999995
Germany,2010,7.099999905
Germany,2011,5.900000095
Germany,2012,5.400000095
Germany,2013,5.3000001910000005
Germany,2014,5.0
Ghana,2004,6.900000095
Ghana,2005,3.799999952
Ghana,2006,3.599999905
Ghana,2007,2.799999952
Ghana,2008,4.3000001910000005
Ghana,2009,2.200000048
Ghana,2010,5.3000001910000005
Ghana,2011,4.599999905
Ghana,2012,3.599999905
Ghana,2013,1.7999999519999998
Ghana,2014,2.400000095
Greece,2004,10.5
Greece,2005,9.800000191
Greece,2006,8.899999618999999
Greece,2007,8.300000191
Greece,2008,7.6999998089999995
Greece,2009,9.5
Greece,2010,12.5
Greece,2011,17.70000076
Greece,2012,24.20000076
Greece,2013,27.20000076
Greece,2014,26.29999924
Guatemala,2004,3.099999905
Guatemala,2005,2.400000095
Guatemala,2006,1.7999999519999998
Guatemala,2007,2.5
Guatemala,2008,2.799999952
Guatemala,2009,3.200000048
Guatemala,2010,3.700000048
Guatemala,2011,4.099999905
Guatemala,2012,2.900000095
Guatemala,2013,3.0
Guatemala,2014,2.900000095
Guinea,2004,2.0
Guinea,2005,2.0
Guinea,2006,2.0
Guinea,2007,2.0
Guinea,2008,2.0
Guinea,2009,1.600000024
Guinea,2010,1.600000024
Guinea,2011,1.7000000480000002
Guinea,2012,1.7000000480000002
Guinea,2013,1.7000000480000002
Guinea,2014,1.7999999519999998
Guinea-Bissau,2004,6.900000095
Guinea-Bissau,2005,6.8000001910000005
Guinea-Bissau,2006,6.900000095
Guinea-Bissau,2007,6.8000001910000005
Guinea-Bissau,2008,6.8000001910000005
Guinea-Bissau,2009,6.8000001910000005
Guinea-Bissau,2010,6.8000001910000005
Guinea-Bissau,2011,6.8000001910000005
Guinea-Bissau,2012,6.900000095
Guinea-Bissau,2013,6.8000001910000005
Guinea-Bissau,2014,6.900000095
Heavily indebted poor countries (HIPC),2004,6.946991166
Heavily indebted poor countries (HIPC),2005,6.67704849
Heavily indebted poor countries (HIPC),2006,6.904619257
Heavily indebted poor countries (HIPC),2007,6.615418755
Heavily indebted poor countries (HIPC),2008,6.753212284
Heavily indebted poor countries (HIPC),2009,6.671792644
Heavily indebted poor countries (HIPC),2010,6.774378446
Heavily indebted poor countries (HIPC),2011,6.788831429
Heavily indebted poor countries (HIPC),2012,6.75806981
Heavily indebted poor countries (HIPC),2013,6.561658247
Heavily indebted poor countries (HIPC),2014,6.5964140129999995
High income,2004,6.998432354
High income,2005,6.716492641
High income,2006,6.180468648
High income,2007,5.651285549
High income,2008,5.920638416
High income,2009,8.062505602
High income,2010,8.354811267999999
High income,2011,8.016235102000001
High income,2012,8.127371897
High income,2013,8.004738166000001
High income,2014,7.3691416279999995
Honduras,2004,6.0
Honduras,2005,4.1999998089999995
Honduras,2006,3.099999905
Honduras,2007,2.900000095
Honduras,2008,3.099999905
Honduras,2009,3.299999952
Honduras,2010,4.8000001910000005
Honduras,2011,4.400000095
Honduras,2012,4.0
Honduras,2013,3.900000095
Honduras,2014,3.900000095
Hungary,2004,6.099999905
Hungary,2005,7.1999998089999995
Hungary,2006,7.5
Hungary,2007,7.400000095
Hungary,2008,7.8000001910000005
Hungary,2009,10.0
Hungary,2010,11.19999981
Hungary,2011,10.89999962
Hungary,2012,10.89999962
Hungary,2013,10.19999981
Hungary,2014,7.8000001910000005
Iceland,2004,3.099999905
Iceland,2005,2.599999905
Iceland,2006,3.0
Iceland,2007,2.299999952
Iceland,2008,3.0
Iceland,2009,7.1999998089999995
Iceland,2010,7.599999905
Iceland,2011,7.099999905
Iceland,2012,6.0
Iceland,2013,5.599999905
Iceland,2014,5.0
India,2004,3.900000095
India,2005,4.400000095
India,2006,4.3000001910000005
India,2007,3.700000048
India,2008,4.099999905
India,2009,3.900000095
India,2010,3.5
India,2011,3.5
India,2012,3.599999905
India,2013,3.599999905
India,2014,3.599999905
Indonesia,2004,9.899999618999999
Indonesia,2005,11.19999981
Indonesia,2006,10.30000019
Indonesia,2007,9.100000381000001
Indonesia,2008,8.399999618999999
Indonesia,2009,7.900000095
Indonesia,2010,7.099999905
Indonesia,2011,6.599999905
Indonesia,2012,6.099999905
Indonesia,2013,6.3000001910000005
Indonesia,2014,6.1999998089999995
"Iran, Islamic Rep.",2004,10.30000019
"Iran, Islamic Rep.",2005,12.10000038
"Iran, Islamic Rep.",2006,11.60000038
"Iran, Islamic Rep.",2007,10.60000038
"Iran, Islamic Rep.",2008,10.5
"Iran, Islamic Rep.",2009,12.0
"Iran, Islamic Rep.",2010,13.5
"Iran, Islamic Rep.",2011,13.30000019
"Iran, Islamic Rep.",2012,13.10000038
"Iran, Islamic Rep.",2013,12.89999962
"Iran, Islamic Rep.",2014,12.80000019
Ireland,2004,4.5
Ireland,2005,4.3000001910000005
Ireland,2006,4.400000095
Ireland,2007,4.599999905
Ireland,2008,6.0
Ireland,2009,12.0
Ireland,2010,13.89999962
Ireland,2011,14.60000038
Ireland,2012,14.69999981
Ireland,2013,13.10000038
Ireland,2014,11.60000038
Israel,2004,10.39999962
Israel,2005,9.0
Israel,2006,8.399999618999999
Israel,2007,7.3000001910000005
Israel,2008,6.099999905
Israel,2009,7.5
Israel,2010,6.599999905
Israel,2011,5.599999905
Israel,2012,6.900000095
Israel,2013,6.3000001910000005
Israel,2014,6.099999905
Italy,2004,7.900000095
Italy,2005,7.6999998089999995
Italy,2006,6.8000001910000005
Italy,2007,6.099999905
Italy,2008,6.6999998089999995
Italy,2009,7.8000001910000005
Italy,2010,8.399999618999999
Italy,2011,8.399999618999999
Italy,2012,10.69999981
Italy,2013,12.19999981
Italy,2014,12.5
Jamaica,2004,11.39999962
Jamaica,2005,10.89999962
Jamaica,2006,9.600000381000001
Jamaica,2007,9.399999618999999
Jamaica,2008,10.60000038
Jamaica,2009,11.39999962
Jamaica,2010,12.39999962
Jamaica,2011,12.69999981
Jamaica,2012,13.69999981
Jamaica,2013,15.0
Jamaica,2014,13.19999981
Japan,2004,4.6999998089999995
Japan,2005,4.400000095
Japan,2006,4.099999905
Japan,2007,3.900000095
Japan,2008,4.0
Japan,2009,5.0
Japan,2010,5.0
Japan,2011,4.5
Japan,2012,4.3000001910000005
Japan,2013,4.0
Japan,2014,3.700000048
Jordan,2004,12.39999962
Jordan,2005,14.89999962
Jordan,2006,14.0
Jordan,2007,13.10000038
Jordan,2008,12.69999981
Jordan,2009,12.89999962
Jordan,2010,12.5
Jordan,2011,12.89999962
Jordan,2012,12.19999981
Jordan,2013,12.60000038
Jordan,2014,11.10000038
Kazakhstan,2004,8.399999618999999
Kazakhstan,2005,8.100000381000001
Kazakhstan,2006,7.8000001910000005
Kazakhstan,2007,7.3000001910000005
Kazakhstan,2008,6.599999905
Kazakhstan,2009,6.599999905
Kazakhstan,2010,5.8000001910000005
Kazakhstan,2011,5.400000095
Kazakhstan,2012,5.3000001910000005
Kazakhstan,2013,5.1999998089999995
Kazakhstan,2014,4.099999905
Kenya,2004,9.600000381000001
Kenya,2005,9.5
Kenya,2006,9.5
Kenya,2007,9.399999618999999
Kenya,2008,9.399999618999999
Kenya,2009,9.399999618999999
Kenya,2010,9.300000191
Kenya,2011,9.199999809
Kenya,2012,9.199999809
Kenya,2013,9.100000381000001
Kenya,2014,9.199999809
"Korea, Rep.",2004,3.700000048
"Korea, Rep.",2005,3.700000048
"Korea, Rep.",2006,3.400000095
"Korea, Rep.",2007,3.200000048
"Korea, Rep.",2008,3.200000048
"Korea, Rep.",2009,3.599999905
"Korea, Rep.",2010,3.700000048
"Korea, Rep.",2011,3.400000095
"Korea, Rep.",2012,3.200000048
"Korea, Rep.",2013,3.099999905
"Korea, Rep.",2014,3.5
Kuwait,2004,1.7000000480000002
Kuwait,2005,2.0
Kuwait,2006,1.299999952
Kuwait,2007,1.5
Kuwait,2008,1.7999999519999998
Kuwait,2009,1.600000024
Kuwait,2010,1.7999999519999998
Kuwait,2011,3.599999905
Kuwait,2012,3.400000095
Kuwait,2013,3.200000048
Kuwait,2014,3.0
Latin America & Caribbean,2004,8.491625167
Latin America & Caribbean,2005,8.030713732
Latin America & Caribbean,2006,7.343340023
Latin America & Caribbean,2007,6.897323953
Latin America & Caribbean,2008,6.451974521
Latin America & Caribbean,2009,7.522937497999999
Latin America & Caribbean,2010,7.27585528
Latin America & Caribbean,2011,6.670682104
Latin America & Caribbean,2012,6.253372163
Latin America & Caribbean,2013,6.286898527999999
Latin America & Caribbean,2014,6.577241937
Latin America & Caribbean (excluding high income),2004,8.475636387
Latin America & Caribbean (excluding high income),2005,8.005907018
Latin America & Caribbean (excluding high income),2006,7.291873055
Latin America & Caribbean (excluding high income),2007,6.85624285
Latin America & Caribbean (excluding high income),2008,6.380333182
Latin America & Caribbean (excluding high income),2009,7.422705285
Latin America & Caribbean (excluding high income),2010,7.205331222000001
Latin America & Caribbean (excluding high income),2011,6.615623316000001
Latin America & Caribbean (excluding high income),2012,6.205162037000001
Latin America & Caribbean (excluding high income),2013,6.253421189
Latin America & Caribbean (excluding high income),2014,6.543979026000001
Latvia,2004,9.899999618999999
Latvia,2005,8.899999618999999
Latvia,2006,6.8000001910000005
Latvia,2007,6.0
Latvia,2008,7.400000095
Latvia,2009,17.10000038
Latvia,2010,18.70000076
Latvia,2011,16.20000076
Latvia,2012,14.89999962
Latvia,2013,11.89999962
Latvia,2014,10.0
Least developed countries: UN classification,2004,6.104598006
Least developed countries: UN classification,2005,6.016598546
Least developed countries: UN classification,2006,6.162888942
Least developed countries: UN classification,2007,5.981986203
Least developed countries: UN classification,2008,6.105584355
Least developed countries: UN classification,2009,6.219506764
Least developed countries: UN classification,2010,6.161549687999999
Least developed countries: UN classification,2011,6.211388175
Least developed countries: UN classification,2012,6.220463825
Least developed countries: UN classification,2013,6.150745602000001
Least developed countries: UN classification,2014,6.1263179
Lesotho,2004,36.0
Lesotho,2005,36.40000153
Lesotho,2006,32.5
Lesotho,2007,26.39999962
Lesotho,2008,25.29999924
Lesotho,2009,28.5
Lesotho,2010,28.29999924
Lesotho,2011,30.20000076
Lesotho,2012,27.20000076
Lesotho,2013,24.60000038
Lesotho,2014,26.20000076
Low & middle income,2004,6.160092741000001
Low & middle income,2005,6.038528905
Low & middle income,2006,5.839190262000001
Low & middle income,2007,5.447348677000001
Low & middle income,2008,5.643066435
Low & middle income,2009,5.865768786
Low & middle income,2010,5.634780459
Low & middle income,2011,5.567614517000001
Low & middle income,2012,5.547110943
Low & middle income,2013,5.574486718999999
Low & middle income,2014,5.636121392000001
Low income,2004,5.875139207999999
Low income,2005,5.786429735
Low income,2006,6.096414157999999
Low income,2007,5.843435433
Low income,2008,5.996332517000001
Low income,2009,6.037171302999999
Low income,2010,6.00321567
Low income,2011,6.06919296
Low income,2012,6.10046203
Low income,2013,5.98345753
Low income,2014,5.983757188999999
Lower middle income,2004,6.074803275
Lower middle income,2005,6.1830638129999995
Lower middle income,2006,5.941251583
Lower middle income,2007,5.421986477000001
Lower middle income,2008,5.5402422510000005
Lower middle income,2009,5.528140455
Lower middle income,2010,5.253007343999999
Lower middle income,2011,5.254269105
Lower middle income,2012,5.20650173
Lower middle income,2013,5.23415565
Lower middle income,2014,5.254268700000001
Madagascar,2004,3.799999952
Madagascar,2005,2.599999905
Madagascar,2006,3.900000095
Madagascar,2007,4.099999905
Madagascar,2008,4.3000001910000005
Madagascar,2009,4.8000001910000005
Madagascar,2010,3.599999905
Madagascar,2011,3.599999905
Madagascar,2012,3.599999905
Madagascar,2013,3.599999905
Madagascar,2014,3.599999905
Malawi,2004,7.8000001910000005
Malawi,2005,7.900000095
Malawi,2006,7.8000001910000005
Malawi,2007,7.5
Malawi,2008,7.5
Malawi,2009,7.5
Malawi,2010,7.5
Malawi,2011,7.599999905
Malawi,2012,7.599999905
Malawi,2013,7.599999905
Malawi,2014,7.5
Malaysia,2004,3.5
Malaysia,2005,3.5
Malaysia,2006,3.299999952
Malaysia,2007,3.200000048
Malaysia,2008,3.299999952
Malaysia,2009,3.700000048
Malaysia,2010,3.400000095
Malaysia,2011,3.099999905
Malaysia,2012,3.0
Malaysia,2013,3.200000048
Malaysia,2014,2.0
Maldives,2004,12.69999981
Maldives,2005,13.5
Maldives,2006,14.39999962
Maldives,2007,12.60000038
Maldives,2008,12.60000038
Maldives,2009,12.19999981
Maldives,2010,11.69999981
Maldives,2011,11.60000038
Maldives,2012,11.69999981
Maldives,2013,11.30000019
Maldives,2014,11.60000038
Mali,2004,8.800000191
Mali,2005,8.5
Mali,2006,8.300000191
Mali,2007,8.5
Mali,2008,8.399999618999999
Mali,2009,8.5
Mali,2010,8.100000381000001
Mali,2011,8.100000381000001
Mali,2012,8.100000381000001
Mali,2013,8.100000381000001
Mali,2014,8.100000381000001
Mauritius,2004,8.5
Mauritius,2005,9.600000381000001
Mauritius,2006,9.100000381000001
Mauritius,2007,8.5
Mauritius,2008,7.1999998089999995
Mauritius,2009,7.3000001910000005
Mauritius,2010,7.6999998089999995
Mauritius,2011,7.900000095
Mauritius,2012,8.699999809
Mauritius,2013,8.0
Mauritius,2014,7.6999998089999995
Mexico,2004,3.700000048
Mexico,2005,3.5
Mexico,2006,3.200000048
Mexico,2007,3.400000095
Mexico,2008,3.5
Mexico,2009,5.1999998089999995
Mexico,2010,5.1999998089999995
Mexico,2011,5.3000001910000005
Mexico,2012,4.900000095
Mexico,2013,4.900000095
Mexico,2014,4.900000095
Middle East & North Africa,2004,12.29939034
Middle East & North Africa,2005,11.78572065
Middle East & North Africa,2006,10.94358165
Middle East & North Africa,2007,10.33351251
Middle East & North Africa,2008,9.924997801
Middle East & North Africa,2009,10.09862993
Middle East & North Africa,2010,10.38387727
Middle East & North Africa,2011,11.216229400000001
Middle East & North Africa,2012,11.30023249
Middle East & North Africa,2013,11.20311888
Middle East & North Africa,2014,11.26297194
Middle East & North Africa (excluding high income),2004,13.4061763
Middle East & North Africa (excluding high income),2005,12.88361969
Middle East & North Africa (excluding high income),2006,11.95607582
Middle East & North Africa (excluding high income),2007,11.37302489
Middle East & North Africa (excluding high income),2008,11.03309964
Middle East & North Africa (excluding high income),2009,11.22081225
Middle East & North Africa (excluding high income),2010,11.64618301
Middle East & North Africa (excluding high income),2011,12.67023015
Middle East & North Africa (excluding high income),2012,12.81188581
Middle East & North Africa (excluding high income),2013,12.76432731
Middle East & North Africa (excluding high income),2014,12.88402006
Middle income,2004,6.185533815
Middle income,2005,6.061296494
Middle income,2006,5.815550298
Middle income,2007,5.410307497000001
Middle income,2008,5.609412116000001
Middle income,2009,5.849120192000001
Middle income,2010,5.598232557999999
Middle income,2011,5.517095376
Middle income,2012,5.490374394
Middle income,2013,5.531897689
Middle income,2014,5.599287522000001
Moldova,2004,8.100000381000001
Moldova,2005,7.3000001910000005
Moldova,2006,7.400000095
Moldova,2007,5.099999905
Moldova,2008,4.0
Moldova,2009,6.400000095
Moldova,2010,7.400000095
Moldova,2011,6.6999998089999995
Moldova,2012,5.599999905
Moldova,2013,5.099999905
Moldova,2014,3.400000095
Morocco,2004,10.80000019
Morocco,2005,11.0
Morocco,2006,9.699999809
Morocco,2007,9.800000191
Morocco,2008,9.600000381000001
Morocco,2009,9.100000381000001
Morocco,2010,9.100000381000001
Morocco,2011,8.899999618999999
Morocco,2012,9.0
Morocco,2013,9.199999809
Morocco,2014,10.19999981
Mozambique,2004,22.70000076
Mozambique,2005,22.60000038
Mozambique,2006,22.60000038
Mozambique,2007,22.60000038
Mozambique,2008,22.60000038
Mozambique,2009,22.60000038
Mozambique,2010,22.60000038
Mozambique,2011,22.60000038
Mozambique,2012,22.60000038
Mozambique,2013,22.5
Mozambique,2014,22.60000038
Namibia,2004,21.89999962
Namibia,2005,20.20000076
Namibia,2006,21.70000076
Namibia,2007,19.39999962
Namibia,2008,37.59999847
Namibia,2009,29.70000076
Namibia,2010,22.10000038
Namibia,2011,19.79999924
Namibia,2012,16.70000076
Namibia,2013,19.0
Namibia,2014,18.60000038
Netherlands,2004,4.599999905
Netherlands,2005,4.6999998089999995
Netherlands,2006,3.900000095
Netherlands,2007,3.200000048
Netherlands,2008,2.799999952
Netherlands,2009,3.400000095
Netherlands,2010,4.5
Netherlands,2011,4.400000095
Netherlands,2012,5.3000001910000005
Netherlands,2013,6.6999998089999995
Netherlands,2014,6.900000095
New Zealand,2004,4.0
New Zealand,2005,3.799999952
New Zealand,2006,3.900000095
New Zealand,2007,3.700000048
New Zealand,2008,4.1999998089999995
New Zealand,2009,6.099999905
New Zealand,2010,6.5
New Zealand,2011,6.5
New Zealand,2012,6.900000095
New Zealand,2013,6.1999998089999995
New Zealand,2014,5.599999905
Nicaragua,2004,6.6999998089999995
Nicaragua,2005,5.599999905
Nicaragua,2006,5.3000001910000005
Nicaragua,2007,5.0
Nicaragua,2008,6.1999998089999995
Nicaragua,2009,7.0
Nicaragua,2010,8.0
Nicaragua,2011,7.8000001910000005
Nicaragua,2012,7.099999905
Nicaragua,2013,5.3000001910000005
Nicaragua,2014,5.3000001910000005
Niger,2004,5.0
Niger,2005,5.099999905
Niger,2006,5.099999905
Niger,2007,5.099999905
Niger,2008,5.099999905
Niger,2009,5.099999905
Niger,2010,5.099999905
Niger,2011,5.099999905
Niger,2012,5.099999905
Niger,2013,5.099999905
Niger,2014,5.099999905
Nigeria,2004,7.6999998089999995
Nigeria,2005,7.599999905
Nigeria,2006,7.599999905
Nigeria,2007,7.599999905
Nigeria,2008,7.599999905
Nigeria,2009,7.599999905
Nigeria,2010,7.599999905
Nigeria,2011,7.599999905
Nigeria,2012,7.5
Nigeria,2013,7.5
Nigeria,2014,7.5
North America,2004,5.767075029
North America,2005,5.355806068
North America,2006,4.866098388999999
North America,2007,4.836463748
North America,2008,5.921093722999999
North America,2009,9.283459476
North America,2010,9.517847992
North America,2011,8.827697734
North America,2012,8.091994363
North America,2013,7.367351501
North America,2014,6.276374507000001
Norway,2004,4.400000095
Norway,2005,4.599999905
Norway,2006,3.400000095
Norway,2007,2.5
Norway,2008,2.599999905
Norway,2009,3.200000048
Norway,2010,3.599999905
Norway,2011,3.299999952
Norway,2012,3.200000048
Norway,2013,3.5
Norway,2014,3.400000095
OECD members,2004,6.896995086
OECD members,2005,6.63246268
OECD members,2006,6.109458609
OECD members,2007,5.669682272999999
OECD members,2008,5.973570633
OECD members,2009,8.180944517999999
OECD members,2010,8.360353087
OECD members,2011,7.975184316
OECD members,2012,8.021719796000001
OECD members,2013,7.96348211
OECD members,2014,8.410880994
Oman,2004,7.8000001910000005
Oman,2005,7.8000001910000005
Oman,2006,7.8000001910000005
Oman,2007,7.8000001910000005
Oman,2008,7.6999998089999995
Oman,2009,7.6999998089999995
Oman,2010,7.599999905
Oman,2011,7.5
Oman,2012,7.400000095
Oman,2013,7.3000001910000005
Oman,2014,7.1999998089999995
Pakistan,2004,7.400000095
Pakistan,2005,7.099999905
Pakistan,2006,6.099999905
Pakistan,2007,5.099999905
Pakistan,2008,5.0
Pakistan,2009,5.1999998089999995
Pakistan,2010,5.099999905
Pakistan,2011,5.099999905
Pakistan,2012,5.099999905
Pakistan,2013,5.099999905
Pakistan,2014,5.1999998089999995
Papua New Guinea,2004,2.799999952
Papua New Guinea,2005,2.700000048
Papua New Guinea,2006,2.700000048
Papua New Guinea,2007,2.5
Papua New Guinea,2008,2.5
Papua New Guinea,2009,2.5
Papua New Guinea,2010,2.5
Papua New Guinea,2011,2.400000095
Papua New Guinea,2012,2.5
Papua New Guinea,2013,2.5
Papua New Guinea,2014,2.5
Paraguay,2004,7.400000095
Paraguay,2005,5.8000001910000005
Paraguay,2006,6.6999998089999995
Paraguay,2007,5.599999905
Paraguay,2008,5.599999905
Paraguay,2009,6.5
Paraguay,2010,5.6999998089999995
Paraguay,2011,4.3000001910000005
Paraguay,2012,4.900000095
Paraguay,2013,5.0
Paraguay,2014,4.5
Peru,2004,5.1999998089999995
Peru,2005,5.1999998089999995
Peru,2006,4.599999905
Peru,2007,4.5
Peru,2008,4.5
Peru,2009,4.400000095
Peru,2010,4.0
Peru,2011,3.900000095
Peru,2012,3.599999905
Peru,2013,4.0
Peru,2014,4.1999998089999995
Philippines,2004,11.89999962
Philippines,2005,7.6999998089999995
Philippines,2006,8.0
Philippines,2007,7.400000095
Philippines,2008,7.3000001910000005
Philippines,2009,7.5
Philippines,2010,7.3000001910000005
Philippines,2011,7.0
Philippines,2012,7.0
Philippines,2013,7.099999905
Philippines,2014,7.099999905
Poland,2004,19.0
Poland,2005,17.70000076
Poland,2006,13.80000019
Poland,2007,9.600000381000001
Poland,2008,7.099999905
Poland,2009,8.199999809
Poland,2010,9.600000381000001
Poland,2011,9.600000381000001
Poland,2012,10.10000038
Poland,2013,10.39999962
Poland,2014,9.199999809
Portugal,2004,6.6999998089999995
Portugal,2005,7.599999905
Portugal,2006,7.6999998089999995
Portugal,2007,8.0
Portugal,2008,7.599999905
Portugal,2009,9.5
Portugal,2010,10.80000019
Portugal,2011,12.69999981
Portugal,2012,15.60000038
Portugal,2013,16.5
Portugal,2014,14.19999981
Russian Federation,2004,7.8000001910000005
Russian Federation,2005,7.099999905
Russian Federation,2006,7.099999905
Russian Federation,2007,6.0
Russian Federation,2008,6.1999998089999995
Russian Federation,2009,8.300000191
Russian Federation,2010,7.3000001910000005
Russian Federation,2011,6.5
Russian Federation,2012,5.5
Russian Federation,2013,5.5
Russian Federation,2014,5.099999905
Rwanda,2004,0.600000024
Rwanda,2005,0.600000024
Rwanda,2006,0.600000024
Rwanda,2007,0.600000024
Rwanda,2008,0.600000024
Rwanda,2009,0.600000024
Rwanda,2010,0.600000024
Rwanda,2011,0.600000024
Rwanda,2012,0.600000024
Rwanda,2013,0.600000024
Rwanda,2014,0.600000024
Saudi Arabia,2004,5.900000095
Saudi Arabia,2005,5.900000095
Saudi Arabia,2006,6.3000001910000005
Saudi Arabia,2007,5.6999998089999995
Saudi Arabia,2008,5.099999905
Saudi Arabia,2009,5.400000095
Saudi Arabia,2010,5.400000095
Saudi Arabia,2011,5.8000001910000005
Saudi Arabia,2012,5.599999905
Saudi Arabia,2013,5.6999998089999995
Saudi Arabia,2014,5.599999905
Senegal,2004,9.100000381000001
Senegal,2005,9.199999809
Senegal,2006,10.0
Senegal,2007,8.800000191
Senegal,2008,9.399999618999999
Senegal,2009,9.899999618999999
Senegal,2010,9.100000381000001
Senegal,2011,10.39999962
Senegal,2012,10.30000019
Senegal,2013,10.30000019
Senegal,2014,10.0
Singapore,2004,4.400000095
Singapore,2005,4.099999905
Singapore,2006,3.599999905
Singapore,2007,3.0
Singapore,2008,3.200000048
Singapore,2009,4.3000001910000005
Singapore,2010,3.099999905
Singapore,2011,2.900000095
Singapore,2012,2.799999952
Singapore,2013,2.799999952
Singapore,2014,3.0
Slovenia,2004,6.3000001910000005
Slovenia,2005,6.5
Slovenia,2006,6.0
Slovenia,2007,4.8000001910000005
Slovenia,2008,4.400000095
Slovenia,2009,5.900000095
Slovenia,2010,7.1999998089999995
Slovenia,2011,8.199999809
Slovenia,2012,8.800000191
Slovenia,2013,10.19999981
Slovenia,2014,9.5
Solomon Islands,2004,3.799999952
Solomon Islands,2005,3.599999905
Solomon Islands,2006,3.799999952
Solomon Islands,2007,3.799999952
Solomon Islands,2008,3.700000048
Solomon Islands,2009,4.099999905
Solomon Islands,2010,3.700000048
Solomon Islands,2011,3.599999905
Solomon Islands,2012,3.799999952
Solomon Islands,2013,3.799999952
Solomon Islands,2014,3.900000095
South Africa,2004,24.70000076
South Africa,2005,23.79999924
South Africa,2006,22.60000038
South Africa,2007,22.29999924
South Africa,2008,22.70000076
South Africa,2009,23.70000076
South Africa,2010,24.70000076
South Africa,2011,24.70000076
South Africa,2012,25.0
South Africa,2013,24.60000038
South Africa,2014,25.10000038
South Asia,2004,4.310178602
South Asia,2005,4.650002958
South Asia,2006,4.476672056
South Asia,2007,3.938591813
South Asia,2008,4.249849954
South Asia,2009,4.189908677
South Asia,2010,3.823739458
South Asia,2011,3.8212597930000003
South Asia,2012,3.892546207
South Asia,2013,3.908677612
South Asia,2014,3.898770718
Spain,2004,11.19999981
Spain,2005,9.300000191
Spain,2006,8.600000381000001
Spain,2007,8.399999618999999
Spain,2008,11.5
Spain,2009,18.10000038
Spain,2010,20.20000076
Spain,2011,21.70000076
Spain,2012,25.20000076
Spain,2013,26.29999924
Spain,2014,24.70000076
Sri Lanka,2004,8.399999618999999
Sri Lanka,2005,7.6999998089999995
Sri Lanka,2006,6.5
Sri Lanka,2007,6.0
Sri Lanka,2008,5.1999998089999995
Sri Lanka,2009,5.900000095
Sri Lanka,2010,4.900000095
Sri Lanka,2011,4.1999998089999995
Sri Lanka,2012,4.0
Sri Lanka,2013,4.400000095
Sri Lanka,2014,4.599999905
Sub-Saharan Africa,2004,8.360993681
Sub-Saharan Africa,2005,8.114143066
Sub-Saharan Africa,2006,8.21629188
Sub-Saharan Africa,2007,7.944351884
Sub-Saharan Africa,2008,8.14805872
Sub-Saharan Africa,2009,8.099240621
Sub-Saharan Africa,2010,8.102703032
Sub-Saharan Africa,2011,8.118308837999999
Sub-Saharan Africa,2012,8.091930356
Sub-Saharan Africa,2013,7.912281555
Sub-Saharan Africa,2014,7.9700899089999995
Sub-Saharan Africa (excluding high income),2004,8.360993681
Sub-Saharan Africa (excluding high income),2005,8.114143066
Sub-Saharan Africa (excluding high income),2006,8.21629188
Sub-Saharan Africa (excluding high income),2007,7.944351884
Sub-Saharan Africa (excluding high income),2008,8.14805872
Sub-Saharan Africa (excluding high income),2009,8.099240621
Sub-Saharan Africa (excluding high income),2010,8.102703032
Sub-Saharan Africa (excluding high income),2011,8.118308837999999
Sub-Saharan Africa (excluding high income),2012,8.091930356
Sub-Saharan Africa (excluding high income),2013,7.912281555
Sub-Saharan Africa (excluding high income),2014,7.9700899089999995
Sudan,2004,14.80000019
Sudan,2005,14.69999981
Sudan,2006,14.80000019
Sudan,2007,14.69999981
Sudan,2008,14.80000019
Sudan,2009,14.60000038
Sudan,2010,14.60000038
Sudan,2011,14.60000038
Sudan,2012,14.60000038
Sudan,2013,14.60000038
Sudan,2014,14.80000019
Suriname,2004,9.800000191
Suriname,2005,6.3000001910000005
Suriname,2006,10.39999962
Suriname,2007,6.5
Suriname,2008,5.8000001910000005
Suriname,2009,9.0
Suriname,2010,7.599999905
Suriname,2011,6.900000095
Suriname,2012,6.3000001910000005
Suriname,2013,4.8000001910000005
Suriname,2014,5.599999905
Swaziland,2004,22.89999962
Swaziland,2005,22.89999962
Swaziland,2006,22.89999962
Swaziland,2007,23.0
Swaziland,2008,23.0
Swaziland,2009,22.89999962
Swaziland,2010,22.79999924
Swaziland,2011,22.70000076
Swaziland,2012,22.5
Swaziland,2013,22.29999924
Swaziland,2014,22.29999924
Sweden,2004,6.599999905
Sweden,2005,7.8000001910000005
Sweden,2006,7.099999905
Sweden,2007,6.1999998089999995
Sweden,2008,6.3000001910000005
Sweden,2009,8.399999618999999
Sweden,2010,8.699999809
Sweden,2011,7.8000001910000005
Sweden,2012,8.100000381000001
Sweden,2013,8.100000381000001
Sweden,2014,8.0
Switzerland,2004,4.3000001910000005
Switzerland,2005,4.400000095
Switzerland,2006,4.0
Switzerland,2007,3.599999905
Switzerland,2008,3.400000095
Switzerland,2009,4.099999905
Switzerland,2010,4.5
Switzerland,2011,4.0
Switzerland,2012,4.1999998089999995
Switzerland,2013,4.400000095
Switzerland,2014,4.5
Tanzania,2004,3.0
Tanzania,2005,2.5
Tanzania,2006,4.3000001910000005
Tanzania,2007,2.0
Tanzania,2008,2.5
Tanzania,2009,2.5
Tanzania,2010,3.0
Tanzania,2011,3.5
Tanzania,2012,3.200000048
Tanzania,2013,2.900000095
Tanzania,2014,3.099999905
Thailand,2004,1.5
Thailand,2005,1.299999952
Thailand,2006,1.200000048
Thailand,2007,1.200000048
Thailand,2008,1.200000048
Thailand,2009,1.5
Thailand,2010,1.0
Thailand,2011,0.699999988
Thailand,2012,0.699999988
Thailand,2013,0.699999988
Thailand,2014,0.8999999759999999
Togo,2004,7.099999905
Togo,2005,7.099999905
Togo,2006,7.099999905
Togo,2007,7.099999905
Togo,2008,7.099999905
Togo,2009,7.0
Togo,2010,7.0
Togo,2011,7.0
Togo,2012,7.0
Togo,2013,6.900000095
Togo,2014,6.900000095
Trinidad and Tobago,2004,8.300000191
Trinidad and Tobago,2005,8.0
Trinidad and Tobago,2006,6.3000001910000005
Trinidad and Tobago,2007,5.5
Trinidad and Tobago,2008,4.599999905
Trinidad and Tobago,2009,5.3000001910000005
Trinidad and Tobago,2010,5.900000095
Trinidad and Tobago,2011,4.6999998089999995
Trinidad and Tobago,2012,5.0
Trinidad and Tobago,2013,3.599999905
Trinidad and Tobago,2014,4.0
Tunisia,2004,13.89999962
Tunisia,2005,14.19999981
Tunisia,2006,12.5
Tunisia,2007,12.39999962
Tunisia,2008,12.39999962
Tunisia,2009,13.30000019
Tunisia,2010,13.0
Tunisia,2011,18.29999924
Tunisia,2012,14.0
Tunisia,2013,13.30000019
Tunisia,2014,13.30000019
Turkey,2004,10.80000019
Turkey,2005,10.60000038
Turkey,2006,10.19999981
Turkey,2007,10.30000019
Turkey,2008,11.0
Turkey,2009,14.0
Turkey,2010,11.89999962
Turkey,2011,9.800000191
Turkey,2012,9.199999809
Turkey,2013,8.699999809
Turkey,2014,9.199999809
Uganda,2004,2.5
Uganda,2005,2.0
Uganda,2006,3.599999905
Uganda,2007,3.0
Uganda,2008,3.599999905
Uganda,2009,4.1999998089999995
Uganda,2010,4.1999998089999995
Uganda,2011,4.1999998089999995
Uganda,2012,4.1999998089999995
Uganda,2013,4.1999998089999995
Uganda,2014,3.799999952
Ukraine,2004,8.600000381000001
Ukraine,2005,7.1999998089999995
Ukraine,2006,6.8000001910000005
Ukraine,2007,6.400000095
Ukraine,2008,6.400000095
Ukraine,2009,8.800000191
Ukraine,2010,8.100000381000001
Ukraine,2011,7.900000095
Ukraine,2012,7.5
Ukraine,2013,7.1999998089999995
Ukraine,2014,7.6999998089999995
United Arab Emirates,2004,3.099999905
United Arab Emirates,2005,3.099999905
United Arab Emirates,2006,3.299999952
United Arab Emirates,2007,3.400000095
United Arab Emirates,2008,4.0
United Arab Emirates,2009,4.1999998089999995
United Arab Emirates,2010,4.1999998089999995
United Arab Emirates,2011,4.099999905
United Arab Emirates,2012,4.0
United Arab Emirates,2013,3.799999952
United Arab Emirates,2014,3.599999905
United States,2004,5.599999905
United States,2005,5.1999998089999995
United States,2006,4.6999998089999995
United States,2007,4.6999998089999995
United States,2008,5.900000095
United States,2009,9.399999618999999
United States,2010,9.699999809
United States,2011,9.0
United States,2012,8.199999809
United States,2013,7.400000095
United States,2014,6.1999998089999995
Upper middle income,2004,6.275313983999999
Upper middle income,2005,5.961291421
Upper middle income,2006,5.711906695
Upper middle income,2007,5.4006593579999995
Upper middle income,2008,5.666749617000001
Upper middle income,2009,6.116531211
Upper middle income,2010,5.887388903
Upper middle income,2011,5.73788625
Upper middle income,2012,5.729586933999999
Upper middle income,2013,5.785331772
Upper middle income,2014,5.896019567000001
Uruguay,2004,7.599999905
Uruguay,2005,8.5
Uruguay,2006,10.60000038
Uruguay,2007,9.199999809
Uruguay,2008,7.599999905
Uruguay,2009,7.3000001910000005
Uruguay,2010,7.1999998089999995
Uruguay,2011,6.3000001910000005
Uruguay,2012,6.5
Uruguay,2013,6.599999905
Uruguay,2014,7.0
Uzbekistan,2004,11.0
Uzbekistan,2005,10.89999962
Uzbekistan,2006,11.0
Uzbekistan,2007,11.0
Uzbekistan,2008,11.0
Uzbekistan,2009,11.0
Uzbekistan,2010,10.89999962
Uzbekistan,2011,10.89999962
Uzbekistan,2012,10.80000019
Uzbekistan,2013,10.80000019
Uzbekistan,2014,10.60000038
"Venezuela, RB",2004,15.0
"Venezuela, RB",2005,11.39999962
"Venezuela, RB",2006,9.300000191
"Venezuela, RB",2007,7.5
"Venezuela, RB",2008,6.900000095
"Venezuela, RB",2009,7.8000001910000005
"Venezuela, RB",2010,8.600000381000001
"Venezuela, RB",2011,8.300000191
"Venezuela, RB",2012,8.100000381000001
"Venezuela, RB",2013,7.5
"Venezuela, RB",2014,8.600000381000001
World,2004,6.310303782
World,2005,6.159320663
World,2006,5.89997626
World,2007,5.483626964
World,2008,5.692450066
World,2009,6.254371599
World,2010,6.113656184
World,2011,5.9946901
World,2012,5.9948161639999995
World,2013,5.99341815
World,2014,5.932298643999999
"Yemen, Rep.",2004,14.19999981
"Yemen, Rep.",2005,16.10000038
"Yemen, Rep.",2006,15.69999981
"Yemen, Rep.",2007,15.30000019
"Yemen, Rep.",2008,15.0
"Yemen, Rep.",2009,14.60000038
"Yemen, Rep.",2010,17.79999924
"Yemen, Rep.",2011,17.60000038
"Yemen, Rep.",2012,17.70000076
"Yemen, Rep.",2013,17.70000076
"Yemen, Rep.",2014,17.39999962
Zambia,2004,15.30000019
Zambia,2005,15.89999962
Zambia,2006,15.60000038
Zambia,2007,15.19999981
Zambia,2008,15.60000038
Zambia,2009,14.80000019
Zambia,2010,13.19999981
Zambia,2011,13.19999981
Zambia,2012,13.10000038
Zambia,2013,13.10000038
Zambia,2014,13.30000019
Zimbabwe,2004,4.1999998089999995
Zimbabwe,2005,4.599999905
Zimbabwe,2006,5.099999905
Zimbabwe,2007,5.099999905
Zimbabwe,2008,5.6999998089999995
Zimbabwe,2009,6.400000095
Zimbabwe,2010,5.5
Zimbabwe,2011,5.400000095
Zimbabwe,2012,5.3000001910000005
Zimbabwe,2013,5.3000001910000005
Zimbabwe,2014,5.400000095
