Country Name, Year,foreign direct investment net inflows
Afghanistan,2004,186900000.0
Afghanistan,2005,271000000.0
Afghanistan,2006,238000000.0
Afghanistan,2007,188690000.0
Afghanistan,2008,46033740.0
Afghanistan,2009,197512727.5
Afghanistan,2010,54200551.0
Afghanistan,2011,57620844.0
Afghanistan,2012,47226787.51
Afghanistan,2013,37638586.0
Afghanistan,2014,43510167.3
Albania,2004,341285112.5
Albania,2005,262479012.6
Albania,2006,325138316.8
Albania,2007,652275603.7
Albania,2008,1240972849.0
Albania,2009,1343091150.0
Albania,2010,1089416366.0
Albania,2011,1049425306.0
Albania,2012,920080650.1
Albania,2013,1253783309.0
Albania,2014,1149384241.0
Angola,2004,2197227820.0
Angola,2005,-1303836930.0
Angola,2006,-37714860.0
Angola,2007,-893342152.0
Angola,2008,1678971010.0
Angola,2009,2205298180.0
Angola,2010,-3227211182.0
Angola,2011,-3023770966.0
Angola,2012,-6897954559.0
Angola,2013,-7120017424.0
Angola,2014,1921699719.0
Arab World,2004,21263905251.0
Arab World,2005,46007410075.0
Arab World,2006,69410959613.0
Arab World,2007,81832690758.0
Arab World,2008,88751293580.0
Arab World,2009,76654441612.0
Arab World,2010,70001827709.0
Arab World,2011,44416940145.0
Arab World,2012,48700236583.0
Arab World,2013,45799686531.0
Arab World,2014,45667491506.0
Argentina,2004,4124710000.0
Argentina,2005,5265250000.0
Argentina,2006,5537340000.0
Argentina,2007,6473150000.0
Argentina,2008,9725560000.0
Argentina,2009,4017158925.0
Argentina,2010,11332718626.0
Argentina,2011,10839930945.0
Argentina,2012,15323933917.0
Argentina,2013,9821661858.0
Argentina,2014,5065335542.0
Armenia,2004,247140608.5
Armenia,2005,292073220.2
Armenia,2006,466531991.9
Armenia,2007,667671562.1
Armenia,2008,943733059.5
Armenia,2009,760040745.9
Armenia,2010,529321391.6
Armenia,2011,653219756.5
Armenia,2012,496636701.1
Armenia,2013,346092394.4
Armenia,2014,404344951.1
Australia,2004,42907672820.0
Australia,2005,-25093141435.0
Australia,2006,30551100657.0
Australia,2007,44440090038.0
Australia,2008,45160024271.0
Australia,2009,28683266148.0
Australia,2010,35210733743.0
Australia,2011,65554890650.0
Australia,2012,57550426823.0
Australia,2013,53997299140.0
Australia,2014,45978797620.0
Austria,2004,3892054627.0
Austria,2005,81287916302.0
Austria,2006,10497447196.0
Austria,2007,68885359636.0
Austria,2008,6310797391.0
Austria,2009,14293213431.0
Austria,2010,-22005597161.0
Austria,2011,22974390293.0
Austria,2012,5219630177.0
Austria,2013,451322440.3
Austria,2014,1715068691.0
Bangladesh,2004,448905400.7
Bangladesh,2005,760504265.8
Bangladesh,2006,456523167.7
Bangladesh,2007,651029738.1
Bangladesh,2008,1328422987.0
Bangladesh,2009,901286583.1
Bangladesh,2010,1232258247.0
Bangladesh,2011,1264725163.0
Bangladesh,2012,1584403460.0
Bangladesh,2013,2602962095.0
Bangladesh,2014,2539190940.0
Belize,2004,111496166.4
Belize,2005,126908465.9
Belize,2006,108828544.6
Belize,2007,140373737.3
Belize,2008,169668449.5
Belize,2009,108840086.4
Belize,2010,96449877.08
Belize,2011,95348525.19
Belize,2012,194201408.8
Belize,2013,92247730.94
Belize,2014,141097030.3
Benin,2004,-40701529.97
Benin,2005,-8785364.695
Benin,2006,-12352499.85
Benin,2007,139006086.8
Benin,2008,48016408.32
Benin,2009,-18732013.56
Benin,2010,53454932.99
Benin,2011,161091309.0
Benin,2012,281564661.1
Benin,2013,360240965.3
Benin,2014,405197656.0
Bhutan,2004,8859907.538999999
Bhutan,2005,6210884.353999998
Bhutan,2006,6122702.142999998
Bhutan,2007,73855769.76
Bhutan,2008,3144001.019
Bhutan,2009,18299707.23
Bhutan,2010,75274009.03
Bhutan,2011,31141614.86
Bhutan,2012,24380673.57
Bhutan,2013,20433631.07
Bhutan,2014,28951712.78
Bolivia,2004,65430000.0
Bolivia,2005,-238620000.0
Bolivia,2006,280763457.0
Bolivia,2007,366294241.5
Bolivia,2008,512335605.2
Bolivia,2009,423040000.0
Bolivia,2010,621997989.5
Bolivia,2011,858941070.4
Bolivia,2012,1059965391.0
Bolivia,2013,1749612614.0
Bolivia,2014,656566350.8
Botswana,2004,390889365.3
Botswana,2005,420853645.9
Botswana,2006,486912042.1
Botswana,2007,494635511.7
Botswana,2008,520918009.9
Botswana,2009,208699416.1
Botswana,2010,218380384.2
Botswana,2011,1371087724.0
Botswana,2012,542804860.6
Botswana,2013,398456549.6
Botswana,2014,515184275.5
Brazil,2004,18181190855.0
Brazil,2005,15459981604.0
Brazil,2006,19378093068.0
Brazil,2007,44579492464.0
Brazil,2008,50716402711.0
Brazil,2009,31480932200.0
Brazil,2010,88452079264.0
Brazil,2011,101158000000.0
Brazil,2012,86606502981.0
Brazil,2013,69181422947.0
Brazil,2014,96894980842.0
Bulgaria,2004,3072550962.0
Bulgaria,2005,4098122931.0
Bulgaria,2006,7874476255.0
Bulgaria,2007,13875270457.0
Bulgaria,2008,10296720634.0
Bulgaria,2009,3896664559.0
Bulgaria,2010,1842900000.0
Bulgaria,2011,2103810000.0
Bulgaria,2012,1788110000.0
Bulgaria,2013,1989040000.0
Bulgaria,2014,2067540000.0
Burkina Faso,2004,3829373.785
Burkina Faso,2005,32254080.61
Burkina Faso,2006,83774772.55
Burkina Faso,2007,21683121.76
Burkina Faso,2008,33056780.41
Burkina Faso,2009,56426881.77
Burkina Faso,2010,38832813.08
Burkina Faso,2011,143657274.8
Burkina Faso,2012,329300811.2
Burkina Faso,2013,490264030.5
Burkina Faso,2014,356821732.4
Burundi,2004,44690.7076
Burundi,2005,584701.6926
Burundi,2006,31593.77819
Burundi,2007,500245.0931
Burundi,2008,3833208.348
Burundi,2009,348404.5346
Burundi,2010,780582.0036
Burundi,2011,3354999.181000001
Burundi,2012,604919.6515
Burundi,2013,116727136.5
Burundi,2014,81747197.23
Cabo Verde,2004,67591507.88
Cabo Verde,2005,80448834.06
Cabo Verde,2006,131567607.9
Cabo Verde,2007,191868198.0
Cabo Verde,2008,211004655.1
Cabo Verde,2009,127100653.2
Cabo Verde,2010,116213000.7
Cabo Verde,2011,102224984.1
Cabo Verde,2012,128951911.2
Cabo Verde,2013,89337245.67
Cabo Verde,2014,180260496.4
Cameroon,2004,67863015.12
Cameroon,2005,243504753.3
Cameroon,2006,59069772.85
Cameroon,2007,189330876.4
Cameroon,2008,20910875.62
Cameroon,2009,743285027.3
Cameroon,2010,535742601.5
Cameroon,2011,652411755.8
Cameroon,2012,527394101.2
Cameroon,2013,547249169.1
Cameroon,2014,724889079.4
Chad,2004,466793492.1
Chad,2005,-99342519.36
Chad,2006,-278414000.0
Chad,2007,-321655000.0
Chad,2008,466131000.0
Chad,2009,374900000.0
Chad,2010,313000000.0
Chad,2011,281900000.0
Chad,2012,579793037.4
Chad,2013,520200793.5
Chad,2014,-675545847.1
Chile,2004,6847694630.0
Chile,2005,7525548374.0
Chile,2006,7659148331.0
Chile,2007,13562872054.0
Chile,2008,18627398294.0
Chile,2009,13966041793.0
Chile,2010,16153354561.0
Chile,2011,24373585096.0
Chile,2012,30561690392.0
Chile,2013,21092278857.0
Chile,2014,24011458729.0
Comoros,2004,671354.6939
Comoros,2005,558643.2487
Comoros,2006,777728.3459
Comoros,2007,7681783.082
Comoros,2008,4631824.185
Comoros,2009,13784111.95
Comoros,2010,8342263.125
Comoros,2011,23088175.8
Comoros,2012,10375785.66
Comoros,2013,4230442.065
Comoros,2014,4678330.436000002
"Congo, Dem. Rep.",2004,409032814.5
"Congo, Dem. Rep.",2005,180000000.0
"Congo, Dem. Rep.",2006,256100000.0
"Congo, Dem. Rep.",2007,1808000000.0
"Congo, Dem. Rep.",2008,1726800000.0
"Congo, Dem. Rep.",2009,-243200000.0
"Congo, Dem. Rep.",2010,2742300000.0
"Congo, Dem. Rep.",2011,1686900000.0
"Congo, Dem. Rep.",2012,3312142743.0
"Congo, Dem. Rep.",2013,2098249103.0
"Congo, Dem. Rep.",2014,1843173236.0
"Congo, Rep.",2004,88399286.1
"Congo, Rep.",2005,800996241.6
"Congo, Rep.",2006,1487693084.0
"Congo, Rep.",2007,2638405260.0
"Congo, Rep.",2008,2031879948.0
"Congo, Rep.",2009,1273828534.0
"Congo, Rep.",2010,928436006.5
"Congo, Rep.",2011,2179856146.0
"Congo, Rep.",2012,2151894023.0
"Congo, Rep.",2013,2913934094.0
"Congo, Rep.",2014,5502260247.0
Costa Rica,2004,1083718486.0
Costa Rica,2005,1528787464.0
Costa Rica,2006,1801002598.0
Costa Rica,2007,2241492021.0
Costa Rica,2008,2436112218.0
Costa Rica,2009,1614614468.0
Costa Rica,2010,1906923793.0
Costa Rica,2011,2733268840.0
Costa Rica,2012,2696295211.0
Costa Rica,2013,3205384977.0
Costa Rica,2014,3275414475.0
Cote d'Ivoire,2004,282979933.1
Cote d'Ivoire,2005,348920761.5
Cote d'Ivoire,2006,350652855.7
Cote d'Ivoire,2007,443215533.1
Cote d'Ivoire,2008,466489597.0
Cote d'Ivoire,2009,396030774.0
Cote d'Ivoire,2010,358118909.0
Cote d'Ivoire,2011,301577298.6
Cote d'Ivoire,2012,330274411.5
Cote d'Ivoire,2013,407476278.3
Cote d'Ivoire,2014,438772529.2
Croatia,2004,1293085522.0
Croatia,2005,1794317620.0
Croatia,2006,3299038092.0
Croatia,2007,4567377359.0
Croatia,2008,5187844809.0
Croatia,2009,3198815037.0
Croatia,2010,1424108328.0
Croatia,2011,1417600259.0
Croatia,2012,1465100045.0
Croatia,2013,937309759.6
Croatia,2014,3959857737.0
Denmark,2004,-8804165491.0
Denmark,2005,12834261392.0
Denmark,2006,2419919718.0
Denmark,2007,11809448518.0
Denmark,2008,2191207507.0
Denmark,2009,3918212678.0
Denmark,2010,-11766404173.0
Denmark,2011,13555949082.0
Denmark,2012,2753929972.0
Denmark,2013,-862218938.5
Denmark,2014,5101511954.0
Dominican Republic,2004,934480000.0
Dominican Republic,2005,1118400000.0
Dominican Republic,2006,1528700000.0
Dominican Republic,2007,2252900000.0
Dominican Republic,2008,2728400000.0
Dominican Republic,2009,1695300000.0
Dominican Republic,2010,1820200000.0
Dominican Republic,2011,2197500000.0
Dominican Republic,2012,3415900000.0
Dominican Republic,2013,1599900000.0
Dominican Republic,2014,2385300000.0
East Asia & Pacific,2004,198735000000.0
East Asia & Pacific,2005,187816000000.0
East Asia & Pacific,2006,285604000000.0
East Asia & Pacific,2007,396421000000.0
East Asia & Pacific,2008,385552000000.0
East Asia & Pacific,2009,287309000000.0
East Asia & Pacific,2010,496299000000.0
East Asia & Pacific,2011,559852000000.0
East Asia & Pacific,2012,517044000000.0
East Asia & Pacific,2013,590027000000.0
East Asia & Pacific,2014,619264000000.0
East Asia & Pacific (excluding high income),2004,83280428819.0
East Asia & Pacific (excluding high income),2005,129274000000.0
East Asia & Pacific (excluding high income),2006,152274000000.0
East Asia & Pacific (excluding high income),2007,193461000000.0
East Asia & Pacific (excluding high income),2008,211340000000.0
East Asia & Pacific (excluding high income),2009,155408000000.0
East Asia & Pacific (excluding high income),2010,297956000000.0
East Asia & Pacific (excluding high income),2011,336313000000.0
East Asia & Pacific (excluding high income),2012,303829000000.0
East Asia & Pacific (excluding high income),2013,360761000000.0
East Asia & Pacific (excluding high income),2014,329475000000.0
Ecuador,2004,836939593.9
Ecuador,2005,493413835.5
Ecuador,2006,271428852.5
Ecuador,2007,193872526.9
Ecuador,2008,1056888020.0
Ecuador,2009,307960890.1
Ecuador,2010,165320320.4
Ecuador,2011,643709358.7
Ecuador,2012,567035300.9
Ecuador,2013,726814206.3
Ecuador,2014,771822946.1
"Egypt, Arab Rep.",2004,1253300000.0
"Egypt, Arab Rep.",2005,5375600000.0
"Egypt, Arab Rep.",2006,10042800000.0
"Egypt, Arab Rep.",2007,11578100000.0
"Egypt, Arab Rep.",2008,9494600000.0
"Egypt, Arab Rep.",2009,6711600000.0
"Egypt, Arab Rep.",2010,6385600000.0
"Egypt, Arab Rep.",2011,-482700000.0
"Egypt, Arab Rep.",2012,2797700000.0
"Egypt, Arab Rep.",2013,4192200000.0
"Egypt, Arab Rep.",2014,4783200000.0
Equatorial Guinea,2004,340914468.5
Equatorial Guinea,2005,769146185.2
Equatorial Guinea,2006,469506014.6
Equatorial Guinea,2007,1242731087.0
Equatorial Guinea,2008,-793872332.8
Equatorial Guinea,2009,1636219625.0
Equatorial Guinea,2010,2734000000.0
Equatorial Guinea,2011,1975000000.0
Equatorial Guinea,2012,985256411.5
Equatorial Guinea,2013,730710064.0
Equatorial Guinea,2014,319569592.3
Estonia,2004,1086502853.0
Estonia,2005,3127298002.0
Estonia,2006,2212181185.0
Estonia,2007,3429043145.0
Estonia,2008,1873250285.0
Estonia,2009,1865561410.0
Estonia,2010,2592803327.0
Estonia,2011,1118556804.0
Estonia,2012,1788040739.0
Estonia,2013,1079660229.0
Estonia,2014,1681871383.0
Euro area,2004,270006000000.0
Euro area,2005,633807000000.0
Euro area,2006,817612000000.0
Euro area,2007,1287370000000.0
Euro area,2008,652474000000.0
Euro area,2009,389859000000.0
Euro area,2010,508407000000.0
Euro area,2011,764489000000.0
Euro area,2012,645738000000.0
Euro area,2013,544153000000.0
Euro area,2014,287669000000.0
Europe & Central Asia,2004,440909000000.0
Europe & Central Asia,2005,1005160000000.0
Europe & Central Asia,2006,1245550000000.0
Europe & Central Asia,2007,1857140000000.0
Europe & Central Asia,2008,1232560000000.0
Europe & Central Asia,2009,585665000000.0
Europe & Central Asia,2010,691844000000.0
Europe & Central Asia,2011,998803000000.0
Europe & Central Asia,2012,900403000000.0
Europe & Central Asia,2013,697149000000.0
Europe & Central Asia,2014,493572000000.0
Europe & Central Asia (excluding high income),2004,45632299904.0
Europe & Central Asia (excluding high income),2005,57953020375.0
Europe & Central Asia (excluding high income),2006,108185000000.0
Europe & Central Asia (excluding high income),2007,149437000000.0
Europe & Central Asia (excluding high income),2008,171908000000.0
Europe & Central Asia (excluding high income),2009,94498382847.0
Europe & Central Asia (excluding high income),2010,89538627398.0
Europe & Central Asia (excluding high income),2011,122636000000.0
Europe & Central Asia (excluding high income),2012,108801000000.0
Europe & Central Asia (excluding high income),2013,119849000000.0
Europe & Central Asia (excluding high income),2014,71377913126.0
European Union,2004,400755000000.0
European Union,2005,965745000000.0
European Union,2006,1115180000000.0
European Union,2007,1692870000000.0
European Union,2008,1077110000000.0
European Union,2009,445347000000.0
European Union,2010,578111000000.0
European Union,2011,851108000000.0
European Union,2012,733227000000.0
European Union,2013,610470000000.0
European Union,2014,406231000000.0
Fiji,2004,250618684.7
Fiji,2005,184929270.4
Fiji,2006,460444078.5
Fiji,2007,377939524.3
Fiji,2008,338522354.6
Fiji,2009,160649876.1
Fiji,2010,356156642.7
Fiji,2011,402356103.4
Fiji,2012,375988474.2
Fiji,2013,264709009.8
Fiji,2014,347993346.5
Finland,2004,6771281519.0
Finland,2005,10875828408.0
Finland,2006,4631613504.0
Finland,2007,21985066155.0
Finland,2008,19403176598.0
Finland,2009,-8826514767.0
Finland,2010,12226437616.0
Finland,2011,-6008160154.0
Finland,2012,4932843235.0
Finland,2013,-4940707106.0
Finland,2014,17243598342.0
France,2004,35581202492.0
France,2005,85179159787.0
France,2006,78945704920.0
France,2007,83780962091.0
France,2008,67999194663.0
France,2009,18380195793.0
France,2010,38899924638.0
France,2011,44191741840.0
France,2012,32950453828.0
France,2013,31589259642.0
France,2014,-1048274594.0
"Gambia, The",2004,55526319.44
"Gambia, The",2005,53650280.02
"Gambia, The",2006,82208102.59
"Gambia, The",2007,78099786.49
"Gambia, The",2008,78614989.73
"Gambia, The",2009,39447343.71
"Gambia, The",2010,37366207.68
"Gambia, The",2011,36178721.37
"Gambia, The",2012,33524808.59
"Gambia, The",2013,37635270.43
"Gambia, The",2014,28404020.8
Germany,2004,-20444719446.0
Germany,2005,59855759874.0
Germany,2006,87441737296.0
Germany,2007,50845049519.0
Germany,2008,30926055579.0
Germany,2009,56668665258.0
Germany,2010,86053684912.0
Germany,2011,97480731020.0
Germany,2012,65464274951.0
Germany,2013,67407574807.0
Germany,2014,16721265607.0
Ghana,2004,139270000.0
Ghana,2005,144970000.0
Ghana,2006,636010000.0
Ghana,2007,1383177930.0
Ghana,2008,2714916344.0
Ghana,2009,2372540000.0
Ghana,2010,2527350000.0
Ghana,2011,3247588000.0
Ghana,2012,3294520000.0
Ghana,2013,3227000000.0
Ghana,2014,3363389444.0
Greece,2004,2147448817.0
Greece,2005,689960219.9
Greece,2006,5409239581.0
Greece,2007,1957669989.0
Greece,2008,5733408744.0
Greece,2009,2762586782.0
Greece,2010,533689272.7
Greece,2011,1092091924.0
Greece,2012,1663327173.0
Greece,2013,2945417938.0
Greece,2014,2696796379.0
Guatemala,2004,321400000.0
Guatemala,2005,540000000.0
Guatemala,2006,635300000.0
Guatemala,2007,859200000.0
Guatemala,2008,751109109.8
Guatemala,2009,696452714.3
Guatemala,2010,845598200.0
Guatemala,2011,1139659133.0
Guatemala,2012,1263638429.0
Guatemala,2013,1353141908.0
Guatemala,2014,1165765000.0
Guinea,2004,0.0
Guinea,2005,105000000.0
Guinea,2006,125000000.0
Guinea,2007,385900000.0
Guinea,2008,381880000.0
Guinea,2009,140850000.0
Guinea,2010,101350000.0
Guinea,2011,956040000.0
Guinea,2012,605400000.0
Guinea,2013,135330000.0
Guinea,2014,68000000.0
Guinea-Bissau,2004,1915633.352
Guinea-Bissau,2005,8692468.09
Guinea-Bissau,2006,17887123.56
Guinea-Bissau,2007,18770117.49
Guinea-Bissau,2008,6630074.028
Guinea-Bissau,2009,18890200.0
Guinea-Bissau,2010,26240200.0
Guinea-Bissau,2011,25024047.39
Guinea-Bissau,2012,6624917.193
Guinea-Bissau,2013,19639703.8
Guinea-Bissau,2014,28852724.94
Heavily indebted poor countries (HIPC),2004,7082357643.0
Heavily indebted poor countries (HIPC),2005,8155846696.0
Heavily indebted poor countries (HIPC),2006,10331562498.0
Heavily indebted poor countries (HIPC),2007,16085267536.0
Heavily indebted poor countries (HIPC),2008,19519737733.0
Heavily indebted poor countries (HIPC),2009,15910902798.0
Heavily indebted poor countries (HIPC),2010,21044721904.0
Heavily indebted poor countries (HIPC),2011,29624254922.0
Heavily indebted poor countries (HIPC),2012,33405769368.0
Heavily indebted poor countries (HIPC),2013,35089444751.0
Heavily indebted poor countries (HIPC),2014,33179156890.0
High income,2004,789668000000.0
High income,2005,1237980000000.0
High income,2006,1747680000000.0
High income,2007,2542220000000.0
High income,2008,1814510000000.0
High income,2009,932052000000.0
High income,2010,1234380000000.0
High income,2011,1547370000000.0
High income,2012,1450990000000.0
High income,2013,1339490000000.0
High income,2014,1115740000000.0
Honduras,2004,592320092.9
Honduras,2005,601059572.2
Honduras,2006,717591908.2
Honduras,2007,966926354.3
Honduras,2008,1200798087.0
Honduras,2009,494497450.5
Honduras,2010,484836872.6
Honduras,2011,1042571021.0
Honduras,2012,1067550208.0
Honduras,2013,1069029263.0
Honduras,2014,1294065691.0
Hungary,2004,4538099567.0
Hungary,2005,8505362817.0
Hungary,2006,18678720025.0
Hungary,2007,70631297039.0
Hungary,2008,75013000490.0
Hungary,2009,-2967152013.0
Hungary,2010,-20933508134.0
Hungary,2011,10506179880.0
Hungary,2012,10618888829.0
Hungary,2013,-3772123439.0
Hungary,2014,12961326674.0
Iceland,2004,556559342.7
Iceland,2005,2641083180.0
Iceland,2006,3190006185.0
Iceland,2007,3129473540.0
Iceland,2008,-220811867.5
Iceland,2009,-382126777.0
Iceland,2010,-93134840.83
Iceland,2011,137129517.3
Iceland,2012,238744156.8
Iceland,2013,472623705.7
Iceland,2014,766784288.7
India,2004,5429250990.0
India,2005,7269407226.0
India,2006,20029119267.0
India,2007,25227740887.0
India,2008,43406277076.0
India,2009,35581372930.0
India,2010,27396885034.0
India,2011,36498654598.0
India,2012,23995685014.0
India,2013,28153031270.0
India,2014,34576643694.0
Indonesia,2004,1896082770.0
Indonesia,2005,8336257208.0
Indonesia,2006,4914201435.0
Indonesia,2007,6928480000.0
Indonesia,2008,9318453650.0
Indonesia,2009,4877369178.0
Indonesia,2010,15292009411.0
Indonesia,2011,20564938227.0
Indonesia,2012,21200778608.0
Indonesia,2013,23281742362.0
Indonesia,2014,25120732060.0
"Iran, Islamic Rep.",2004,3037299840.0
"Iran, Islamic Rep.",2005,2889191670.0
"Iran, Islamic Rep.",2006,2317538500.0
"Iran, Islamic Rep.",2007,2017791750.0
"Iran, Islamic Rep.",2008,1979988010.0
"Iran, Islamic Rep.",2009,2983421910.0
"Iran, Islamic Rep.",2010,3648972410.0
"Iran, Islamic Rep.",2011,4276718690.0
"Iran, Islamic Rep.",2012,4661734400.0
"Iran, Islamic Rep.",2013,3049945000.0
"Iran, Islamic Rep.",2014,2105494000.0
Ireland,2004,-10994234313.0
Ireland,2005,47028464779.0
Ireland,2006,22080936155.0
Ireland,2007,59941052660.0
Ireland,2008,23258563614.0
Ireland,2009,53935264225.0
Ireland,2010,37763638573.0
Ireland,2011,23664918435.0
Ireland,2012,40961642315.0
Ireland,2013,49960134752.0
Ireland,2014,86765614578.0
Israel,2004,2946900000.0
Israel,2005,4818400000.0
Israel,2006,15295500000.0
Israel,2007,8798100000.0
Israel,2008,10874100000.0
Israel,2009,4438100000.0
Israel,2010,5509600000.0
Israel,2011,8727600000.0
Israel,2012,8467600000.0
Israel,2013,12448100000.0
Israel,2014,6738000000.0
Italy,2004,20086849958.0
Italy,2005,36777786839.0
Italy,2006,56964903121.0
Italy,2007,65987320736.0
Italy,2008,-9500316173.0
Italy,2009,16574423268.0
Italy,2010,9937474797.0
Italy,2011,34443576600.0
Italy,2012,34812127.56
Italy,2013,19530574591.0
Italy,2014,17028003372.0
Jamaica,2004,559365888.0
Jamaica,2005,637901995.9
Jamaica,2006,842342788.3
Jamaica,2007,811902426.3
Jamaica,2008,1376602630.0
Jamaica,2009,485164640.1
Jamaica,2010,185775630.6
Jamaica,2011,172757165.4
Jamaica,2012,413333448.1
Jamaica,2013,544747561.8
Jamaica,2014,582148741.6
Japan,2004,7527948175.0
Japan,2005,5459618343.0
Japan,2006,-2396909736.0
Japan,2007,21631204436.0
Japan,2008,24624845330.0
Japan,2009,12226471579.0
Japan,2010,7440979284.0
Japan,2011,-850717035.1
Japan,2012,546962692.2
Japan,2013,10648441636.0
Japan,2014,19752249424.0
Jordan,2004,936812411.8
Jordan,2005,1984485190.0
Jordan,2006,3544005642.0
Jordan,2007,2622144779.0
Jordan,2008,2826744496.0
Jordan,2009,2413098592.0
Jordan,2010,1688394366.0
Jordan,2011,1486056338.0
Jordan,2012,1513237606.0
Jordan,2013,1805638280.0
Jordan,2014,2009304225.0
Kazakhstan,2004,5615262947.0
Kazakhstan,2005,2546065710.0
Kazakhstan,2006,7611168450.0
Kazakhstan,2007,11972842989.0
Kazakhstan,2008,16818890680.0
Kazakhstan,2009,14275888207.0
Kazakhstan,2010,7456117901.0
Kazakhstan,2011,13760291529.0
Kazakhstan,2012,13648134374.0
Kazakhstan,2013,10011293285.0
Kazakhstan,2014,7090689354.0
Kenya,2004,46063931.45
Kenya,2005,21211685.4
Kenya,2006,50674725.18
Kenya,2007,729044146.0
Kenya,2008,95585680.23
Kenya,2009,116257609.0
Kenya,2010,178064606.8
Kenya,2011,139862091.1
Kenya,2012,163410210.3
Kenya,2013,371846696.4
Kenya,2014,944327305.0
"Korea, Rep.",2004,13294400000.0
"Korea, Rep.",2005,13643200000.0
"Korea, Rep.",2006,9161900000.0
"Korea, Rep.",2007,8826900000.0
"Korea, Rep.",2008,11187500000.0
"Korea, Rep.",2009,9021900000.0
"Korea, Rep.",2010,9497400000.0
"Korea, Rep.",2011,9773000000.0
"Korea, Rep.",2012,9495900000.0
"Korea, Rep.",2013,12766600000.0
"Korea, Rep.",2014,9273600000.0
Kuwait,2004,23752969.12
Kuwait,2005,233904109.6
Kuwait,2006,121305596.3
Kuwait,2007,111535690.2
Kuwait,2008,-5951752.859
Kuwait,2009,1113588047.0
Kuwait,2010,1304627500.0
Kuwait,2011,3259067552.0
Kuwait,2012,2872588962.0
Kuwait,2013,1433630444.0
Kuwait,2014,485806657.8
Latin America & Caribbean,2004,106617000000.0
Latin America & Caribbean,2005,82296382605.0
Latin America & Caribbean,2006,105648000000.0
Latin America & Caribbean,2007,192361000000.0
Latin America & Caribbean,2008,221993000000.0
Latin America & Caribbean,2009,154940000000.0
Latin America & Caribbean,2010,237474000000.0
Latin America & Caribbean,2011,285865000000.0
Latin America & Caribbean,2012,286604000000.0
Latin America & Caribbean,2013,325003000000.0
Latin America & Caribbean,2014,273729000000.0
Latin America & Caribbean (excluding high income),2004,60147923173.0
Latin America & Caribbean (excluding high income),2005,69017734574.0
Latin America & Caribbean (excluding high income),2006,66882510750.0
Latin America & Caribbean (excluding high income),2007,114907000000.0
Latin America & Caribbean (excluding high income),2008,124296000000.0
Latin America & Caribbean (excluding high income),2009,75228915505.0
Latin America & Caribbean (excluding high income),2010,153344000000.0
Latin America & Caribbean (excluding high income),2011,180408000000.0
Latin America & Caribbean (excluding high income),2012,171804000000.0
Latin America & Caribbean (excluding high income),2013,170787000000.0
Latin America & Caribbean (excluding high income),2014,171569000000.0
Latvia,2004,591016370.9
Latvia,2005,810406848.7
Latvia,2006,1704978770.0
Latvia,2007,2713740045.0
Latvia,2008,1432688544.0
Latvia,2009,-32391422.09
Latvia,2010,435492262.8
Latvia,2011,1500490481.0
Latvia,2012,1078662408.0
Latvia,2013,989503246.0
Latvia,2014,1083404284.0
Least developed countries: UN classification,2004,8837274715.0
Least developed countries: UN classification,2005,5807140386.0
Least developed countries: UN classification,2006,9125567610.0
Least developed countries: UN classification,2007,12620075894.0
Least developed countries: UN classification,2008,18631755293.0
Least developed countries: UN classification,2009,15134456190.0
Least developed countries: UN classification,2010,15471406935.0
Least developed countries: UN classification,2011,21993467896.0
Least developed countries: UN classification,2012,22236565278.0
Least developed countries: UN classification,2013,23343067255.0
Least developed countries: UN classification,2014,29508708738.0
Lesotho,2004,55671430.94
Lesotho,2005,27441449.23
Lesotho,2006,24322286.69
Lesotho,2007,75616001.72
Lesotho,2008,11009973.06
Lesotho,2009,91349553.1
Lesotho,2010,9507301.296
Lesotho,2011,61173319.21
Lesotho,2012,56653435.23
Lesotho,2013,50429031.34
Lesotho,2014,94460146.98
Low & middle income,2004,218021000000.0
Low & middle income,2005,302973000000.0
Low & middle income,2006,396254000000.0
Low & middle income,2007,549148000000.0
Low & middle income,2008,627906000000.0
Low & middle income,2009,426995000000.0
Low & middle income,2010,627630000000.0
Low & middle income,2011,737049000000.0
Low & middle income,2012,673556000000.0
Low & middle income,2013,748910000000.0
Low & middle income,2014,678266000000.0
Low income,2004,3356699944.0
Low income,2005,3290260974.0
Low income,2006,3557619145.0
Low income,2007,6655677858.0
Low income,2008,8974019034.0
Low income,2009,7328148924.0
Low income,2010,11150675514.0
Low income,2011,17258753880.0
Low income,2012,19301209722.0
Low income,2013,18976246646.0
Low income,2014,17356104562.0
Lower middle income,2004,27868212150.0
Lower middle income,2005,52156849469.0
Lower middle income,2006,78719916317.0
Lower middle income,2007,105213000000.0
Lower middle income,2008,133224000000.0
Lower middle income,2009,101155000000.0
Lower middle income,2010,96539908269.0
Lower middle income,2011,114429000000.0
Lower middle income,2012,104633000000.0
Lower middle income,2013,110098000000.0
Lower middle income,2014,127101000000.0
Madagascar,2004,52910748.0
Madagascar,2005,85428623.9
Madagascar,2006,294681941.5
Madagascar,2007,789389724.1
Madagascar,2008,1134497642.0
Madagascar,2009,1293330142.0
Madagascar,2010,809707320.3
Madagascar,2011,738462649.0
Madagascar,2012,810503138.6
Madagascar,2013,566545549.9
Madagascar,2014,350652561.7
Malawi,2004,107811374.0
Malawi,2005,139696707.4
Malawi,2006,35561531.63
Malawi,2007,124388838.7
Malawi,2008,195424461.1
Malawi,2009,49130854.84
Malawi,2010,97010028.45
Malawi,2011,812753754.6
Malawi,2012,-8886001.78
Malawi,2013,451360605.7
Malawi,2014,598087746.6
Malaysia,2004,4376052632.0
Malaysia,2005,3924786635.0
Malaysia,2006,7690731246.0
Malaysia,2007,9071369835.0
Malaysia,2008,7572512432.0
Malaysia,2009,114664434.6
Malaysia,2010,10885614182.0
Malaysia,2011,15119371191.0
Malaysia,2012,8895774251.0
Malaysia,2013,11296278696.0
Malaysia,2014,10619431770.0
Maldives,2004,52933701.73
Maldives,2005,52991121.06
Maldives,2006,63826812.89
Maldives,2007,132432080.8
Maldives,2008,181255431.8
Maldives,2009,157963586.8
Maldives,2010,216468945.7
Maldives,2011,423530664.0
Maldives,2012,227976866.7
Maldives,2013,360816336.2
Maldives,2014,333375218.0
Mali,2004,84840599.64
Mali,2005,160218206.8
Mali,2006,148195574.1
Mali,2007,206064771.4
Mali,2008,266432781.9
Mali,2009,646609200.6
Mali,2010,371569832.6
Mali,2011,556147161.6
Mali,2012,397865237.2
Mali,2013,307853389.3
Mali,2014,144023010.6
Mauritius,2004,13894736.4
Mauritius,2005,41776995.78
Mauritius,2006,106758059.1
Mauritius,2007,340763853.7
Mauritius,2008,377724738.1
Mauritius,2009,256680711.8
Mauritius,2010,429958030.7
Mauritius,2011,433358879.7
Mauritius,2012,589018302.8
Mauritius,2013,293341671.7
Mauritius,2014,418430127.8
Mexico,2004,24916054094.0
Mexico,2005,26018159827.0
Mexico,2006,21147598685.0
Mexico,2007,32457165592.0
Mexico,2008,29381454305.0
Mexico,2009,18111810084.0
Mexico,2010,27262839557.0
Mexico,2011,24706234983.0
Mexico,2012,21060805585.0
Mexico,2013,47536863557.0
Mexico,2014,27507943844.0
Middle East & North Africa,2004,32800313658.0
Middle East & North Africa,2005,73129405134.0
Middle East & North Africa,2006,109955000000.0
Middle East & North Africa,2007,126454000000.0
Middle East & North Africa,2008,114355000000.0
Middle East & North Africa,2009,83675082867.0
Middle East & North Africa,2010,86092545626.0
Middle East & North Africa,2011,62774425479.0
Middle East & North Africa,2012,61339142359.0
Middle East & North Africa,2013,58611042922.0
Middle East & North Africa,2014,52640518343.0
Middle East & North Africa (excluding high income),2004,10521887306.0
Middle East & North Africa (excluding high income),2005,18170935379.0
Middle East & North Africa (excluding high income),2006,30379633372.0
Middle East & North Africa (excluding high income),2007,33637747266.0
Middle East & North Africa (excluding high income),2008,35606364313.0
Middle East & North Africa (excluding high income),2009,29219598630.0
Middle East & North Africa (excluding high income),2010,25932821028.0
Middle East & North Africa (excluding high income),2011,16177488832.0
Middle East & North Africa (excluding high income),2012,23011638880.0
Middle East & North Africa (excluding high income),2013,24035321919.0
Middle East & North Africa (excluding high income),2014,22769339267.0
Middle income,2004,215958000000.0
Middle income,2005,301478000000.0
Middle income,2006,395997000000.0
Middle income,2007,547063000000.0
Middle income,2008,624121000000.0
Middle income,2009,422867000000.0
Middle income,2010,617903000000.0
Middle income,2011,721207000000.0
Middle income,2012,655720000000.0
Middle income,2013,730871000000.0
Middle income,2014,664870000000.0
Moldova,2004,87690000.0
Moldova,2005,190700000.0
Moldova,2006,258680000.0
Moldova,2007,536020000.0
Moldova,2008,726610000.0
Moldova,2009,135150000.0
Moldova,2010,211990000.0
Moldova,2011,347930000.0
Moldova,2012,282580000.0
Moldova,2013,290460000.0
Moldova,2014,349930000.0
Morocco,2004,787053819.0
Morocco,2005,1619752454.0
Morocco,2006,2366000096.0
Morocco,2007,2806642141.0
Morocco,2008,2466288357.0
Morocco,2009,1970323920.0
Morocco,2010,1240625859.0
Morocco,2011,2521362081.0
Morocco,2012,2841954371.0
Morocco,2013,3360909924.0
Morocco,2014,3525625590.0
Mozambique,2004,244703873.4
Mozambique,2005,122413755.6
Mozambique,2006,251141650.3
Mozambique,2007,416689348.4
Mozambique,2008,641399415.8
Mozambique,2009,930100407.8
Mozambique,2010,1258453097.0
Mozambique,2011,3663937118.0
Mozambique,2012,5635092659.0
Mozambique,2013,6697422432.0
Mozambique,2014,4998799334.0
Namibia,2004,223561311.2
Namibia,2005,392757950.1
Namibia,2006,609772318.5
Namibia,2007,669789340.8
Namibia,2008,749771454.7
Namibia,2009,496965839.7
Namibia,2010,766949499.2
Namibia,2011,744486716.8
Namibia,2012,1077257171.0
Namibia,2013,853430352.7
Namibia,2014,405454698.2
Netherlands,2004,139818000000.0
Netherlands,2005,209981000000.0
Netherlands,2006,375136000000.0
Netherlands,2007,734010000000.0
Netherlands,2008,195192000000.0
Netherlands,2009,95931335754.0
Netherlands,2010,115730000000.0
Netherlands,2011,331838000000.0
Netherlands,2012,239755000000.0
Netherlands,2013,328684000000.0
Netherlands,2014,101394000000.0
New Zealand,2004,2319819298.0
New Zealand,2005,1906665964.0
New Zealand,2006,2912645687.0
New Zealand,2007,4335506076.0
New Zealand,2008,2591966537.0
New Zealand,2009,-52385533.24
New Zealand,2010,286306903.0
New Zealand,2011,1378410924.0
New Zealand,2012,4004181181.0
New Zealand,2013,-69519935.42
New Zealand,2014,3295679654.0
Nicaragua,2004,250000000.0
Nicaragua,2005,241100000.0
Nicaragua,2006,286800000.0
Nicaragua,2007,381700000.0
Nicaragua,2008,627300000.0
Nicaragua,2009,433900000.0
Nicaragua,2010,489900000.0
Nicaragua,2011,936300000.0
Nicaragua,2012,767700000.0
Nicaragua,2013,815500000.0
Nicaragua,2014,884100000.0
Niger,2004,24367537.69
Niger,2005,49733809.25
Niger,2006,40274236.62
Niger,2007,98942805.39
Niger,2008,281935056.4
Niger,2009,631278387.0
Niger,2010,795859656.0
Niger,2011,1065789606.0
Niger,2012,851019876.2
Niger,2013,719134023.7
Niger,2014,821872313.7
Nigeria,2004,1874033035.0
Nigeria,2005,4982533943.0
Nigeria,2006,4854416867.0
Nigeria,2007,6034971231.0
Nigeria,2008,8196606673.0
Nigeria,2009,8554840769.0
Nigeria,2010,6026232041.0
Nigeria,2011,8841113287.0
Nigeria,2012,7069934205.0
Nigeria,2013,5562873606.0
Nigeria,2014,4655849170.0
North America,2004,210151000000.0
North America,2005,163916000000.0
North America,2006,358502000000.0
North America,2007,461105000000.0
North America,2008,403022000000.0
North America,2009,174649000000.0
North America,2010,289280000000.0
North America,2011,295470000000.0
North America,2012,292436000000.0
North America,2013,344081000000.0
North America,2014,271617000000.0
Norway,2004,4918494986.0
Norway,2005,10058759830.0
Norway,2006,11877923790.0
Norway,2007,24806091103.0
Norway,2008,20578219685.0
Norway,2009,8635762892.0
Norway,2010,21634265663.0
Norway,2011,10296323076.0
Norway,2012,26865986947.0
Norway,2013,-275285355.2
Norway,2014,6152385999.0
OECD members,2004,706009000000.0
OECD members,2005,1153080000000.0
OECD members,2006,1595980000000.0
OECD members,2007,2317340000000.0
OECD members,2008,1617370000000.0
OECD members,2009,754933000000.0
OECD members,2010,986650000000.0
OECD members,2011,1324570000000.0
OECD members,2012,1178180000000.0
OECD members,2013,1099040000000.0
OECD members,2014,844556000000.0
Oman,2004,111053316.0
Oman,2005,1538361508.0
Oman,2006,1596098830.0
Oman,2007,3332119636.0
Oman,2008,2951885566.0
Oman,2009,1485825748.0
Oman,2010,1243172952.0
Oman,2011,1629144343.0
Oman,2012,1364629389.0
Oman,2013,1612430962.0
Oman,2014,1505331599.0
Pakistan,2004,1118000000.0
Pakistan,2005,2201000000.0
Pakistan,2006,4273000000.0
Pakistan,2007,5590000000.0
Pakistan,2008,5438000000.0
Pakistan,2009,2338000000.0
Pakistan,2010,2022000000.0
Pakistan,2011,1326000000.0
Pakistan,2012,859000000.0
Pakistan,2013,1333000000.0
Pakistan,2014,1867000000.0
Papua New Guinea,2004,29883258.83
Papua New Guinea,2005,31818696.74
Papua New Guinea,2006,11777272.97
Papua New Guinea,2007,94558953.92
Papua New Guinea,2008,-30591591.76
Papua New Guinea,2009,418816685.9
Papua New Guinea,2010,28720688.24
Papua New Guinea,2011,-309831004.1
Papua New Guinea,2012,-63782355.93
Papua New Guinea,2013,18222240.04
Papua New Guinea,2014,-30389394.59
Paraguay,2004,93979000.0
Paraguay,2005,7300000.0
Paraguay,2006,187800000.0
Paraguay,2007,105000000.0
Paraguay,2008,260900000.0
Paraguay,2009,49100000.0
Paraguay,2010,344100000.0
Paraguay,2011,447766666.7
Paraguay,2012,745400000.0
Paraguay,2013,74000000.0
Paraguay,2014,459020000.0
Peru,2004,1599038389.0
Peru,2005,2578719365.0
Peru,2006,3466531061.0
Peru,2007,5490961307.0
Peru,2008,6923651285.0
Peru,2009,6430652961.0
Peru,2010,8454627588.0
Peru,2011,7664946687.0
Peru,2012,11917886685.0
Peru,2013,9297768037.0
Peru,2014,7884539124.0
Philippines,2004,592000000.0
Philippines,2005,1664000000.0
Philippines,2006,2707414997.0
Philippines,2007,2918724841.0
Philippines,2008,1340027563.0
Philippines,2009,2064620678.0
Philippines,2010,1070386940.0
Philippines,2011,2007150725.0
Philippines,2012,3215415155.0
Philippines,2013,3737371740.0
Philippines,2014,5739574024.0
Poland,2004,13868000000.0
Poland,2005,11041000000.0
Poland,2006,21473000000.0
Poland,2007,25031000000.0
Poland,2008,14574000000.0
Poland,2009,14025000000.0
Poland,2010,18395000000.0
Poland,2011,18485000000.0
Poland,2012,7358000000.0
Poland,2013,795000000.0
Poland,2014,19776000000.0
Portugal,2004,2496972203.0
Portugal,2005,4428914068.0
Portugal,2006,13198582130.0
Portugal,2007,6026180108.0
Portugal,2008,7821376697.0
Portugal,2009,5578899469.0
Portugal,2010,8455785211.0
Portugal,2011,9817680645.0
Portugal,2012,21976623038.0
Portugal,2013,10804886161.0
Portugal,2014,13114055865.0
Russian Federation,2004,15402990000.0
Russian Federation,2005,15508050000.0
Russian Federation,2006,37594770000.0
Russian Federation,2007,55873680000.0
Russian Federation,2008,74782910000.0
Russian Federation,2009,36583100000.0
Russian Federation,2010,43167780000.0
Russian Federation,2011,55083630000.0
Russian Federation,2012,50587560000.0
Russian Federation,2013,69218890000.0
Russian Federation,2014,22031320000.0
Rwanda,2004,7700000.0
Rwanda,2005,10500000.0
Rwanda,2006,30643966.47
Rwanda,2007,82283165.86
Rwanda,2008,103346051.9
Rwanda,2009,118670000.0
Rwanda,2010,42332000.0
Rwanda,2011,106210000.0
Rwanda,2012,159814904.8
Rwanda,2013,257642420.2
Rwanda,2014,291726096.5
Saudi Arabia,2004,-334320000.0
Saudi Arabia,2005,12106749694.0
Saudi Arabia,2006,18317596796.0
Saudi Arabia,2007,24333811514.0
Saudi Arabia,2008,39455863929.0
Saudi Arabia,2009,36457666667.0
Saudi Arabia,2010,29232706667.0
Saudi Arabia,2011,16308280000.0
Saudi Arabia,2012,12182373333.0
Saudi Arabia,2013,8864693333.0
Saudi Arabia,2014,8011786667.0
Senegal,2004,137336903.7
Senegal,2005,167877437.2
Senegal,2006,289582834.4
Senegal,2007,350994490.1
Senegal,2008,453902667.5
Senegal,2009,330145120.8
Senegal,2010,271827672.5
Senegal,2011,338218819.4
Senegal,2012,276175329.5
Senegal,2013,311278273.7
Senegal,2014,402561894.3
Singapore,2004,24390314129.0
Singapore,2005,18090329984.0
Singapore,2006,36923890241.0
Singapore,2007,47733209770.0
Singapore,2008,12200705252.0
Singapore,2009,23821209700.0
Singapore,2010,55075864345.0
Singapore,2011,49155975338.0
Singapore,2012,56236647375.0
Singapore,2013,64684568049.0
Singapore,2014,73986661931.0
Slovenia,2004,763100000.0
Slovenia,2005,970800000.0
Slovenia,2006,691588429.4
Slovenia,2007,1884932873.0
Slovenia,2008,1081080207.0
Slovenia,2009,-346269217.1
Slovenia,2010,319054952.7
Slovenia,2011,875544802.3
Slovenia,2012,33548087.62
Slovenia,2013,103977238.6
Slovenia,2014,1019291465.0
Solomon Islands,2004,-2670173.389
Solomon Islands,2005,548149.3494
Solomon Islands,2006,44307544.56
Solomon Islands,2007,85983505.99
Solomon Islands,2008,75177085.38
Solomon Islands,2009,48583116.34
Solomon Islands,2010,165920898.3
Solomon Islands,2011,120052792.5
Solomon Islands,2012,23881499.3
Solomon Islands,2013,53434351.38
Solomon Islands,2014,21022029.97
South Africa,2004,701422007.6
South Africa,2005,6522098178.0
South Africa,2006,623291744.3
South Africa,2007,6586792253.0
South Africa,2008,9885001293.0
South Africa,2009,7624489974.0
South Africa,2010,3693271715.0
South Africa,2011,4139289123.0
South Africa,2012,4626029122.0
South Africa,2013,8232518816.0
South Africa,2014,5791659020.0
South Asia,2004,7477232653.0
South Asia,2005,10835965281.0
South Asia,2006,25539643966.0
South Asia,2007,32472490181.0
South Asia,2008,51156328359.0
South Asia,2009,39636706804.0
South Asia,2010,31562387498.0
South Asia,2011,40651615041.0
South Asia,2012,27771786000.0
South Asia,2013,33514678223.0
South Asia,2014,40312703980.0
Spain,2004,25176365229.0
Spain,2005,26720350857.0
Spain,2006,32989821047.0
Spain,2007,73772822154.0
Spain,2008,79557788103.0
Spain,2009,13478740375.0
Spain,2010,41020054117.0
Spain,2011,31782139561.0
Spain,2012,24915158981.0
Spain,2013,52287690611.0
Spain,2014,35775858957.0
Sri Lanka,2004,232800000.0
Sri Lanka,2005,272400000.0
Sri Lanka,2006,479700000.0
Sri Lanka,2007,603000000.0
Sri Lanka,2008,752200000.0
Sri Lanka,2009,404000000.0
Sri Lanka,2010,477559000.0
Sri Lanka,2011,955920000.0
Sri Lanka,2012,941116591.2
Sri Lanka,2013,932551317.6
Sri Lanka,2014,893628980.3
Sub-Saharan Africa,2004,12293344820.0
Sub-Saharan Africa,2005,19596780333.0
Sub-Saharan Africa,2006,16434306081.0
Sub-Saharan Africa,2007,29979272159.0
Sub-Saharan Africa,2008,38968346274.0
Sub-Saharan Africa,2009,36372342473.0
Sub-Saharan Africa,2010,30880194344.0
Sub-Saharan Africa,2011,42423599639.0
Sub-Saharan Africa,2012,40417030080.0
Sub-Saharan Africa,2013,40957628612.0
Sub-Saharan Africa,2014,46831083087.0
Sub-Saharan Africa (excluding high income),2004,12255329968.0
Sub-Saharan Africa (excluding high income),2005,19516050594.0
Sub-Saharan Africa (excluding high income),2006,16293750388.0
Sub-Saharan Africa (excluding high income),2007,29803344528.0
Sub-Saharan Africa (excluding high income),2008,38788520830.0
Sub-Saharan Africa (excluding high income),2009,36204090811.0
Sub-Saharan Africa (excluding high income),2010,30720398969.0
Sub-Saharan Africa (excluding high income),2011,42280358974.0
Sub-Saharan Africa (excluding high income),2012,39803821303.0
Sub-Saharan Africa (excluding high income),2013,40900339547.0
Sub-Saharan Africa (excluding high income),2014,46722776081.0
Sudan,2004,1511070000.0
Sudan,2005,1561689997.0
Sudan,2006,1841833814.0
Sudan,2007,1504379838.0
Sudan,2008,1653120315.0
Sudan,2009,1726298403.0
Sudan,2010,2063730998.0
Sudan,2011,1734376994.0
Sudan,2012,2311460740.0
Sudan,2013,1687884179.0
Sudan,2014,1251280889.0
Suriname,2004,-37300000.0
Suriname,2005,27900000.0
Suriname,2006,-163400000.0
Suriname,2007,-246700000.0
Suriname,2008,-231400000.0
Suriname,2009,-93400000.0
Suriname,2010,-247700000.0
Suriname,2011,145288761.2
Suriname,2012,169442185.1
Suriname,2013,186765030.6
Suriname,2014,-59673138.08
Swaziland,2004,69582011.84
Swaziland,2005,-45850344.68
Swaziland,2006,121031132.7
Swaziland,2007,37493846.24
Swaziland,2008,105729374.7
Swaziland,2009,65705859.52
Swaziland,2010,135660413.7
Swaziland,2011,93211828.7
Swaziland,2012,89720140.54
Swaziland,2013,29442304.11
Swaziland,2014,26584893.89
Sweden,2004,16854649894.0
Sweden,2005,20782686616.0
Sweden,2006,22052656379.0
Sweden,2007,46143507533.0
Sweden,2008,41436553996.0
Sweden,2009,8960871621.0
Sweden,2010,625102142.5
Sweden,2011,6979353755.0
Sweden,2012,4273531542.0
Sweden,2013,1543757552.0
Sweden,2014,-8626915507.0
Switzerland,2004,7102294153.0
Switzerland,2005,2664910821.0
Switzerland,2006,53760772986.0
Switzerland,2007,48688296543.0
Switzerland,2008,2990936685.0
Switzerland,2009,47658570355.0
Switzerland,2010,17670735603.0
Switzerland,2011,20764483835.0
Switzerland,2012,39943494322.0
Switzerland,2013,-24926465857.0
Switzerland,2014,20369335535.0
Tanzania,2004,442539548.4
Tanzania,2005,935520591.7
Tanzania,2006,403038991.4
Tanzania,2007,581511807.0
Tanzania,2008,1383260000.0
Tanzania,2009,952630000.0
Tanzania,2010,1813200000.0
Tanzania,2011,1229361018.0
Tanzania,2012,1799646137.0
Tanzania,2013,2087261310.0
Tanzania,2014,2044550443.0
Thailand,2004,5860255943.0
Thailand,2005,8215637195.0
Thailand,2006,8917470351.0
Thailand,2007,8633903441.0
Thailand,2008,8561557725.0
Thailand,2009,6411458545.0
Thailand,2010,14746672920.0
Thailand,2011,2473685996.0
Thailand,2012,12899036061.0
Thailand,2013,15935960663.0
Thailand,2014,4975455660.0
Togo,2004,79824366.06
Togo,2005,95965416.47
Togo,2006,91315553.92
Togo,2007,62324369.4
Togo,2008,50687212.17
Togo,2009,46118873.9
Togo,2010,124942198.6
Togo,2011,727757280.6
Togo,2012,121518516.1
Togo,2013,183547067.3
Togo,2014,53948489.72
Trinidad and Tobago,2004,998100000.0
Trinidad and Tobago,2005,939700000.0
Trinidad and Tobago,2006,882700000.0
Trinidad and Tobago,2007,830000000.0
Trinidad and Tobago,2008,2800800000.0
Trinidad and Tobago,2009,709100000.0
Trinidad and Tobago,2010,549400000.0
Trinidad and Tobago,2011,54557315.5
Trinidad and Tobago,2012,-1891033844.0
Trinidad and Tobago,2013,-1134422044.0
Trinidad and Tobago,2014,671596266.0
Tunisia,2004,592147521.7
Tunisia,2005,712714847.3
Tunisia,2006,3239909093.0
Tunisia,2007,1515345044.0
Tunisia,2008,2600674976.0
Tunisia,2009,1525244858.0
Tunisia,2010,1334497695.0
Tunisia,2011,432666011.6
Tunisia,2012,1554269129.0
Tunisia,2013,1058622582.0
Tunisia,2014,1024754444.0
Turkey,2004,2785000000.0
Turkey,2005,10031000000.0
Turkey,2006,20185000000.0
Turkey,2007,22047000000.0
Turkey,2008,19851000000.0
Turkey,2009,8585000000.0
Turkey,2010,9099000000.0
Turkey,2011,16182000000.0
Turkey,2012,13628000000.0
Turkey,2013,12896000000.0
Turkey,2014,12828000000.0
Uganda,2004,295416479.8
Uganda,2005,379808340.7
Uganda,2006,644262499.9
Uganda,2007,792305780.9
Uganda,2008,728860900.7
Uganda,2009,841570802.7
Uganda,2010,543872727.3
Uganda,2011,894293858.0
Uganda,2012,1205388488.0
Uganda,2013,1096000000.0
Uganda,2014,1058564540.0
Ukraine,2004,1715000000.0
Ukraine,2005,7808000000.0
Ukraine,2006,5604000000.0
Ukraine,2007,10193000000.0
Ukraine,2008,10700000000.0
Ukraine,2009,4769000000.0
Ukraine,2010,6451000000.0
Ukraine,2011,7207000000.0
Ukraine,2012,8175000000.0
Ukraine,2013,4509000000.0
Ukraine,2014,847000000.0
United Arab Emirates,2004,10003500000.0
United Arab Emirates,2005,10899931926.0
United Arab Emirates,2006,12805990470.0
United Arab Emirates,2007,14186521443.0
United Arab Emirates,2008,5062972005.0
United Arab Emirates,2009,1134288135.0
United Arab Emirates,2010,8796769641.0
United Arab Emirates,2011,7152095826.0
United Arab Emirates,2012,8828372518.0
United Arab Emirates,2013,9490990320.0
United Arab Emirates,2014,10810074881.0
United States,2004,207877000000.0
United States,2005,138327000000.0
United States,2006,294288000000.0
United States,2007,340065000000.0
United States,2008,332734000000.0
United States,2009,153788000000.0
United States,2010,259344000000.0
United States,2011,257410000000.0
United States,2012,243011000000.0
United States,2013,276978000000.0
United States,2014,207367000000.0
Upper middle income,2004,188090000000.0
Upper middle income,2005,249321000000.0
Upper middle income,2006,317277000000.0
Upper middle income,2007,441850000000.0
Upper middle income,2008,490897000000.0
Upper middle income,2009,321712000000.0
Upper middle income,2010,521364000000.0
Upper middle income,2011,606778000000.0
Upper middle income,2012,551087000000.0
Upper middle income,2013,620773000000.0
Upper middle income,2014,537769000000.0
Uruguay,2004,352712784.3
Uruguay,2005,826626704.3
Uruguay,2006,1508350269.0
Uruguay,2007,1358736506.0
Uruguay,2008,2141969341.0
Uruguay,2009,1602591813.0
Uruguay,2010,2191067967.0
Uruguay,2011,2690094197.0
Uruguay,2012,2569214901.0
Uruguay,2013,3040151836.0
Uruguay,2014,2385090966.0
Uzbekistan,2004,176600000.0
Uzbekistan,2005,191600000.0
Uzbekistan,2006,173800000.0
Uzbekistan,2007,705200000.0
Uzbekistan,2008,711300000.0
Uzbekistan,2009,842000000.0
Uzbekistan,2010,1636448861.0
Uzbekistan,2011,1635145000.0
Uzbekistan,2012,563040000.0
Uzbekistan,2013,628866000.0
Uzbekistan,2014,626195000.0
"Venezuela, RB",2004,1489000000.0
"Venezuela, RB",2005,2450000000.0
"Venezuela, RB",2006,198000000.0
"Venezuela, RB",2007,4358000000.0
"Venezuela, RB",2008,2083000000.0
"Venezuela, RB",2009,-1137000000.0
"Venezuela, RB",2010,1583000000.0
"Venezuela, RB",2011,5855000000.0
"Venezuela, RB",2012,4986000000.0
"Venezuela, RB",2013,2145000000.0
"Venezuela, RB",2014,390000000.0
World,2004,1008980000000.0
World,2005,1542750000000.0
World,2006,2147230000000.0
World,2007,3095930000000.0
World,2008,2447600000000.0
World,2009,1362250000000.0
World,2010,1863430000000.0
World,2011,2285840000000.0
World,2012,2126010000000.0
World,2013,2089340000000.0
World,2014,1797970000000.0
"Yemen, Rep.",2004,143578198.5
"Yemen, Rep.",2005,-302056736.8
"Yemen, Rep.",2006,1120970000.0
"Yemen, Rep.",2007,917300000.0
"Yemen, Rep.",2008,1554630000.0
"Yemen, Rep.",2009,129200000.0
"Yemen, Rep.",2010,188641795.8
"Yemen, Rep.",2011,-517842928.5
"Yemen, Rep.",2012,-14239188.36
"Yemen, Rep.",2013,-133570895.6
"Yemen, Rep.",2014,-233104668.6
Zambia,2004,364040000.0
Zambia,2005,356940000.0
Zambia,2006,615790000.0
Zambia,2007,1323900000.0
Zambia,2008,938620000.0
Zambia,2009,694800000.0
Zambia,2010,1729300000.0
Zambia,2011,1108500000.0
Zambia,2012,1731500000.0
Zambia,2013,2099800000.0
Zambia,2014,1507800000.0
Zimbabwe,2004,8700000.0
Zimbabwe,2005,102800000.0
Zimbabwe,2006,40000000.0
Zimbabwe,2007,68900000.0
Zimbabwe,2008,51600000.0
Zimbabwe,2009,105000000.0
Zimbabwe,2010,122586666.7
Zimbabwe,2011,344300000.0
Zimbabwe,2012,349850000.0
Zimbabwe,2013,373050000.0
Zimbabwe,2014,472800000.0
