Country Name, Year,co2 emissions
Afghanistan,2004,0.108152489
Afghanistan,2005,0.135968132
Afghanistan,2006,0.16012746
Afghanistan,2007,0.1939684
Afghanistan,2008,0.346334138
Afghanistan,2009,0.46057897
Afghanistan,2010,0.531062425
Afghanistan,2011,0.723810211
Afghanistan,2012,0.555766729
Afghanistan,2013,0.507546796
Afghanistan,2014,0.490698818
Albania,2004,0.475165987
Albania,2005,0.458949056
Albania,2006,0.398906744
Albania,2007,0.379517341
Albania,2008,0.393145176
Albania,2009,0.38072058
Albania,2010,0.385548421
Albania,2011,0.428428109
Albania,2012,0.395824525
Albania,2013,0.403758511
Albania,2014,0.447740468
Angola,2004,0.480796827
Angola,2005,0.41440758
Angola,2006,0.39895384
Angola,2007,0.367608737
Angola,2008,0.330139355
Angola,2009,0.348477468
Angola,2010,0.352334016
Angola,2011,0.35402371
Angola,2012,0.370602297
Angola,2013,0.33884770000000003
Angola,2014,0.344577654
Arab World,2004,0.778463094
Arab World,2005,0.775045069
Arab World,2006,0.7628806579999999
Arab World,2007,0.717869051
Arab World,2008,0.744323033
Arab World,2009,0.785510134
Arab World,2010,0.7801725890000001
Arab World,2011,0.757969067
Arab World,2012,0.782211157
Arab World,2013,0.745504754
Arab World,2014,0.773633151
Argentina,2004,0.514176202
Argentina,2005,0.485916781
Argentina,2006,0.486695169
Argentina,2007,0.445815394
Argentina,2008,0.462504098
Argentina,2009,0.467825073
Argentina,2010,0.443595179
Argentina,2011,0.426742488
Argentina,2012,0.432793453
Argentina,2013,0.417125085
Argentina,2014,0.459818105
Armenia,2004,0.541280013
Armenia,2005,0.5676666260000001
Armenia,2006,0.504860952
Armenia,2007,0.512919484
Armenia,2008,0.52671661
Armenia,2009,0.48119301
Armenia,2010,0.455390955
Armenia,2011,0.507187634
Armenia,2012,0.547919237
Armenia,2013,0.511972229
Armenia,2014,0.497148756
Australia,2004,0.35606991600000004
Australia,2005,0.352541013
Australia,2006,0.357180646
Australia,2007,0.350626007
Australia,2008,0.350674313
Australia,2009,0.35236691
Australia,2010,0.341998256
Australia,2011,0.334889368
Australia,2012,0.320099995
Australia,2013,0.299327648
Australia,2014,0.283091981
Austria,2004,0.202062666
Austria,2005,0.202818341
Austria,2006,0.190812678
Austria,2007,0.177949302
Austria,2008,0.173459452
Austria,2009,0.16386291
Austria,2010,0.17298842399999995
Austria,2011,0.162075271
Austria,2012,0.154079764
Austria,2013,0.154414186
Austria,2014,0.144159919
Bangladesh,2004,0.467834219
Bangladesh,2005,0.459803845
Bangladesh,2006,0.475406774
Bangladesh,2007,0.452626157
Bangladesh,2008,0.476301949
Bangladesh,2009,0.492112663
Bangladesh,2010,0.519930557
Bangladesh,2011,0.5166856670000001
Bangladesh,2012,0.51635604
Bangladesh,2013,0.502967142
Bangladesh,2014,0.497897765
Belize,2004,0.327218637
Belize,2005,0.34284255700000005
Belize,2006,0.34492366
Belize,2007,0.366531492
Belize,2008,0.32502390800000003
Belize,2009,0.4339126270000001
Belize,2010,0.385830514
Belize,2011,0.421580522
Belize,2012,0.321869001
Belize,2013,0.34213226700000005
Belize,2014,0.316977305
Benin,2004,0.441931587
Benin,2005,0.414802851
Benin,2006,0.6453279160000001
Benin,2007,0.70689741
Benin,2008,0.661276988
Benin,2009,0.6828197640000001
Benin,2010,0.7302180909999999
Benin,2011,0.737819587
Benin,2012,0.7273574890000001
Benin,2013,0.7208444209999999
Benin,2014,0.7367656109999999
Bhutan,2004,0.327406128
Bhutan,2005,0.3929617970000001
Bhutan,2006,0.364366469
Bhutan,2007,0.308979369
Bhutan,2008,0.316966542
Bhutan,2009,0.27392468600000003
Bhutan,2010,0.307612393
Bhutan,2011,0.428743265
Bhutan,2012,0.45497379
Bhutan,2013,0.501358946
Bhutan,2014,0.5156748879999999
Bolivia,2004,0.73940215
Bolivia,2005,0.776310508
Bolivia,2006,0.915324699
Bolivia,2007,0.716967933
Bolivia,2008,0.725046408
Bolivia,2009,0.74133285
Bolivia,2010,0.773723525
Bolivia,2011,0.781038701
Bolivia,2012,0.864814552
Bolivia,2013,0.815153903
Bolivia,2014,0.833925345
Botswana,2004,0.398363331
Botswana,2005,0.400357181
Botswana,2006,0.373094664
Botswana,2007,0.35251733700000004
Botswana,2008,0.353359088
Botswana,2009,0.31943736
Botswana,2010,0.366509164
Botswana,2011,0.308016463
Botswana,2012,0.298759641
Botswana,2013,0.33156682600000004
Botswana,2014,0.428197365
Brazil,2004,0.196441118
Brazil,2005,0.195689042
Brazil,2006,0.18842626
Brazil,2007,0.18558605
Brazil,2008,0.18846198100000006
Brazil,2009,0.178727926
Brazil,2010,0.190031031
Brazil,2011,0.191326812
Brazil,2012,0.200799707
Brazil,2013,0.208897459
Brazil,2014,0.218633344
Bulgaria,2004,1.154078977
Bulgaria,2005,1.101836777
Bulgaria,2006,1.055278762
Bulgaria,2007,1.045344188
Bulgaria,2008,0.960791593
Bulgaria,2009,0.843485402
Bulgaria,2010,0.8716455809999999
Bulgaria,2011,0.956718941
Bulgaria,2012,0.866516244
Bulgaria,2013,0.760952101
Bulgaria,2014,0.804380257
Burkina Faso,2004,0.179630908
Burkina Faso,2005,0.168607079
Burkina Faso,2006,0.191765064
Burkina Faso,2007,0.219660438
Burkina Faso,2008,0.238467797
Burkina Faso,2009,0.233378925
Burkina Faso,2010,0.218469071
Burkina Faso,2011,0.231161296
Burkina Faso,2012,0.258202466
Burkina Faso,2013,0.292113901
Burkina Faso,2014,0.261214968
Burundi,2004,0.122796381
Burundi,2005,0.094656388
Burundi,2006,0.109067015
Burundi,2007,0.104085651
Burundi,2008,0.101026603
Burundi,2009,0.097640031
Burundi,2010,0.104933508
Burundi,2011,0.114603352
Burundi,2012,0.12853751800000002
Burundi,2013,0.126083797
Burundi,2014,0.182990648
Cabo Verde,2004,0.281696754
Cabo Verde,2005,0.351311418
Cabo Verde,2006,0.349737597
Cabo Verde,2007,0.324855136
Cabo Verde,2008,0.282525493
Cabo Verde,2009,0.319695443
Cabo Verde,2010,0.334903799
Cabo Verde,2011,0.3560265420000001
Cabo Verde,2012,0.289320166
Cabo Verde,2013,0.28285635600000003
Cabo Verde,2014,0.27700362300000003
Cameroon,2004,0.197783513
Cameroon,2005,0.180620442
Cameroon,2006,0.182790678
Cameroon,2007,0.267474242
Cameroon,2008,0.247067455
Cameroon,2009,0.294003955
Cameroon,2010,0.287026674
Cameroon,2011,0.234473641
Cameroon,2012,0.238153424
Cameroon,2013,0.24936813
Cameroon,2014,0.243445018
Chad,2004,0.052708173
Chad,2005,0.047538862
Chad,2006,0.048099325
Chad,2007,0.052869605
Chad,2008,0.056596684
Chad,2009,0.052352752
Chad,2010,0.048513913
Chad,2011,0.050536455
Chad,2012,0.052728513
Chad,2013,0.057054175
Chad,2014,0.055607004
Chile,2004,0.347964629
Chile,2005,0.34031098600000004
Chile,2006,0.33560305799999995
Chile,2007,0.353593768
Chile,2008,0.342553031
Chile,2009,0.323558272
Chile,2010,0.330610921
Chile,2011,0.341727185
Chile,2012,0.331556827
Chile,2013,0.327527417
Chile,2014,0.31882678
Comoros,2004,0.300072856
Comoros,2005,0.284311601
Comoros,2006,0.320713929
Comoros,2007,0.202470608
Comoros,2008,0.20886568100000005
Comoros,2009,0.254322251
Comoros,2010,0.304147072
Comoros,2011,0.249278789
Comoros,2012,0.255100309
Comoros,2013,0.303352281
Comoros,2014,0.260071509
"Congo, Dem. Rep.",2004,0.081192049
"Congo, Dem. Rep.",2005,0.095681905
"Congo, Dem. Rep.",2006,0.097511566
"Congo, Dem. Rep.",2007,0.100128908
"Congo, Dem. Rep.",2008,0.099770352
"Congo, Dem. Rep.",2009,0.091261219
"Congo, Dem. Rep.",2010,0.098449978
"Congo, Dem. Rep.",2011,0.113694368
"Congo, Dem. Rep.",2012,0.102199156
"Congo, Dem. Rep.",2013,0.14078129
"Congo, Dem. Rep.",2014,0.167293105
"Congo, Rep.",2004,0.109950823
"Congo, Rep.",2005,0.105582763
"Congo, Rep.",2006,0.113106189
"Congo, Rep.",2007,0.124721399
"Congo, Rep.",2008,0.127418169
"Congo, Rep.",2009,0.158083805
"Congo, Rep.",2010,0.16490670300000002
"Congo, Rep.",2011,0.181893893
"Congo, Rep.",2012,0.230422609
"Congo, Rep.",2013,0.23155848
"Congo, Rep.",2014,0.217370882
Costa Rica,2004,0.243703131
Costa Rica,2005,0.23251089100000005
Costa Rica,2006,0.224111041
Costa Rica,2007,0.237046336
Costa Rica,2008,0.226718857
Costa Rica,2009,0.222538343
Costa Rica,2010,0.203084657
Costa Rica,2011,0.19913233
Costa Rica,2012,0.19064744100000006
Costa Rica,2013,0.182368846
Costa Rica,2014,0.17967131600000005
Cote d'Ivoire,2004,0.34958200799999994
Cote d'Ivoire,2005,0.350901742
Cote d'Ivoire,2006,0.309054916
Cote d'Ivoire,2007,0.29414445100000003
Cote d'Ivoire,2008,0.286850302
Cote d'Ivoire,2009,0.231965339
Cote d'Ivoire,2010,0.279985477
Cote d'Ivoire,2011,0.304700232
Cote d'Ivoire,2012,0.35291567
Cote d'Ivoire,2013,0.372560524
Cote d'Ivoire,2014,0.353962295
Croatia,2004,0.39989744
Croatia,2005,0.387623987
Croatia,2006,0.370162907
Croatia,2007,0.371048112
Croatia,2008,0.344726283
Croatia,2009,0.34870845100000003
Croatia,2010,0.33808803299999995
Croatia,2011,0.33293999
Croatia,2012,0.309195217
Croatia,2013,0.304813859
Croatia,2014,0.293967558
Denmark,2004,0.16252224699999998
Denmark,2005,0.147808846
Denmark,2006,0.16607743
Denmark,2007,0.150422289
Denmark,2008,0.14120127
Denmark,2009,0.140818262
Denmark,2010,0.144848592
Denmark,2011,0.124563485
Denmark,2012,0.111387373
Denmark,2013,0.116733951
Denmark,2014,0.099808493
Dominican Republic,2004,0.503417439
Dominican Republic,2005,0.469045174
Dominican Republic,2006,0.449833267
Dominican Republic,2007,0.442859281
Dominican Republic,2008,0.419724158
Dominican Republic,2009,0.406072663
Dominican Republic,2010,0.389640905
Dominican Republic,2011,0.381609704
Dominican Republic,2012,0.386884916
Dominican Republic,2013,0.35798138
Dominican Republic,2014,0.334204915
East Asia & Pacific,2004,0.6825353740000001
East Asia & Pacific,2005,0.6987955029999999
East Asia & Pacific,2006,0.7083457540000001
East Asia & Pacific,2007,0.7053174740000001
East Asia & Pacific,2008,0.719220642
East Asia & Pacific,2009,0.7353380270000001
East Asia & Pacific,2010,0.743151355
East Asia & Pacific,2011,0.7763882590000001
East Asia & Pacific,2012,0.760984497
East Asia & Pacific,2013,0.734101435
East Asia & Pacific,2014,0.7057927540000001
East Asia & Pacific (excluding high income),2004,1.386480449
East Asia & Pacific (excluding high income),2005,1.404077103
East Asia & Pacific (excluding high income),2006,1.3835362219999998
East Asia & Pacific (excluding high income),2007,1.321231314
East Asia & Pacific (excluding high income),2008,1.309793094
East Asia & Pacific (excluding high income),2009,1.286184988
East Asia & Pacific (excluding high income),2010,1.274905863
East Asia & Pacific (excluding high income),2011,1.307891917
East Asia & Pacific (excluding high income),2012,1.253877093
East Asia & Pacific (excluding high income),2013,1.181608435
East Asia & Pacific (excluding high income),2014,1.111971756
Ecuador,2004,0.5194491520000001
Ecuador,2005,0.5140227620000001
Ecuador,2006,0.469494026
Ecuador,2007,0.507652113
Ecuador,2008,0.50694866
Ecuador,2009,0.5368405039999999
Ecuador,2010,0.524200828
Ecuador,2011,0.51460523
Ecuador,2012,0.481200098
Ecuador,2013,0.492860949
Ecuador,2014,0.507724084
"Egypt, Arab Rep.",2004,0.9721201
"Egypt, Arab Rep.",2005,1.030919661
"Egypt, Arab Rep.",2006,1.030448988
"Egypt, Arab Rep.",2007,1.018830752
"Egypt, Arab Rep.",2008,0.9985139
"Egypt, Arab Rep.",2009,0.993068805
"Egypt, Arab Rep.",2010,0.926113476
"Egypt, Arab Rep.",2011,0.97477265
"Egypt, Arab Rep.",2012,0.953224956
"Egypt, Arab Rep.",2013,0.917126641
"Egypt, Arab Rep.",2014,0.843045988
Equatorial Guinea,2004,0.5046113010000001
Equatorial Guinea,2005,0.390304128
Equatorial Guinea,2006,0.365766949
Equatorial Guinea,2007,0.319970762
Equatorial Guinea,2008,0.255010999
Equatorial Guinea,2009,0.258187854
Equatorial Guinea,2010,0.287086538
Equatorial Guinea,2011,0.352932334
Equatorial Guinea,2012,0.272025198
Equatorial Guinea,2013,0.286397563
Equatorial Guinea,2014,0.2986421
Estonia,2004,0.950368033
Estonia,2005,0.842369412
Estonia,2006,0.737485852
Estonia,2007,0.791675303
Estonia,2008,0.7825700329999999
Estonia,2009,0.764168814
Estonia,2010,0.929029046
Estonia,2011,0.8872117709999999
Estonia,2012,0.805649359
Estonia,2013,0.89672428
Estonia,2014,0.85570836
Euro area,2004,0.231762233
Euro area,2005,0.226564829
Euro area,2006,0.219574316
Euro area,2007,0.209441171
Euro area,2008,0.203739636
Euro area,2009,0.197275253
Euro area,2010,0.197433411
Euro area,2011,0.18709745100000005
Euro area,2012,0.184894052
Euro area,2013,0.181955306
Euro area,2014,0.170619021
Europe & Central Asia,2004,0.359910301
Europe & Central Asia,2005,0.350438336
Europe & Central Asia,2006,0.343832554
Europe & Central Asia,2007,0.330083031
Europe & Central Asia,2008,0.326274178
Europe & Central Asia,2009,0.313714322
Europe & Central Asia,2010,0.320673152
Europe & Central Asia,2011,0.312451843
Europe & Central Asia,2012,0.311828818
Europe & Central Asia,2013,0.303101915
Europe & Central Asia,2014,0.283963711
Europe & Central Asia (excluding high income),2004,1.172238857
Europe & Central Asia (excluding high income),2005,1.10216781
Europe & Central Asia (excluding high income),2006,1.058888065
Europe & Central Asia (excluding high income),2007,0.998084159
Europe & Central Asia (excluding high income),2008,0.973612659
Europe & Central Asia (excluding high income),2009,0.943670159
Europe & Central Asia (excluding high income),2010,0.961325644
Europe & Central Asia (excluding high income),2011,0.95220983
Europe & Central Asia (excluding high income),2012,0.938553171
Europe & Central Asia (excluding high income),2013,0.880277434
Europe & Central Asia (excluding high income),2014,0.83174426
European Union,2004,0.254978696
European Union,2005,0.248763219
European Union,2006,0.242589367
European Union,2007,0.231375594
European Union,2008,0.225251458
European Union,2009,0.2167007
European Union,2010,0.218506718
European Union,2011,0.206717678
European Union,2012,0.203393958
European Union,2013,0.198721207
European Union,2014,0.185196243
Fiji,2004,0.449443434
Fiji,2005,0.361651599
Fiji,2006,0.394262675
Fiji,2007,0.378481631
Fiji,2008,0.289257872
Fiji,2009,0.259663377
Fiji,2010,0.388825844
Fiji,2011,0.337656526
Fiji,2012,0.322487425
Fiji,2013,0.330300368
Fiji,2014,0.318227751
Finland,2004,0.289821595
Finland,2005,0.229673414
Finland,2006,0.26739407
Finland,2007,0.245708365
Finland,2008,0.215485464
Finland,2009,0.220903757
Finland,2010,0.250534125
Finland,2011,0.223537127
Finland,2012,0.196108742
Finland,2013,0.189908286
Finland,2014,0.191442133
France,2004,0.153081874
France,2005,0.151291693
France,2006,0.144099038
France,2007,0.138293588
France,2008,0.136971023
France,2009,0.135564495
France,2010,0.13337922800000002
France,2011,0.122805581
France,2012,0.123107269
France,2013,0.12272117
France,2014,0.110354179
"Gambia, The",2004,0.383367667
"Gambia, The",2005,0.387012066
"Gambia, The",2006,0.401845525
"Gambia, The",2007,0.443160749
"Gambia, The",2008,0.436588966
"Gambia, The",2009,0.426541871
"Gambia, The",2010,0.454318365
"Gambia, The",2011,0.490971519
"Gambia, The",2012,0.4713864720000001
"Gambia, The",2013,0.428109909
"Gambia, The",2014,0.503508918
Germany,2004,0.255952604
Germany,2005,0.248050821
Germany,2006,0.244988777
Germany,2007,0.226813684
Germany,2008,0.2243904
Germany,2009,0.219991332
Germany,2010,0.222077548
Germany,2011,0.206794123
Germany,2012,0.207850284
Germany,2013,0.211716359
Germany,2014,0.198092344
Ghana,2004,0.331591809
Ghana,2005,0.29796194
Ghana,2006,0.374756781
Ghana,2007,0.3771589420000001
Ghana,2008,0.32130295
Ghana,2009,0.258492847
Ghana,2010,0.30943202
Ghana,2011,0.267924337
Ghana,2012,0.296166472
Ghana,2013,0.339719727
Ghana,2014,0.32325647
Greece,2004,0.321135541
Greece,2005,0.324235464
Greece,2006,0.302566402
Greece,2007,0.295868447
Greece,2008,0.289971504
Greece,2009,0.290301507
Greece,2010,0.280119302
Greece,2011,0.293511092
Greece,2012,0.3174262
Greece,2013,0.284775575
Greece,2014,0.274938158
Guatemala,2004,0.347299
Guatemala,2005,0.363822471
Guatemala,2006,0.347363855
Guatemala,2007,0.32619599
Guatemala,2008,0.285928419
Guatemala,2009,0.294927233
Guatemala,2010,0.282175214
Guatemala,2011,0.274903099
Guatemala,2012,0.270034016
Guatemala,2013,0.296536215
Guatemala,2014,0.382651655
Guinea,2004,0.470240817
Guinea,2005,0.428990892
Guinea,2006,0.433669048
Guinea,2007,0.44352265
Guinea,2008,0.469880566
Guinea,2009,0.486986457
Guinea,2010,0.5497453370000001
Guinea,2011,0.564833236
Guinea,2012,0.504688959
Guinea,2013,0.439382803
Guinea,2014,0.4662493820000001
Guinea-Bissau,2004,0.292135259
Guinea-Bissau,2005,0.29546698600000004
Guinea-Bissau,2006,0.293775758
Guinea-Bissau,2007,0.303950985
Guinea-Bissau,2008,0.289830412
Guinea-Bissau,2009,0.289589509
Guinea-Bissau,2010,0.281632824
Guinea-Bissau,2011,0.265514905
Guinea-Bissau,2012,0.278447172
Guinea-Bissau,2013,0.280184363
Guinea-Bissau,2014,0.288854879
Heavily indebted poor countries (HIPC),2004,0.29802237800000003
Heavily indebted poor countries (HIPC),2005,0.287595196
Heavily indebted poor countries (HIPC),2006,0.292025504
Heavily indebted poor countries (HIPC),2007,0.293264703
Heavily indebted poor countries (HIPC),2008,0.288027441
Heavily indebted poor countries (HIPC),2009,0.284304409
Heavily indebted poor countries (HIPC),2010,0.300947868
Heavily indebted poor countries (HIPC),2011,0.310901013
Heavily indebted poor countries (HIPC),2012,0.312571939
Heavily indebted poor countries (HIPC),2013,0.322005206
Heavily indebted poor countries (HIPC),2014,0.326959581
High income,2004,0.326064591
High income,2005,0.317739963
High income,2006,0.308970569
High income,2007,0.302849272
High income,2008,0.298212449
High income,2009,0.292534013
High income,2010,0.294145627
High income,2011,0.283929352
High income,2012,0.277714293
High income,2013,0.273557202
High income,2014,0.268240079
Honduras,2004,0.588823174
Honduras,2005,0.5693234220000001
Honduras,2006,0.495597133
Honduras,2007,0.584676266
Honduras,2008,0.554144541
Honduras,2009,0.515602363
Honduras,2010,0.5035388270000001
Honduras,2011,0.544468434
Honduras,2012,0.524593295
Honduras,2013,0.514929368
Honduras,2014,0.522085404
Hungary,2004,0.455879064
Hungary,2005,0.441001853
Hungary,2006,0.420013111
Hungary,2007,0.408279413
Hungary,2008,0.396074119
Hungary,2009,0.374948903
Hungary,2010,0.385574344
Hungary,2011,0.361023749
Hungary,2012,0.341903258
Hungary,2013,0.31647400600000003
Hungary,2014,0.30376652
Iceland,2004,0.188987598
Iceland,2005,0.17595562899999995
Iceland,2006,0.17281247600000002
Iceland,2007,0.158792154
Iceland,2008,0.14350513199999998
Iceland,2009,0.149411136
Iceland,2010,0.14800995
Iceland,2011,0.13915830199999998
Iceland,2012,0.131588365
Iceland,2013,0.132958858
Iceland,2014,0.136239628
India,2004,1.1352542140000002
India,2005,1.100216716
India,2006,1.073775491
India,2007,1.055853769
India,2008,1.132389143
India,2009,1.157195679
India,2010,1.038073925
India,2011,1.042560586
India,2012,1.083480449
India,2013,1.026639893
India,2014,1.050534447
Indonesia,2004,0.62474159
Indonesia,2005,0.598719866
Indonesia,2006,0.572692391
Indonesia,2007,0.585998154
Indonesia,2008,0.613126738
Indonesia,2009,0.627992488
Indonesia,2010,0.567823631
Indonesia,2011,0.752998479
Indonesia,2012,0.749483738
Indonesia,2013,0.546358495
Indonesia,2014,0.492659481
"Iran, Islamic Rep.",2004,1.2640775640000002
"Iran, Islamic Rep.",2005,1.272100216
"Iran, Islamic Rep.",2006,1.307498244
"Iran, Islamic Rep.",2007,1.221753735
"Iran, Islamic Rep.",2008,1.2624578990000002
"Iran, Islamic Rep.",2009,1.262820327
"Iran, Islamic Rep.",2010,1.224974507
"Iran, Islamic Rep.",2011,1.213720119
"Iran, Islamic Rep.",2012,1.349694349
"Iran, Islamic Rep.",2013,1.394035954
"Iran, Islamic Rep.",2014,1.400036378
Ireland,2004,0.213966385
Ireland,2005,0.201267387
Ireland,2006,0.188465721
Ireland,2007,0.187789055
Ireland,2008,0.189166487
Ireland,2009,0.185841578
Ireland,2010,0.180961465
Ireland,2011,0.161046975
Ireland,2012,0.162658597
Ireland,2013,0.157558802
Ireland,2014,0.141980011
Israel,2004,0.325939709
Israel,2005,0.301291701
Israel,2006,0.312364945
Israel,2007,0.297142079
Israel,2008,0.312057368
Israel,2009,0.291015803
Israel,2010,0.294671782
Israel,2011,0.281489045
Israel,2012,0.300389864
Israel,2013,0.25556006800000003
Israel,2014,0.238609144
Italy,2004,0.22164591100000006
Italy,2005,0.219289029
Italy,2006,0.213141892
Italy,2007,0.207060944
Italy,2008,0.202253471
Italy,2009,0.192166231
Italy,2010,0.190752972
Italy,2011,0.186212495
Italy,2012,0.177880499
Italy,2013,0.169176716
Italy,2014,0.156796503
Jamaica,2004,0.7963947240000001
Jamaica,2005,0.776590839
Jamaica,2006,0.8264123090000001
Jamaica,2007,0.6840224009999999
Jamaica,2008,0.729453872
Jamaica,2009,0.578167776
Jamaica,2010,0.553153664
Jamaica,2011,0.585557986
Jamaica,2012,0.5595278379999999
Jamaica,2013,0.603778755
Jamaica,2014,0.549894949
Japan,2004,0.226902272
Japan,2005,0.218474483
Japan,2006,0.214066829
Japan,2007,0.214128524
Japan,2008,0.209218385
Japan,2009,0.201776717
Japan,2010,0.205544679
Japan,2011,0.209198404
Japan,2012,0.212882142
Japan,2013,0.21148045
Japan,2014,0.205283021
Jordan,2004,1.065487446
Jordan,2005,1.078358797
Jordan,2006,1.000571324
Jordan,2007,0.964934828
Jordan,2008,0.871850295
Jordan,2009,0.847594255
Jordan,2010,0.801524612
Jordan,2011,0.799301811
Jordan,2012,0.878418633
Jordan,2013,0.852327843
Jordan,2014,0.896587032
Kazakhstan,2004,1.733969062
Kazakhstan,2005,1.6197003069999998
Kazakhstan,2006,1.589404291
Kazakhstan,2007,1.684667567
Kazakhstan,2008,1.7075574219999998
Kazakhstan,2009,1.546211099
Kazakhstan,2010,1.678849793
Kazakhstan,2011,1.62927192
Kazakhstan,2012,1.458107656
Kazakhstan,2013,1.488095439
Kazakhstan,2014,1.349156795
Kenya,2004,0.25776434800000003
Kenya,2005,0.2733581
Kenya,2006,0.287087647
Kenya,2007,0.27588428
Kenya,2008,0.286743417
Kenya,2009,0.33470724
Kenya,2010,0.304363593
Kenya,2011,0.317071907
Kenya,2012,0.282000009
Kenya,2013,0.283742078
Kenya,2014,0.288586954
"Korea, Rep.",2004,0.560181925
"Korea, Rep.",2005,0.5173999420000001
"Korea, Rep.",2006,0.500154976
"Korea, Rep.",2007,0.499455835
"Korea, Rep.",2008,0.497388545
"Korea, Rep.",2009,0.49513231
"Korea, Rep.",2010,0.517786073
"Korea, Rep.",2011,0.5193892920000001
"Korea, Rep.",2012,0.503068008
"Korea, Rep.",2013,0.496052315
"Korea, Rep.",2014,0.475684452
Kuwait,2004,0.642019707
Kuwait,2005,0.65680603
Kuwait,2006,0.629840461
Kuwait,2007,0.6060514570000001
Kuwait,2008,0.650302662
Kuwait,2009,0.738503714
Kuwait,2010,0.776519528
Kuwait,2011,0.719419085
Kuwait,2012,0.758505347
Kuwait,2013,0.720653192
Kuwait,2014,0.695650508
Latin America & Caribbean,2004,0.341887485
Latin America & Caribbean,2005,0.34458341
Latin America & Caribbean,2006,0.336801909
Latin America & Caribbean,2007,0.324319301
Latin America & Caribbean,2008,0.327666501
Latin America & Caribbean,2009,0.326378539
Latin America & Caribbean,2010,0.324847105
Latin America & Caribbean,2011,0.31764778
Latin America & Caribbean,2012,0.322659906
Latin America & Caribbean,2013,0.31854970000000005
Latin America & Caribbean,2014,0.320733684
Latin America & Caribbean (excluding high income),2004,0.340352462
Latin America & Caribbean (excluding high income),2005,0.342570264
Latin America & Caribbean (excluding high income),2006,0.333323775
Latin America & Caribbean (excluding high income),2007,0.318566199
Latin America & Caribbean (excluding high income),2008,0.322496394
Latin America & Caribbean (excluding high income),2009,0.32165893100000004
Latin America & Caribbean (excluding high income),2010,0.319583647
Latin America & Caribbean (excluding high income),2011,0.311295767
Latin America & Caribbean (excluding high income),2012,0.317369878
Latin America & Caribbean (excluding high income),2013,0.313396345
Latin America & Caribbean (excluding high income),2014,0.316493276
Latvia,2004,0.337165137
Latvia,2005,0.308807758
Latvia,2006,0.294600108
Latvia,2007,0.278119655
Latvia,2008,0.274156811
Latvia,2009,0.29284734100000004
Latvia,2010,0.33988335299999994
Latvia,2011,0.288589982
Latvia,2012,0.26868746600000004
Latvia,2013,0.26249053
Latvia,2014,0.253181179
Least developed countries: UN classification,2004,0.358471999
Least developed countries: UN classification,2005,0.342252471
Least developed countries: UN classification,2006,0.342300038
Least developed countries: UN classification,2007,0.329901462
Least developed countries: UN classification,2008,0.324940357
Least developed countries: UN classification,2009,0.334908464
Least developed countries: UN classification,2010,0.346499436
Least developed countries: UN classification,2011,0.35321048200000005
Least developed countries: UN classification,2012,0.346022105
Least developed countries: UN classification,2013,0.353787597
Least developed countries: UN classification,2014,0.366219981
Lesotho,2004,1.087170315
Lesotho,2005,1.066287922
Lesotho,2006,1.036057367
Lesotho,2007,1.006296515
Lesotho,2008,0.966804327
Lesotho,2009,0.987238611
Lesotho,2010,0.951175627
Lesotho,2011,0.913577736
Lesotho,2012,0.8897987559999999
Lesotho,2013,0.8816714170000001
Lesotho,2014,0.873722962
Low & middle income,2004,0.957770478
Low & middle income,2005,0.953440982
Low & middle income,2006,0.940036336
Low & middle income,2007,0.906921187
Low & middle income,2008,0.912342666
Low & middle income,2009,0.912319476
Low & middle income,2010,0.902478249
Low & middle income,2011,0.918110789
Low & middle income,2012,0.906700502
Low & middle income,2013,0.8673229440000001
Low & middle income,2014,0.839620523
Low income,2004,0.619101095
Low income,2005,0.617134662
Low income,2006,0.601027445
Low income,2007,0.525742126
Low income,2008,0.538983529
Low income,2009,0.517250629
Low income,2010,0.511538875
Low income,2011,0.460744423
Low income,2012,0.448159853
Low income,2013,0.423167005
Low income,2014,0.443922287
Lower middle income,2004,0.906789394
Lower middle income,2005,0.87783007
Lower middle income,2006,0.847152873
Lower middle income,2007,0.832576785
Lower middle income,2008,0.8491062979999999
Lower middle income,2009,0.8411987009999999
Lower middle income,2010,0.7966558909999999
Lower middle income,2011,0.824097152
Lower middle income,2012,0.83030208
Lower middle income,2013,0.761348263
Lower middle income,2014,0.7483797990000001
Madagascar,2004,0.249183044
Madagascar,2005,0.229520485
Madagascar,2006,0.211182406
Madagascar,2007,0.214367933
Madagascar,2008,0.208188517
Madagascar,2009,0.203417424
Madagascar,2010,0.224306108
Madagascar,2011,0.264149424
Madagascar,2012,0.29657337300000003
Madagascar,2013,0.334048327
Madagascar,2014,0.319143031
Malawi,2004,0.197636185
Malawi,2005,0.180078485
Malawi,2006,0.179191164
Malawi,2007,0.15889932699999998
Malawi,2008,0.17568171100000002
Malawi,2009,0.145282265
Malawi,2010,0.164389911
Malawi,2011,0.16180472699999998
Malawi,2012,0.147466328
Malawi,2013,0.15658581
Malawi,2014,0.154351265
Malaysia,2004,0.8423354759999999
Malaysia,2005,0.85172957
Malaysia,2006,0.77531467
Malaysia,2007,0.780821412
Malaysia,2008,0.8343064609999999
Malaysia,2009,0.8342967609999999
Malaysia,2010,0.856713583
Malaysia,2011,0.820824445
Malaysia,2012,0.7722268090000001
Malaysia,2013,0.797654614
Malaysia,2014,0.77249507
Maldives,2004,0.39849237
Maldives,2005,0.390835394
Maldives,2006,0.411475868
Maldives,2007,0.384310677
Maldives,2008,0.36831179
Maldives,2009,0.407627792
Maldives,2010,0.402463757
Maldives,2011,0.390545845
Maldives,2012,0.429193738
Maldives,2013,0.403163481
Maldives,2014,0.464591645
Mali,2004,0.10949391
Mali,2005,0.105357827
Mali,2006,0.105595167
Mali,2007,0.109176721
Mali,2008,0.110644349
Mali,2009,0.079635962
Mali,2010,0.090312167
Mali,2011,0.094795192
Mali,2012,0.090898662
Mali,2013,0.091802684
Mali,2014,0.117922957
Mauritius,2004,0.408001957
Mauritius,2005,0.429770177
Mauritius,2006,0.43604262
Mauritius,2007,0.4190885070000001
Mauritius,2008,0.40636285
Mauritius,2009,0.387202089
Mauritius,2010,0.391491895
Mauritius,2011,0.376506274
Mauritius,2012,0.368211808
Mauritius,2013,0.365459472
Mauritius,2014,0.365914953
Mexico,2004,0.47587563
Mexico,2005,0.488089256
Mexico,2006,0.477947112
Mexico,2007,0.46433459
Mexico,2008,0.470055425
Mexico,2009,0.475938878
Mexico,2010,0.4417235
Mexico,2011,0.442950002
Mexico,2012,0.436296048
Mexico,2013,0.425251564
Mexico,2014,0.407292111
Middle East & North Africa,2004,0.8305518279999999
Middle East & North Africa,2005,0.8276488759999999
Middle East & North Africa,2006,0.8255154029999999
Middle East & North Africa,2007,0.778275831
Middle East & North Africa,2008,0.804671137
Middle East & North Africa,2009,0.8359259659999999
Middle East & North Africa,2010,0.826450534
Middle East & North Africa,2011,0.805094765
Middle East & North Africa,2012,0.8402925790000001
Middle East & North Africa,2013,0.8095539429999999
Middle East & North Africa,2014,0.832146086
Middle East & North Africa (excluding high income),2004,1.002947836
Middle East & North Africa (excluding high income),2005,1.014947057
Middle East & North Africa (excluding high income),2006,0.991574665
Middle East & North Africa (excluding high income),2007,0.936558543
Middle East & North Africa (excluding high income),2008,0.964372693
Middle East & North Africa (excluding high income),2009,0.971320912
Middle East & North Africa (excluding high income),2010,0.940262741
Middle East & North Africa (excluding high income),2011,0.963961629
Middle East & North Africa (excluding high income),2012,1.003244699
Middle East & North Africa (excluding high income),2013,1.00224437
Middle East & North Africa (excluding high income),2014,0.9934495
Middle income,2004,0.958702808
Middle income,2005,0.954426531
Middle income,2006,0.94111985
Middle income,2007,0.908725165
Middle income,2008,0.914111359
Middle income,2009,0.914840485
Middle income,2010,0.905182771
Middle income,2011,0.921824556
Middle income,2012,0.910568416
Middle income,2013,0.87126321
Middle income,2014,0.843140241
Moldova,2004,0.986914535
Moldova,2005,0.986803657
Moldova,2006,0.960650272
Moldova,2007,0.873779097
Moldova,2008,0.8277070059999999
Moldova,2009,0.838641105
Moldova,2010,0.8486667290000001
Moldova,2011,0.8117650909999999
Moldova,2012,0.799043463
Moldova,2013,0.741264026
Moldova,2014,0.697972112
Morocco,2004,0.6127116779999999
Morocco,2005,0.62688589
Morocco,2006,0.603800859
Morocco,2007,0.618152519
Morocco,2008,0.6141522739999999
Morocco,2009,0.584494471
Morocco,2010,0.600304366
Morocco,2011,0.587988659
Morocco,2012,0.620736453
Morocco,2013,0.5592672160000001
Morocco,2014,0.552564188
Mozambique,2004,0.294414921
Mozambique,2005,0.256846
Mozambique,2006,0.254042246
Mozambique,2007,0.27020146300000003
Mozambique,2008,0.253226983
Mozambique,2009,0.265844166
Mozambique,2010,0.269402976
Mozambique,2011,0.296340886
Mozambique,2012,0.26763618100000003
Mozambique,2013,0.321712069
Mozambique,2014,0.627805784
Namibia,2004,0.222195281
Namibia,2005,0.255195943
Namibia,2006,0.24060777100000005
Namibia,2007,0.22851334
Namibia,2008,0.313526908
Namibia,2009,0.288475878
Namibia,2010,0.27497155100000004
Namibia,2011,0.238763413
Namibia,2012,0.27171138100000003
Namibia,2013,0.19977349
Namibia,2014,0.268001394
Netherlands,2004,0.24051201
Netherlands,2005,0.231152269
Netherlands,2006,0.22103033
Netherlands,2007,0.209648931
Netherlands,2008,0.206531427
Netherlands,2009,0.208980019
Netherlands,2010,0.218860803
Netherlands,2011,0.204829993
Netherlands,2012,0.202432958
Netherlands,2013,0.206325669
Netherlands,2014,0.196449127
New Zealand,2004,0.257793664
New Zealand,2005,0.246561964
New Zealand,2006,0.234967747
New Zealand,2007,0.229675613
New Zealand,2008,0.236175515
New Zealand,2009,0.224323993
New Zealand,2010,0.216821416
New Zealand,2011,0.210149575
New Zealand,2012,0.222806687
New Zealand,2013,0.213065427
New Zealand,2014,0.213480288
Nicaragua,2004,0.600327911
Nicaragua,2005,0.561843739
Nicaragua,2006,0.559628517
Nicaragua,2007,0.549208438
Nicaragua,2008,0.509828771
Nicaragua,2009,0.535930024
Nicaragua,2010,0.5178986870000001
Nicaragua,2011,0.524145349
Nicaragua,2012,0.465918949
Nicaragua,2013,0.437344797
Nicaragua,2014,0.445958743
Niger,2004,0.191422617
Niger,2005,0.160900945
Niger,2006,0.147400895
Niger,2007,0.14895317
Niger,2008,0.152480424
Niger,2009,0.183455999
Niger,2010,0.205197442
Niger,2011,0.226885377
Niger,2012,0.285312528
Niger,2013,0.281683104
Niger,2014,0.288500963
Nigeria,2004,0.414167374
Nigeria,2005,0.407146285
Nigeria,2006,0.35079595700000005
Nigeria,2007,0.315636798
Nigeria,2008,0.300427754
Nigeria,2009,0.224220896
Nigeria,2010,0.247972438
Nigeria,2011,0.247207539
Nigeria,2012,0.244021504
Nigeria,2013,0.230669789
Nigeria,2014,0.212876513
North America,2004,0.409015863
North America,2005,0.398270147
North America,2006,0.381461179
North America,2007,0.380838233
North America,2008,0.371354151
North America,2009,0.358825849
North America,2010,0.357631534
North America,2011,0.345343964
North America,2012,0.326981527
North America,2013,0.32359033600000003
North America,2014,0.322455101
Norway,2004,0.106942926
Norway,2005,0.103697029
Norway,2006,0.105611815
Norway,2007,0.104535569
Norway,2008,0.128619378
Norway,2009,0.129931469
Norway,2010,0.140261379
Norway,2011,0.104455779
Norway,2012,0.112219223
Norway,2013,0.129533908
Norway,2014,0.104073653
OECD members,2004,0.318417594
OECD members,2005,0.310483785
OECD members,2006,0.301109828
OECD members,2007,0.296155009
OECD members,2008,0.290424515
OECD members,2009,0.282844761
OECD members,2010,0.283438083
OECD members,2011,0.274484353
OECD members,2012,0.267046379
OECD members,2013,0.263075347
OECD members,2014,0.255507036
Oman,2004,0.6477976670000001
Oman,2005,0.6751212120000001
Oman,2006,0.8488204490000001
Oman,2007,0.8966086520000001
Oman,2008,0.8098846670000001
Oman,2009,0.7345931990000001
Oman,2010,0.8086061640000001
Oman,2011,0.931664757
Oman,2012,0.933057762
Oman,2013,0.927486217
Oman,2014,0.901417649
Pakistan,2004,0.944668952
Pakistan,2005,0.910963659
Pakistan,2006,0.917230949
Pakistan,2007,0.95173345
Pakistan,2008,0.936848149
Pakistan,2009,0.90970618
Pakistan,2010,0.909748789
Pakistan,2011,0.888491963
Pakistan,2012,0.8665509159999999
Pakistan,2013,0.8342652290000001
Pakistan,2014,0.8065760999999999
Papua New Guinea,2004,0.656095534
Papua New Guinea,2005,0.602837972
Papua New Guinea,2006,0.578968782
Papua New Guinea,2007,0.76749278
Papua New Guinea,2008,0.564188018
Papua New Guinea,2009,0.564460053
Papua New Guinea,2010,0.490261661
Papua New Guinea,2011,0.495515358
Papua New Guinea,2012,0.436984098
Papua New Guinea,2013,0.504341264
Papua New Guinea,2014,0.47460169
Paraguay,2004,0.26608407
Paraguay,2005,0.244169909
Paraguay,2006,0.242334143
Paraguay,2007,0.238541786
Paraguay,2008,0.241378915
Paraguay,2009,0.257557755
Paraguay,2010,0.254468079
Paraguay,2011,0.25458046300000003
Paraguay,2012,0.255997677
Paraguay,2013,0.230875162
Paraguay,2014,0.23132368
Peru,2004,0.320461728
Peru,2005,0.351047071
Peru,2006,0.306609443
Peru,2007,0.34798556700000005
Peru,2008,0.304481914
Peru,2009,0.379674484
Peru,2010,0.390390544
Peru,2011,0.316408113
Peru,2012,0.330768005
Peru,2013,0.324298449
Peru,2014,0.342290205
Philippines,2004,0.494695115
Philippines,2005,0.477023428
Philippines,2006,0.4100145000000001
Philippines,2007,0.410005396
Philippines,2008,0.430141244
Philippines,2009,0.418297136
Philippines,2010,0.425215284
Philippines,2011,0.413233657
Philippines,2012,0.413211555
Philippines,2013,0.415244854
Philippines,2014,0.421202357
Poland,2004,0.829588676
Poland,2005,0.796640248
Poland,2006,0.790953283
Poland,2007,0.72815262
Poland,2008,0.699749651
Poland,2009,0.643310528
Poland,2010,0.659816693
Poland,2011,0.629754413
Poland,2012,0.586428498
Poland,2013,0.582909881
Poland,2014,0.533505172
Portugal,2004,0.275306861
Portugal,2005,0.282445904
Portugal,2006,0.254847696
Portugal,2007,0.250038456
Portugal,2008,0.230768171
Portugal,2009,0.231657996
Portugal,2010,0.201997539
Portugal,2011,0.203562005
Portugal,2012,0.204936354
Portugal,2013,0.204635908
Portugal,2014,0.201154484
Russian Federation,2004,1.33008936
Russian Federation,2005,1.260489201
Russian Federation,2006,1.204555343
Russian Federation,2007,1.108250568
Russian Federation,2008,1.08337082
Russian Federation,2009,1.078705734
Russian Federation,2010,1.095490547
Russian Federation,2011,1.109100931
Russian Federation,2012,1.112375516
Russian Federation,2013,1.066966333
Russian Federation,2014,1.015615347
Rwanda,2004,0.14917426
Rwanda,2005,0.136370987
Rwanda,2006,0.12484541
Rwanda,2007,0.122368319
Rwanda,2008,0.107187287
Rwanda,2009,0.106978697
Rwanda,2010,0.102249154
Rwanda,2011,0.10664618
Rwanda,2012,0.108811337
Rwanda,2013,0.113233587
Rwanda,2014,0.110020906
Saudi Arabia,2004,0.905320531
Saudi Arabia,2005,0.861439889
Saudi Arabia,2006,0.912041277
Saudi Arabia,2007,0.8024587740000001
Saudi Arabia,2008,0.837833251
Saudi Arabia,2009,0.932586251
Saudi Arabia,2010,0.981606835
Saudi Arabia,2011,0.860358631
Saudi Arabia,2012,0.922263755
Saudi Arabia,2013,0.8601926999999999
Saudi Arabia,2014,0.921911118
Senegal,2004,0.508193849
Senegal,2005,0.534413986
Senegal,2006,0.424499567
Senegal,2007,0.443093025
Senegal,2008,0.420096859
Senegal,2009,0.369112679
Senegal,2010,0.5986337070000001
Senegal,2011,0.635625077
Senegal,2012,0.575691501
Senegal,2013,0.592135442
Senegal,2014,0.596824819
Singapore,2004,0.17928357399999995
Singapore,2005,0.177832963
Singapore,2006,0.16572684
Singapore,2007,0.098268487
Singapore,2008,0.17507020199999998
Singapore,2009,0.272636102
Singapore,2010,0.23535504
Singapore,2011,0.18006635899999998
Singapore,2012,0.13943465
Singapore,2013,0.203266673
Singapore,2014,0.198711833
Slovenia,2004,0.371605959
Slovenia,2005,0.360049015
Slovenia,2006,0.348886606
Slovenia,2007,0.326240169
Slovenia,2008,0.337418851
Slovenia,2009,0.322190395
Slovenia,2010,0.319396834
Slovenia,2011,0.312252102
Slovenia,2012,0.314331742
Slovenia,2013,0.30422612600000004
Slovenia,2014,0.267152665
Solomon Islands,2004,0.317052239
Solomon Islands,2005,0.300748103
Solomon Islands,2006,0.287604415
Solomon Islands,2007,0.29180884100000004
Solomon Islands,2008,0.283599457
Solomon Islands,2009,0.309346512
Solomon Islands,2010,0.29485158100000003
Solomon Islands,2011,0.261095867
Solomon Islands,2012,0.249469081
Solomon Islands,2013,0.24665378
Solomon Islands,2014,0.242990872
South Africa,2004,1.470830474
South Africa,2005,1.293851878
South Africa,2006,1.316233838
South Africa,2007,1.301378915
South Africa,2008,1.3427483999999998
South Africa,2009,1.381128891
South Africa,2010,1.263087408
South Africa,2011,1.213853068
South Africa,2012,1.182997565
South Africa,2013,1.148368494
South Africa,2014,1.185821439
South Asia,2004,1.031386266
South Asia,2005,1.00163697
South Asia,2006,0.983287238
South Asia,2007,0.972824163
South Asia,2008,1.033456045
South Asia,2009,1.055781161
South Asia,2010,0.964421588
South Asia,2011,0.968206759
South Asia,2012,0.997158216
South Asia,2013,0.948004729
South Asia,2014,0.967613578
Spain,2004,0.25924331300000003
Spain,2005,0.260271504
Spain,2006,0.247421842
Spain,2007,0.244020668
Spain,2008,0.221824583
Spain,2009,0.201368702
Spain,2010,0.189237895
Spain,2011,0.190893395
Spain,2012,0.192462246
Spain,2013,0.17528555899999998
Spain,2014,0.170670442
Sri Lanka,2004,0.313854228
Sri Lanka,2005,0.290658921
Sri Lanka,2006,0.267176388
Sri Lanka,2007,0.258062297
Sri Lanka,2008,0.240677793
Sri Lanka,2009,0.250885664
Sri Lanka,2010,0.233818683
Sri Lanka,2011,0.246162631
Sri Lanka,2012,0.238869345
Sri Lanka,2013,0.223203837
Sri Lanka,2014,0.252527382
Sub-Saharan Africa,2004,0.7020281540000001
Sub-Saharan Africa,2005,0.638403704
Sub-Saharan Africa,2006,0.6258556120000001
Sub-Saharan Africa,2007,0.605528854
Sub-Saharan Africa,2008,0.601563886
Sub-Saharan Africa,2009,0.576291643
Sub-Saharan Africa,2010,0.5485312370000001
Sub-Saharan Africa,2011,0.533471294
Sub-Saharan Africa,2012,0.520791459
Sub-Saharan Africa,2013,0.507561415
Sub-Saharan Africa,2014,0.50904254
Sub-Saharan Africa (excluding high income),2004,0.7017896
Sub-Saharan Africa (excluding high income),2005,0.638219829
Sub-Saharan Africa (excluding high income),2006,0.625676882
Sub-Saharan Africa (excluding high income),2007,0.605470882
Sub-Saharan Africa (excluding high income),2008,0.6014546239999999
Sub-Saharan Africa (excluding high income),2009,0.576294657
Sub-Saharan Africa (excluding high income),2010,0.548597297
Sub-Saharan Africa (excluding high income),2011,0.533626162
Sub-Saharan Africa (excluding high income),2012,0.520888377
Sub-Saharan Africa (excluding high income),2013,0.507690534
Sub-Saharan Africa (excluding high income),2014,0.5091223429999999
Sudan,2004,0.265361612
Sudan,2005,0.23652603100000005
Sudan,2006,0.235060417
Sudan,2007,0.247834458
Sudan,2008,0.242729697
Sudan,2009,0.245339993
Sudan,2010,0.242868368
Sudan,2011,0.243354917
Sudan,2012,0.226387448
Sudan,2013,0.22918542100000006
Sudan,2014,0.22161808
Suriname,2004,0.460517318
Suriname,2005,0.449692399
Suriname,2006,0.473870446
Suriname,2007,0.455562077
Suriname,2008,0.481999489
Suriname,2009,0.482023676
Suriname,2010,0.549831992
Suriname,2011,0.42586772
Suriname,2012,0.475720115
Suriname,2013,0.392388255
Suriname,2014,0.405917623
Swaziland,2004,0.28949787
Swaziland,2005,0.270198539
Swaziland,2006,0.254006131
Swaziland,2007,0.254633063
Swaziland,2008,0.260395889
Swaziland,2009,0.244378792
Swaziland,2010,0.233794272
Swaziland,2011,0.231079763
Swaziland,2012,0.253802964
Swaziland,2013,0.214414401
Swaziland,2014,0.227149333
Sweden,2004,0.124173825
Sweden,2005,0.114215007
Sweden,2006,0.104887075
Sweden,2007,0.09834185
Sweden,2008,0.101080955
Sweden,2009,0.09346126
Sweden,2010,0.106523558
Sweden,2011,0.103181215
Sweden,2012,0.094103787
Sweden,2013,0.088603239
Sweden,2014,0.083607617
Switzerland,2004,0.079884868
Switzerland,2005,0.079395685
Switzerland,2006,0.0772806
Switzerland,2007,0.067354943
Switzerland,2008,0.07004472099999999
Switzerland,2009,0.073770883
Switzerland,2010,0.067092745
Switzerland,2011,0.062476302
Switzerland,2012,0.063177571
Switzerland,2013,0.06610362
Switzerland,2014,0.056881074
Tanzania,2004,0.201872647
Tanzania,2005,0.235391614
Tanzania,2006,0.246336637
Tanzania,2007,0.222139656
Tanzania,2008,0.21919384100000006
Tanzania,2009,0.200423758
Tanzania,2010,0.22626931600000005
Tanzania,2011,0.238800173
Tanzania,2012,0.26787631300000003
Tanzania,2013,0.29243202
Tanzania,2014,0.282808004
Thailand,2004,0.89288741
Thailand,2005,0.8720783759999999
Thailand,2006,0.846181071
Thailand,2007,0.8038338509999999
Thailand,2008,0.790186185
Thailand,2009,0.843463383
Thailand,2010,0.826508806
Thailand,2011,0.8091340579999999
Thailand,2012,0.804041711
Thailand,2013,0.791867777
Thailand,2014,0.826853155
Togo,2004,0.521813057
Togo,2005,0.494067639
Togo,2006,0.433197183
Togo,2007,0.488357103
Togo,2008,0.571031164
Togo,2009,0.912232094
Togo,2010,0.832110063
Togo,2011,0.7404731
Togo,2012,0.712728505
Togo,2013,0.7330500329999999
Togo,2014,0.682844253
Trinidad and Tobago,2004,1.940987241
Trinidad and Tobago,2005,2.085498003
Trinidad and Tobago,2006,2.0606794880000003
Trinidad and Tobago,2007,2.096126072
Trinidad and Tobago,2008,1.978833719
Trinidad and Tobago,2009,2.093474183
Trinidad and Tobago,2010,2.163333136
Trinidad and Tobago,2011,2.124406652
Trinidad and Tobago,2012,2.029593476
Trinidad and Tobago,2013,2.025967687
Trinidad and Tobago,2014,2.025983169
Tunisia,2004,0.6541039989999999
Tunisia,2005,0.642356949
Tunisia,2006,0.619237632
Tunisia,2007,0.608529985
Tunisia,2008,0.601104188
Tunisia,2009,0.582488553
Tunisia,2010,0.627913679
Tunisia,2011,0.602249557
Tunisia,2012,0.6009703829999999
Tunisia,2013,0.598535236
Tunisia,2014,0.606558333
Turkey,2004,0.373391365
Turkey,2005,0.360717056
Turkey,2006,0.371139056
Turkey,2007,0.38448804
Turkey,2008,0.38035676
Turkey,2009,0.390511283
Turkey,2010,0.38607504
Turkey,2011,0.374088453
Turkey,2012,0.366691502
Turkey,2013,0.33307997100000003
Turkey,2014,0.33740008200000005
Uganda,2004,0.134869618
Uganda,2005,0.15841314
Uganda,2006,0.167145863
Uganda,2007,0.175564495
Uganda,2008,0.178305696
Uganda,2009,0.17703613199999998
Uganda,2010,0.194258543
Uganda,2011,0.193112457
Uganda,2012,0.177473407
Uganda,2013,0.205001345
Uganda,2014,0.209155448
Ukraine,2004,2.7263973260000003
Ukraine,2005,2.581126501
Ukraine,2006,2.351864085
Ukraine,2007,2.1451452580000003
Ukraine,2008,2.030113005
Ukraine,2009,1.992634619
Ukraine,2010,2.239808032
Ukraine,2011,1.996505353
Ukraine,2012,2.057114524
Ukraine,2013,1.89129224
Ukraine,2014,1.692075246
United Arab Emirates,2004,0.461359256
United Arab Emirates,2005,0.451295565
United Arab Emirates,2006,0.43820843
United Arab Emirates,2007,0.4649771270000001
United Arab Emirates,2008,0.52277826
United Arab Emirates,2009,0.5888858889999999
United Arab Emirates,2010,0.554755
United Arab Emirates,2011,0.536597545
United Arab Emirates,2012,0.544314804
United Arab Emirates,2013,0.497955065
United Arab Emirates,2014,0.596961569
United States,2004,0.412867132
United States,2005,0.401838533
United States,2006,0.385152034
United States,2007,0.384515348
United States,2008,0.373987578
United States,2009,0.360641478
United States,2010,0.36055854
United States,2011,0.347913291
United States,2012,0.329390239
United States,2013,0.326470177
United States,2014,0.324790221
Upper middle income,2004,0.973897092
Upper middle income,2005,0.976846794
Upper middle income,2006,0.968511865
Upper middle income,2007,0.930719224
Upper middle income,2008,0.932754605
Upper middle income,2009,0.936576363
Upper middle income,2010,0.937172163
Upper middle income,2011,0.950405632
Upper middle income,2012,0.934079594
Upper middle income,2013,0.903634841
Upper middle income,2014,0.8714530220000001
Uruguay,2004,0.199919503
Uruguay,2005,0.19151241
Uruguay,2006,0.211772407
Uruguay,2007,0.17947394
Uruguay,2008,0.230573026
Uruguay,2009,0.215691641
Uruguay,2010,0.158570093
Uruguay,2011,0.18324604100000005
Uruguay,2012,0.19821877
Uruguay,2013,0.165305079
Uruguay,2014,0.142396928
Uzbekistan,2004,5.1772760710000005
Uzbekistan,2005,4.494861024
Uzbekistan,2006,4.297670741
Uzbekistan,2007,3.906915313
Uzbekistan,2008,3.69465835
Uzbekistan,2009,2.955234825
Uzbekistan,2010,2.648388775
Uzbekistan,2011,2.668809792
Uzbekistan,2012,2.512777474
Uzbekistan,2013,2.076323089
Uzbekistan,2014,1.960871263
"Venezuela, RB",2004,0.510672067
"Venezuela, RB",2005,0.503676109
"Venezuela, RB",2006,0.47068966
"Venezuela, RB",2007,0.410520903
"Venezuela, RB",2008,0.434388662
"Venezuela, RB",2009,0.4504497770000001
"Venezuela, RB",2010,0.480862158
"Venezuela, RB",2011,0.431683498
"Venezuela, RB",2012,0.459408389
"Venezuela, RB",2013,0.41946557
"Venezuela, RB",2014,0.508558369
World,2004,0.507927922
World,2005,0.508003825
World,2006,0.504739309
World,2007,0.493832878
World,2008,0.500580581
World,2009,0.504835634
World,2010,0.507879396
World,2011,0.512566631
World,2012,0.509313648
World,2013,0.501535264
World,2014,0.491820973
"Yemen, Rep.",2004,0.7974178409999999
"Yemen, Rep.",2005,0.801683055
"Yemen, Rep.",2006,0.826377047
"Yemen, Rep.",2007,0.7867489440000001
"Yemen, Rep.",2008,0.8085685490000001
"Yemen, Rep.",2009,0.8559092629999999
"Yemen, Rep.",2010,0.758155754
"Yemen, Rep.",2011,0.728996167
"Yemen, Rep.",2012,0.6758500009999999
"Yemen, Rep.",2013,0.8805635740000001
"Yemen, Rep.",2014,0.7854153429999999
Zambia,2004,0.17230894
Zambia,2005,0.171394765
Zambia,2006,0.15909505
Zambia,2007,0.123573035
Zambia,2008,0.129046459
Zambia,2009,0.136513918
Zambia,2010,0.132815402
Zambia,2011,0.13729872
Zambia,2012,0.159305702
Zambia,2013,0.16361305199999998
Zambia,2014,0.177854762
Zimbabwe,2004,0.855190929
Zimbabwe,2005,1.029698215
Zimbabwe,2006,1.034660558
Zimbabwe,2007,1.016222041
Zimbabwe,2008,0.970143564
Zimbabwe,2009,0.643519933
Zimbabwe,2010,0.773743735
Zimbabwe,2011,0.8178301659999999
Zimbabwe,2012,0.58654466
Zimbabwe,2013,0.8348512929999999
Zimbabwe,2014,0.83637038
