Country Name, Year,mobile cellular subscriptions
Afghanistan,2004,2.498055472
Afghanistan,2005,4.826865367
Afghanistan,2006,9.833164022
Afghanistan,2007,17.71624331
Afghanistan,2008,29.22037376
Afghanistan,2009,37.89493697
Afghanistan,2010,45.77817474
Afghanistan,2011,60.32631999
Afghanistan,2012,65.45219346
Afghanistan,2013,70.66135885
Afghanistan,2014,74.88284241
Albania,2004,39.16395669
Albania,2005,47.87802749
Albania,2006,60.06734238
Albania,2007,73.35038415
Albania,2008,58.91235149
Albania,2009,78.1845877
Albania,2010,85.46824699999998
Albania,2011,98.29153459
Albania,2012,110.68653159999998
Albania,2013,116.1572081
Albania,2014,105.46996570000002
Angola,2004,4.63174063
Angola,2005,9.738161173
Angola,2006,17.83989624
Angola,2007,28.01098233
Angola,2008,36.98368954
Angola,2009,42.84657348
Angola,2010,48.10120904
Angola,2011,59.82618856
Angola,2012,61.40627578
Angola,2013,61.87329711
Angola,2014,63.4792082
Arab World,2004,16.83769437
Arab World,2005,26.79003996
Arab World,2006,38.84567204
Arab World,2007,52.5371804
Arab World,2008,62.92096882
Arab World,2009,76.15636661
Arab World,2010,87.62881811
Arab World,2011,98.87331388
Arab World,2012,105.0371746
Arab World,2013,110.0126103
Arab World,2014,109.1522643
Argentina,2004,35.27228837
Argentina,2005,57.32899426
Argentina,2006,80.81882641
Argentina,2007,102.7215283
Argentina,2008,117.2211834
Argentina,2009,131.1294492
Argentina,2010,141.383022
Argentina,2011,149.09062240000003
Argentina,2012,156.56475600000005
Argentina,2013,162.5274217
Argentina,2014,158.73576200000005
Armenia,2004,6.719510372999999
Armenia,2005,10.54901346
Armenia,2006,41.95135986
Armenia,2007,62.7586975
Armenia,2008,48.43008603
Armenia,2009,73.83377008
Armenia,2010,130.4322327
Armenia,2011,108.336201
Armenia,2012,111.9146632
Armenia,2013,112.4206552
Armenia,2014,115.9232102
Australia,2004,81.50958522
Australia,2005,89.76286231
Australia,2006,94.70140374
Australia,2007,100.0646043
Australia,2008,102.1940537
Australia,2009,100.7390114
Australia,2010,100.4263074
Australia,2011,104.610551
Australia,2012,105.585695
Australia,2013,106.84349740000002
Australia,2014,131.23054679999998
Austria,2004,97.54481697
Austria,2005,105.1755856
Austria,2006,112.124675
Austria,2007,119.2569828
Austria,2008,129.65515159999998
Austria,2009,136.57901
Austria,2010,145.6928199
Austria,2011,154.426039
Austria,2012,160.5397387
Austria,2013,156.2304116
Austria,2014,151.9112515
Bangladesh,2004,1.969454675
Bangladesh,2005,6.28776238
Bangladesh,2006,13.20573922
Bangladesh,2007,23.46762823
Bangladesh,2008,30.16828408
Bangladesh,2009,34.35334451
Bangladesh,2010,44.94535882
Bangladesh,2011,55.19256723
Bangladesh,2012,62.82023906
Bangladesh,2013,74.42964608
Bangladesh,2014,75.92489163
Belize,2004,28.29761545
Belize,2005,35.30450132
Belize,2006,42.2961808
Belize,2007,41.34020042
Belize,2008,54.51721037
Belize,2009,53.74564807
Belize,2010,62.93070205
Belize,2011,70.31965347
Belize,2012,53.20712214
Belize,2013,52.61072612
Belize,2014,50.712566
Benin,2004,5.797473517999999
Benin,2005,7.28722342
Benin,2006,12.50317546
Benin,2007,23.56334604
Benin,2008,40.40173435
Benin,2009,54.46885832
Benin,2010,74.39604921
Benin,2011,79.40049868
Benin,2012,83.65431589
Benin,2013,93.25782193
Benin,2014,101.7110697
Bhutan,2004,3.019121524
Bhutan,2005,5.53491068
Bhutan,2006,12.33202317
Bhutan,2007,21.99686472
Bhutan,2008,36.61427504
Bhutan,2009,48.10756491
Bhutan,2010,54.99993723
Bhutan,2011,66.37918152
Bhutan,2012,75.6097824
Bhutan,2013,72.19831102
Bhutan,2014,82.07006186
Bolivia,2004,19.60018982
Bolivia,2005,25.88431131
Bolivia,2006,30.21985533
Bolivia,2007,33.63225131
Bolivia,2008,51.23601575
Bolivia,2009,64.68655431
Bolivia,2010,70.68598048
Bolivia,2011,80.90771949
Bolivia,2012,90.44349501
Bolivia,2013,97.69945273
Bolivia,2014,96.33724828
Botswana,2004,28.18941102
Botswana,2005,30.05546952
Botswana,2006,43.41214719
Botswana,2007,60.13830503
Botswana,2008,76.83593118
Botswana,2009,96.02329234
Botswana,2010,120.0102471
Botswana,2011,145.9838697
Botswana,2012,153.7856491
Botswana,2013,160.6410528
Botswana,2014,167.2975939
Brazil,2004,35.65289881
Brazil,2005,46.31418452
Brazil,2006,53.11025849
Brazil,2007,63.67475185
Brazil,2008,78.5549801
Brazil,2009,87.54187651
Brazil,2010,100.8810115
Brazil,2011,119.0023853
Brazil,2012,125.0018521
Brazil,2013,135.3050481
Brazil,2014,138.9514906
Bulgaria,2004,61.07153717
Bulgaria,2005,81.27954474
Bulgaria,2006,108.2720221
Bulgaria,2007,130.8646368
Bulgaria,2008,138.97555580000002
Bulgaria,2009,140.4048536
Bulgaria,2010,138.0389827
Bulgaria,2011,142.8461575
Bulgaria,2012,148.1311121
Bulgaria,2013,145.1876887
Bulgaria,2014,137.70659530000003
Burkina Faso,2004,3.037679629
Burkina Faso,2005,4.7202902060000005
Burkina Faso,2006,7.354840819
Burkina Faso,2007,13.05253397
Burkina Faso,2008,20.62907931
Burkina Faso,2009,25.3304628
Burkina Faso,2010,36.72938024
Burkina Faso,2011,48.02719397
Burkina Faso,2012,60.60765215
Burkina Faso,2013,66.37728295
Burkina Faso,2014,71.73746951
Burundi,2004,1.3388771940000002
Burundi,2005,1.969012632
Burundi,2006,2.486764507
Burundi,2007,3.2419534710000004
Burundi,2008,5.572453585
Burundi,2009,10.31456575
Burundi,2010,18.174741600000004
Burundi,2011,20.06827414
Burundi,2012,22.81446021
Burundi,2013,24.96258806
Burundi,2014,30.46201036
Cabo Verde,2004,13.89003267
Cabo Verde,2005,17.07319111
Cabo Verde,2006,22.58745902
Cabo Verde,2007,31.46741973
Cabo Verde,2008,57.29277356
Cabo Verde,2009,59.83377049
Cabo Verde,2010,76.26543014
Cabo Verde,2011,80.81218046
Cabo Verde,2012,86.02531144
Cabo Verde,2013,100.1124481
Cabo Verde,2014,121.7897017
Cameroon,2004,8.661224693
Cameroon,2005,12.41890525
Cameroon,2006,16.84911141
Cameroon,2007,23.75158108
Cameroon,2008,31.44110653
Cameroon,2009,39.81367836
Cameroon,2010,41.8760103
Cameroon,2011,49.56740015
Cameroon,2012,60.40682443
Cameroon,2013,70.39046850000003
Cameroon,2014,75.68513309999999
Chad,2004,1.272630052
Chad,2005,2.096977626
Chad,2006,4.500299416
Chad,2007,8.587287923
Chad,2008,14.50506716
Chad,2009,20.06204202
Chad,2010,24.53167583
Chad,2011,30.34478288
Chad,2012,35.36487879
Chad,2013,35.56437683
Chad,2014,39.75097997
Chile,2004,57.28133939
Chile,2005,64.69417543
Chile,2006,75.43868865
Chile,2007,83.7200337
Chile,2008,87.91177733
Chile,2009,96.81312008
Chile,2010,115.75138359999998
Chile,2011,128.92690729999998
Chile,2012,137.0811793
Chile,2013,134.2890529
Chile,2014,133.25562879999998
Comoros,2004,1.431185075
Comoros,2005,2.5840098680000003
Comoros,2006,5.981418464
Comoros,2007,9.815151975
Comoros,2008,14.12941193
Comoros,2009,18.40512718
Comoros,2010,24.19595919
Comoros,2011,30.91017629
Comoros,2012,39.51356301
Comoros,2013,47.28425115
Comoros,2014,50.90120382
"Congo, Dem. Rep.",2004,3.792769423
"Congo, Dem. Rep.",2005,5.082723491
"Congo, Dem. Rep.",2006,7.942801654
"Congo, Dem. Rep.",2007,11.52690544
"Congo, Dem. Rep.",2008,16.89524742
"Congo, Dem. Rep.",2009,15.63752578
"Congo, Dem. Rep.",2010,19.00647586
"Congo, Dem. Rep.",2011,24.47130767
"Congo, Dem. Rep.",2012,30.58009217
"Congo, Dem. Rep.",2013,41.81656407
"Congo, Dem. Rep.",2014,53.49321638
"Congo, Rep.",2004,11.12402678
"Congo, Rep.",2005,15.75537552
"Congo, Rep.",2006,25.16003031
"Congo, Rep.",2007,34.25590964
"Congo, Rep.",2008,46.61451448
"Congo, Rep.",2009,73.79715284
"Congo, Rep.",2010,90.44274713
"Congo, Rep.",2011,91.93909914
"Congo, Rep.",2012,98.75682808
"Congo, Rep.",2013,104.7695043
"Congo, Rep.",2014,108.1495742
Costa Rica,2004,21.73836456
Costa Rica,2005,25.49240416
Costa Rica,2006,32.86782699
Costa Rica,2007,33.79212704
Costa Rica,2008,41.62122844
Costa Rica,2009,42.38509644
Costa Rica,2010,66.9932126
Costa Rica,2011,87.66035275
Costa Rica,2012,111.9199133
Costa Rica,2013,145.9716479
Costa Rica,2014,143.82837949999995
Cote d'Ivoire,2004,9.766100444
Cote d'Ivoire,2005,13.5071853
Cote d'Ivoire,2006,23.01735374
Cote d'Ivoire,2007,41.60500652
Cote d'Ivoire,2008,57.22349848
Cote d'Ivoire,2009,70.87826244
Cote d'Ivoire,2010,82.20152116
Cote d'Ivoire,2011,89.44962943
Cote d'Ivoire,2012,91.22862939
Cote d'Ivoire,2013,95.44605196
Cote d'Ivoire,2014,106.2476093
Croatia,2004,64.44748808
Croatia,2005,83.15832573
Croatia,2006,100.3790937
Croatia,2007,115.2253076
Croatia,2008,104.4643435
Croatia,2009,107.4733846
Croatia,2010,113.6081449
Croatia,2011,118.3013547
Croatia,2012,115.4136047
Croatia,2013,110.0543067
Croatia,2014,104.4313214
Denmark,2004,95.70911343
Denmark,2005,100.5816868
Denmark,2006,107.1170645
Denmark,2007,115.3715804
Denmark,2008,119.3024732
Denmark,2009,123.6993991
Denmark,2010,115.669923
Denmark,2011,128.661526
Denmark,2012,130.2798977
Denmark,2013,127.1176716
Denmark,2014,125.95782340000002
Dominican Republic,2004,27.52205864
Dominican Republic,2005,38.77928523
Dominican Republic,2006,48.58664735
Dominican Republic,2007,57.33593759
Dominican Republic,2008,73.95219275
Dominican Republic,2009,87.30861627
Dominican Republic,2010,88.7787084
Dominican Republic,2011,86.43207979
Dominican Republic,2012,86.93709732
Dominican Republic,2013,88.43350015
Dominican Republic,2014,78.86382636
East Asia & Pacific,2004,29.60996318
East Asia & Pacific,2005,34.07117549
East Asia & Pacific,2006,39.47870679
East Asia & Pacific,2007,48.03977794
East Asia & Pacific,2008,57.10186039
East Asia & Pacific,2009,64.94370914
East Asia & Pacific,2010,73.73628786
East Asia & Pacific,2011,83.27385712
East Asia & Pacific,2012,91.63285375
East Asia & Pacific,2013,98.30288327
East Asia & Pacific,2014,103.1707229
East Asia & Pacific (excluding high income),2004,23.56944068
East Asia & Pacific (excluding high income),2005,28.14690302
East Asia & Pacific (excluding high income),2006,33.79253235
East Asia & Pacific (excluding high income),2007,42.56822885
East Asia & Pacific (excluding high income),2008,52.38224484
East Asia & Pacific (excluding high income),2009,60.65242784
East Asia & Pacific (excluding high income),2010,69.92421189
East Asia & Pacific (excluding high income),2011,79.87847843
East Asia & Pacific (excluding high income),2012,88.68071682
East Asia & Pacific (excluding high income),2013,95.71930752
East Asia & Pacific (excluding high income),2014,100.4765633
Ecuador,2004,26.19668978
Ecuador,2005,45.33840899
Ecuador,2006,60.50592352
Ecuador,2007,69.66428675
Ecuador,2008,80.51374955
Ecuador,2009,89.7355484
Ecuador,2010,98.53115831
Ecuador,2011,100.5655994
Ecuador,2012,106.22553290000002
Ecuador,2013,105.6444776
Ecuador,2014,103.8991648
"Egypt, Arab Rep.",2004,10.82720009
"Egypt, Arab Rep.",2005,18.98863599
"Egypt, Arab Rep.",2006,24.66217297
"Egypt, Arab Rep.",2007,40.54135052
"Egypt, Arab Rep.",2008,54.69017202
"Egypt, Arab Rep.",2009,72.09666743
"Egypt, Arab Rep.",2010,90.50319174
"Egypt, Arab Rep.",2011,105.0794228
"Egypt, Arab Rep.",2012,119.9164442
"Egypt, Arab Rep.",2013,121.507893
"Egypt, Arab Rep.",2014,114.3059858
Equatorial Guinea,2004,10.56344638
Equatorial Guinea,2005,16.0524014
Equatorial Guinea,2006,19.30759738
Equatorial Guinea,2007,23.45149761
Equatorial Guinea,2008,27.35458379
Equatorial Guinea,2009,29.548600800000006
Equatorial Guinea,2010,57.35549085
Equatorial Guinea,2011,66.8802619
Equatorial Guinea,2012,68.05374469
Equatorial Guinea,2013,67.47338887
Equatorial Guinea,2014,66.38811096
Estonia,2004,94.27919527
Estonia,2005,109.0700258
Estonia,2006,125.7645616
Estonia,2007,128.07861780000002
Estonia,2008,124.2110004
Estonia,2009,120.5357013
Estonia,2010,127.2827876
Estonia,2011,143.9260625
Estonia,2012,160.4107755
Estonia,2013,159.6607033
Estonia,2014,160.6878485
Euro area,2004,88.89506405
Euro area,2005,97.87797602
Euro area,2006,105.8890788
Euro area,2007,115.870395
Euro area,2008,121.1330152
Euro area,2009,120.3230279
Euro area,2010,116.3810949
Euro area,2011,119.3281111
Euro area,2012,120.6252695
Euro area,2013,121.75745659999998
Euro area,2014,121.2458144
Europe & Central Asia,2004,66.08424517
Europe & Central Asia,2005,81.04876938
Europe & Central Asia,2006,94.57803511
Europe & Central Asia,2007,106.311683
Europe & Central Asia,2008,115.0124077
Europe & Central Asia,2009,119.4063227
Europe & Central Asia,2010,120.258598
Europe & Central Asia,2011,120.2849132
Europe & Central Asia,2012,122.5181179
Europe & Central Asia,2013,125.2369912
Europe & Central Asia,2014,126.05350990000002
Europe & Central Asia (excluding high income),2004,32.40418409
Europe & Central Asia (excluding high income),2005,47.8186852
Europe & Central Asia (excluding high income),2006,66.09455667
Europe & Central Asia (excluding high income),2007,80.88190942
Europe & Central Asia (excluding high income),2008,91.11422125
Europe & Central Asia (excluding high income),2009,94.85370053
Europe & Central Asia (excluding high income),2010,99.07153857
Europe & Central Asia (excluding high income),2011,106.6871066
Europe & Central Asia (excluding high income),2012,108.8563761
Europe & Central Asia (excluding high income),2013,111.5915022
Europe & Central Asia (excluding high income),2014,112.7109831
European Union,2004,85.94063784
European Union,2005,95.79155903
European Union,2006,105.01228799999998
European Union,2007,115.1562612
European Union,2008,120.4838915
European Union,2009,120.3930815
European Union,2010,118.0482008
European Union,2011,120.7642756
European Union,2012,122.61030490000002
European Union,2013,123.8563913
European Union,2014,123.9117009
Fiji,2004,17.36152235
Fiji,2005,24.92449701
Fiji,2006,34.37685675
Fiji,2007,63.44901555
Fiji,2008,71.10259987
Fiji,2009,75.07516314
Fiji,2010,81.10077287
Fiji,2011,83.76338399
Fiji,2012,98.17854865
Fiji,2013,105.6001544
Fiji,2014,98.77670015
Finland,2004,95.40312987
Finland,2005,100.450445
Finland,2006,107.6347185
Finland,2007,114.8847345
Finland,2008,128.424569
Finland,2009,144.0887946
Finland,2010,156.3055115
Finland,2011,165.89090090000005
Finland,2012,172.3224293
Finland,2013,136.578674
Finland,2014,139.66389619999998
France,2004,73.01991391
France,2005,78.26189586
France,2006,83.53432024
France,2007,88.98459991
France,2008,92.67718212
France,2009,92.09659575
France,2010,91.38732973
France,2011,94.0767743
France,2012,97.37775287
France,2013,98.49547248
France,2014,100.3615662
"Gambia, The",2004,12.57243519
"Gambia, The",2005,17.22725782
"Gambia, The",2006,27.27777463
"Gambia, The",2007,52.33214725
"Gambia, The",2008,73.90036908
"Gambia, The",2009,80.62692375
"Gambia, The",2010,87.9633354
"Gambia, The",2011,80.76025697
"Gambia, The",2012,85.20375721
"Gambia, The",2013,99.9766937
"Gambia, The",2014,119.63048870000002
Germany,2004,85.06020667
Germany,2005,94.55486999
Germany,2006,102.2828888
Germany,2007,115.1403608
Germany,2008,126.5575074
Germany,2009,126.2280577
Germany,2010,106.4836959
Germany,2011,109.6595675
Germany,2012,111.5940398
Germany,2013,120.92116509999998
Germany,2014,120.41898290000002
Ghana,2004,8.135148478
Ghana,2005,13.44255251
Ghana,2006,23.72559884
Ghana,2007,33.75729429
Ghana,2008,50.0664665
Ghana,2009,63.77348397
Ghana,2010,71.86671124
Ghana,2011,85.27494343
Ghana,2012,100.9932997
Ghana,2013,108.1911482
Ghana,2014,114.8194789
Greece,2004,84.49551267
Greece,2005,92.92454872
Greece,2006,99.34233967
Greece,2007,111.0964206
Greece,2008,124.5083602
Greece,2009,119.7955893
Greece,2010,110.6455185
Greece,2011,109.0787779
Greece,2012,120.0963016
Greece,2013,116.8206478
Greece,2014,114.96188490000002
Guatemala,2004,25.61697311
Guatemala,2005,35.57138428
Guatemala,2006,55.2407726
Guatemala,2007,89.33491997
Guatemala,2008,109.5274308
Guatemala,2009,123.7220234
Guatemala,2010,125.9831555
Guatemala,2011,132.4516485
Guatemala,2012,137.81948490000002
Guatemala,2013,140.393535
Guatemala,2014,106.6337703
Guinea,2004,1.651452655
Guinea,2005,1.973615991
Guinea,2006,54.55299168
Guinea,2007,19.90650512
Guinea,2008,26.66103586
Guinea,2009,32.936074
Guinea,2010,36.7781157
Guinea,2011,43.54770359
Guinea,2012,48.76925037
Guinea,2013,63.31503903
Guinea,2014,72.09875075
Guinea-Bissau,2004,2.836587237
Guinea-Bissau,2005,6.952089848
Guinea-Bissau,2006,10.83048396
Guinea-Bissau,2007,19.95658668
Guinea-Bissau,2008,32.9718113
Guinea-Bissau,2009,36.13019495
Guinea-Bissau,2010,42.69221945
Guinea-Bissau,2011,45.10659833
Guinea-Bissau,2012,63.0692167
Guinea-Bissau,2013,55.15072568
Guinea-Bissau,2014,63.48369055
Heavily indebted poor countries (HIPC),2004,4.258430921
Heavily indebted poor countries (HIPC),2005,6.365272868
Heavily indebted poor countries (HIPC),2006,10.74220631
Heavily indebted poor countries (HIPC),2007,16.69967422
Heavily indebted poor countries (HIPC),2008,24.77048278
Heavily indebted poor countries (HIPC),2009,30.86748582
Heavily indebted poor countries (HIPC),2010,37.34786794
Heavily indebted poor countries (HIPC),2011,45.89839366
Heavily indebted poor countries (HIPC),2012,51.98971072
Heavily indebted poor countries (HIPC),2013,58.28493403
Heavily indebted poor countries (HIPC),2014,64.10237152
High income,2004,71.38578366
High income,2005,81.92913025
High income,2006,91.82082654
High income,2007,101.3389841
High income,2008,107.852375
High income,2009,113.01856
High income,2010,115.4455851
High income,2011,116.5107243
High income,2012,119.2413356
High income,2013,121.7715904
High income,2014,123.3102048
Honduras,2004,10.4578002
Honduras,2005,18.57507619
Honduras,2006,31.84055311
Honduras,2007,58.29729484
Honduras,2008,84.81834019
Honduras,2009,112.32838329999998
Honduras,2010,124.7187583
Honduras,2011,103.6720092
Honduras,2012,92.87017414
Honduras,2013,95.91916853
Honduras,2014,93.51563642
Hungary,2004,86.25517302
Hungary,2005,92.31411681
Hungary,2006,98.89553625
Hungary,2007,109.6328855
Hungary,2008,121.6811908
Hungary,2009,117.5591879
Hungary,2010,119.9427178
Hungary,2011,116.9434928
Hungary,2012,116.070556
Hungary,2013,116.4278724
Hungary,2014,118.0538283
Iceland,2004,98.94191084
Iceland,2005,95.40447185
Iceland,2006,100.4087225
Iceland,2007,106.9324528
Iceland,2008,108.897393
Iceland,2009,108.2570649
Iceland,2010,107.2427541
Iceland,2011,106.8414418
Iceland,2012,108.054513
Iceland,2013,108.1111263
Iceland,2014,111.0801927
India,2004,4.701852372
India,2005,7.997206759
India,2006,14.52388234
India,2007,20.1553755
India,2008,29.53103968
India,2009,44.12009108
India,2010,62.39006487
India,2011,73.19803895
India,2012,69.92238977
India,2013,70.78318167
India,2014,74.48376991
Indonesia,2004,13.70874711
Indonesia,2005,20.89708826
Indonesia,2006,28.01943927
Indonesia,2007,40.43198063
Indonesia,2008,60.01372486
Indonesia,2009,68.9204184
Indonesia,2010,87.79014493
Indonesia,2011,102.4626496
Indonesia,2012,114.218131
Indonesia,2013,125.3581426
Indonesia,2014,126.180597
"Iran, Islamic Rep.",2004,7.319761151
"Iran, Islamic Rep.",2005,12.13146655
"Iran, Islamic Rep.",2006,21.67657012
"Iran, Islamic Rep.",2007,41.45707252
"Iran, Islamic Rep.",2008,59.17901883
"Iran, Islamic Rep.",2009,71.4616386
"Iran, Islamic Rep.",2010,72.58942289
"Iran, Islamic Rep.",2011,74.30366228
"Iran, Islamic Rep.",2012,76.09808684
"Iran, Islamic Rep.",2013,84.24610052
"Iran, Islamic Rep.",2014,87.79273111
Ireland,2004,94.47377374
Ireland,2005,102.6935533
Ireland,2006,110.9801131
Ireland,2007,115.8530739
Ireland,2008,116.0047081
Ireland,2009,106.6677293
Ireland,2010,105.23580990000002
Ireland,2011,108.479355
Ireland,2012,107.2128919
Ireland,2013,105.4662101
Ireland,2014,104.2554956
Israel,2004,111.6505837
Israel,2005,117.46486090000002
Israel,2006,124.3388396
Israel,2007,128.454728
Israel,2008,126.3854986
Israel,2009,124.0341367
Israel,2010,122.7836679
Israel,2011,121.9782701
Israel,2012,120.6843884
Israel,2013,122.8478352
Israel,2014,121.45065259999998
Italy,2004,107.6937662
Italy,2005,121.8642226
Italy,2006,136.12111299999998
Italy,2007,150.962827
Italy,2008,150.88564580000005
Italy,2009,149.5058395
Italy,2010,154.7970088
Italy,2011,158.145883
Italy,2012,159.6276155
Italy,2013,158.8172931
Italy,2014,154.2486564
Jamaica,2004,68.93370547
Jamaica,2005,73.87598526
Jamaica,2006,84.36418744
Jamaica,2007,99.12039649
Jamaica,2008,100.164076
Jamaica,2009,108.2941099
Jamaica,2010,116.0682988
Jamaica,2011,106.9237357
Jamaica,2012,98.04968759
Jamaica,2013,102.2381648
Jamaica,2014,102.9209275
Japan,2004,72.15580043
Japan,2005,75.98436507
Japan,2006,78.51905384
Japan,2007,84.35360774
Japan,2008,86.70710553
Japan,2009,91.31743648
Japan,2010,96.80752449
Japan,2011,104.2742326
Japan,2012,110.9073543
Japan,2013,116.3154258
Japan,2014,120.2329983
Jordan,2004,31.89416724
Jordan,2005,59.88643393
Jordan,2006,79.99969054
Jordan,2007,84.36638062
Jordan,2008,89.88973816
Jordan,2009,97.2992605
Jordan,2010,102.5632445
Jordan,2011,111.16317250000002
Jordan,2012,128.1735327
Jordan,2013,141.7962745
Jordan,2014,147.804955
Kazakhstan,2004,16.42011664
Kazakhstan,2005,35.83356656
Kazakhstan,2006,51.0647485
Kazakhstan,2007,80.03793182
Kazakhstan,2008,95.77525322
Kazakhstan,2009,108.3821491
Kazakhstan,2010,121.867001
Kazakhstan,2011,156.7946524
Kazakhstan,2012,185.8215629
Kazakhstan,2013,184.69475480000003
Kazakhstan,2014,168.62290430000004
Kenya,2004,7.309274576
Kenya,2005,12.88773918
Kenya,2006,19.96957736
Kenya,2007,30.06283272
Kenya,2008,42.04847839
Kenya,2009,48.62445283
Kenya,2010,61.03491308
Kenya,2011,66.81460890000001
Kenya,2012,71.17433333
Kenya,2013,71.76404552
Kenya,2014,73.84324808
"Korea, Rep.",2004,78.17313661
"Korea, Rep.",2005,81.52202954
"Korea, Rep.",2006,84.99862058
"Korea, Rep.",2007,93.26624778
"Korea, Rep.",2008,95.27662025
"Korea, Rep.",2009,99.54168558
"Korea, Rep.",2010,104.7742463
"Korea, Rep.",2011,107.7446102
"Korea, Rep.",2012,109.4316142
"Korea, Rep.",2013,110.9984678
"Korea, Rep.",2014,115.5435591
Kuwait,2004,80.79191756
Kuwait,2005,60.18706501
Kuwait,2006,48.79420214
Kuwait,2007,55.82934104
Kuwait,2008,55.50663695
Kuwait,2009,91.87085234
Kuwait,2010,133.0114856
Kuwait,2011,157.90802649999995
Kuwait,2012,156.89913169999997
Kuwait,2013,190.2883477
Kuwait,2014,218.4302852
Latin America & Caribbean,2004,31.53526819
Latin America & Caribbean,2005,42.89606816
Latin America & Caribbean,2006,53.97063599
Latin America & Caribbean,2007,66.55705582
Latin America & Caribbean,2008,79.23494405
Latin America & Caribbean,2009,87.43562093
Latin America & Caribbean,2010,96.36835584
Latin America & Caribbean,2011,104.9329815
Latin America & Caribbean,2012,109.435113
Latin America & Caribbean,2013,114.5115258
Latin America & Caribbean,2014,114.7214273
Latin America & Caribbean (excluding high income),2004,30.12538978
Latin America & Caribbean (excluding high income),2005,40.54419861
Latin America & Caribbean (excluding high income),2006,49.76525172
Latin America & Caribbean (excluding high income),2007,61.51671114
Latin America & Caribbean (excluding high income),2008,74.47056781
Latin America & Caribbean (excluding high income),2009,82.57940287
Latin America & Caribbean (excluding high income),2010,91.76354983
Latin America & Caribbean (excluding high income),2011,100.7751939
Latin America & Caribbean (excluding high income),2012,104.97577340000002
Latin America & Caribbean (excluding high income),2013,110.6301748
Latin America & Caribbean (excluding high income),2014,111.3287866
Latvia,2004,68.06697415
Latvia,2005,84.02031102
Latvia,2006,99.37820811
Latvia,2007,102.3002948
Latvia,2008,107.4991886
Latvia,2009,109.0545685
Latvia,2010,110.3123196
Latvia,2011,111.3637843
Latvia,2012,127.6857527
Latvia,2013,124.7611955
Latvia,2014,124.1970672
Least developed countries: UN classification,2004,2.826624561
Least developed countries: UN classification,2005,4.98365434
Least developed countries: UN classification,2006,9.121220811
Least developed countries: UN classification,2007,15.06777953
Least developed countries: UN classification,2008,21.63473382
Least developed countries: UN classification,2009,26.47540811
Least developed countries: UN classification,2010,33.43446897
Least developed countries: UN classification,2011,42.62119165
Least developed countries: UN classification,2012,49.03499329
Least developed countries: UN classification,2013,56.34406728
Least developed countries: UN classification,2014,63.14595523
Lesotho,2004,10.26206811
Lesotho,2005,12.97020943
Lesotho,2006,18.44519698
Lesotho,2007,24.66811263
Lesotho,2008,30.07891192
Lesotho,2009,33.21820036
Lesotho,2010,49.15315236
Lesotho,2011,60.72157105
Lesotho,2012,75.30007872
Lesotho,2013,86.30152835
Lesotho,2014,101.8983929
Low & middle income,2004,16.10097091
Low & middle income,2005,21.66010195
Low & middle income,2006,29.05080487
Low & middle income,2007,37.73501408
Low & middle income,2008,47.66218536
Low & middle income,2009,56.67887014
Low & middle income,2010,66.98337852
Low & middle income,2011,76.38963068
Low & middle income,2012,81.09851518
Low & middle income,2013,86.24100733
Low & middle income,2014,89.79338911
Low income,2004,2.629490501
Low income,2005,3.85204784
Low income,2006,6.677801285
Low income,2007,11.28376704
Low income,2008,17.45576543
Low income,2009,22.36257947
Low income,2010,29.07801336
Low income,2011,37.31119002
Low income,2012,43.83301971
Low income,2013,50.96161392
Low income,2014,57.24681249
Lower middle income,2004,8.048799707999999
Lower middle income,2005,12.93400824
Lower middle income,2006,21.1856709
Lower middle income,2007,30.66306766
Lower middle income,2008,42.49241606
Lower middle income,2009,53.84766905
Lower middle income,2010,67.55101347
Lower middle income,2011,77.68659278
Lower middle income,2012,80.19611776
Lower middle income,2013,83.31647688
Lower middle income,2014,87.06385393
Madagascar,2004,1.879643651
Madagascar,2005,2.789819618
Madagascar,2006,5.555513652
Madagascar,2007,11.44808924
Madagascar,2008,24.26502318
Madagascar,2009,30.65911646
Madagascar,2010,36.5839289
Madagascar,2011,40.04243013
Madagascar,2012,39.37666576
Madagascar,2013,36.90806976
Madagascar,2014,38.21891025
Malawi,2004,1.767311574
Malawi,2005,3.258578544
Malawi,2006,4.6602394810000005
Malawi,2007,7.662757357
Malawi,2008,10.66389819
Malawi,2009,17.05611988
Malawi,2010,20.763471
Malawi,2011,25.56405677
Malawi,2012,29.2138369
Malawi,2013,32.33015944
Malawi,2014,30.4977722
Malaysia,2004,57.60279414
Malaysia,2005,75.62840062
Malaysia,2006,73.93037394
Malaysia,2007,87.07077496
Malaysia,2008,101.5040904
Malaysia,2009,108.46940829999998
Malaysia,2010,119.7442976
Malaysia,2011,127.477801
Malaysia,2012,141.32969619999997
Malaysia,2013,144.7153167
Malaysia,2014,148.8298489
Maldives,2004,38.71591939
Maldives,2005,68.42621717
Maldives,2006,89.50813176
Maldives,2007,101.719445
Maldives,2008,138.8041154
Maldives,2009,143.20528059999995
Maldives,2010,151.783883
Maldives,2011,159.7911219
Maldives,2012,165.6257202
Maldives,2013,181.1940074
Maldives,2014,189.3831136
Mali,2004,3.51562473
Mali,2005,6.381119979
Mali,2006,12.27489738
Mali,2007,19.8881407
Mali,2008,26.17209427
Mali,2009,32.89656779
Mali,2010,53.19893999
Mali,2011,75.06504419
Mali,2012,98.37926527
Mali,2013,129.06693719999998
Mali,2014,149.0238884
Mauritius,2004,45.31863157
Mauritius,2005,54.16012507
Mauritius,2006,63.49227878
Mauritius,2007,76.11805478
Mauritius,2008,84.46575593
Mauritius,2009,88.58099786
Mauritius,2010,96.7692919
Mauritius,2011,104.7930618
Mauritius,2012,119.8654035
Mauritius,2013,123.2398186
Mauritius,2014,132.24982409999998
Mexico,2004,35.15321825
Mexico,2005,42.56115672
Mexico,2006,49.40875353
Mexico,2007,58.62729509
Mexico,2008,65.49948112
Mexico,2009,71.45817512
Mexico,2010,77.51826326
Mexico,2011,79.24118294
Mexico,2012,83.35070827
Mexico,2013,84.81947943
Mexico,2014,82.54324957
Middle East & North Africa,2004,18.62308736
Middle East & North Africa,2005,28.65162516
Middle East & North Africa,2006,41.01747779
Middle East & North Africa,2007,56.76405278
Middle East & North Africa,2008,68.79413804
Middle East & North Africa,2009,82.72177002
Middle East & North Africa,2010,92.92326543
Middle East & North Africa,2011,99.66948466
Middle East & North Africa,2012,104.8890387
Middle East & North Africa,2013,110.5943456
Middle East & North Africa,2014,110.5742064
Middle East & North Africa (excluding high income),2004,13.02923186
Middle East & North Africa (excluding high income),2005,22.39163741
Middle East & North Africa (excluding high income),2006,34.28350674
Middle East & North Africa (excluding high income),2007,48.6185556
Middle East & North Africa (excluding high income),2008,59.66262333
Middle East & North Africa (excluding high income),2009,72.45628216
Middle East & North Africa (excluding high income),2010,82.04816394
Middle East & North Africa (excluding high income),2011,89.10250588
Middle East & North Africa (excluding high income),2012,95.07101983
Middle East & North Africa (excluding high income),2013,100.8013781
Middle East & North Africa (excluding high income),2014,100.6916456
Middle income,2004,17.43337902
Middle income,2005,23.446568300000006
Middle income,2006,31.28015638
Middle income,2007,40.49170883
Middle income,2008,50.85335961
Middle income,2009,60.35397449
Middle income,2010,71.17768037
Middle income,2011,80.77947478
Middle income,2012,85.34510136
Middle income,2013,90.31967755
Middle income,2014,93.61288996
Moldova,2004,20.55923738
Moldova,2005,28.92959183
Moldova,2006,36.55327717
Moldova,2007,51.2664194
Moldova,2008,66.64125769
Moldova,2009,59.27754616
Moldova,2010,71.38468703
Moldova,2011,90.80797013
Moldova,2012,101.9890274
Moldova,2013,106.0114063
Moldova,2014,107.9952216
Morocco,2004,31.27322579
Morocco,2005,41.13733424
Morocco,2006,52.65563390000001
Morocco,2007,65.31204171
Morocco,2008,73.70564595
Morocco,2009,80.92564452
Morocco,2010,101.074253
Morocco,2011,114.019338
Morocco,2012,119.9722162
Morocco,2013,128.5252097
Morocco,2014,131.713056
Mozambique,2004,3.463995267
Mozambique,2005,7.158096552000001
Mozambique,2006,10.83653425
Mozambique,2007,13.89078923
Mozambique,2008,19.3520095
Mozambique,2009,25.55872869
Mozambique,2010,30.14184555
Mozambique,2011,31.95650185
Mozambique,2012,34.93571402
Mozambique,2013,48.00421557
Mozambique,2014,69.67187332
Namibia,2004,14.28104347
Namibia,2005,22.14362322
Namibia,2006,29.65740203
Namibia,2007,38.46157543
Namibia,2008,49.83913613
Namibia,2009,76.11744914
Namibia,2010,89.49525165
Namibia,2011,98.95730464
Namibia,2012,95.01813098
Namibia,2013,118.4342133
Namibia,2014,113.7562458
Netherlands,2004,91.23770356
Netherlands,2005,97.12774476
Netherlands,2006,105.6191836
Netherlands,2007,117.2850348
Netherlands,2008,124.9803611
Netherlands,2009,121.6632867
Netherlands,2010,115.43015049999998
Netherlands,2011,118.9791426
Netherlands,2012,117.96684679999998
Netherlands,2013,116.1568948
Netherlands,2014,116.4234077
New Zealand,2004,74.20800059
New Zealand,2005,85.38703670000002
New Zealand,2006,90.85476294
New Zealand,2007,100.4364319
New Zealand,2008,107.9896947
New Zealand,2009,108.72227959999998
New Zealand,2010,107.8263131
New Zealand,2011,109.1999113
New Zealand,2012,110.3624066
New Zealand,2013,105.7756947
New Zealand,2014,112.0546897
Nicaragua,2004,13.71301519
Nicaragua,2005,20.51941453
Nicaragua,2006,33.12659154
Nicaragua,2007,44.71926088
Nicaragua,2008,54.83435642
Nicaragua,2009,58.23387447
Nicaragua,2010,68.05401524
Nicaragua,2011,81.68356887
Nicaragua,2012,97.66328039
Nicaragua,2013,111.98017659999998
Nicaragua,2014,114.5655993
Niger,2004,1.356695235
Niger,2005,2.456446921
Niger,2006,3.530777893
Niger,2007,6.339238428
Niger,2008,12.8758415
Niger,2009,16.9836557
Niger,2010,23.0821922
Niger,2011,28.72476707
Niger,2012,31.44796172
Niger,2013,39.2922097
Niger,2014,44.43748576
Nigeria,2004,6.725926062
Nigeria,2005,13.31581571
Nigeria,2006,22.55327253
Nigeria,2007,27.44502851
Nigeria,2008,41.65682945
Nigeria,2009,47.9584083
Nigeria,2010,54.66094952
Nigeria,2011,57.96066304
Nigeria,2012,66.79811805
Nigeria,2013,73.29196161
Nigeria,2014,77.84154715
North America,2004,61.04097919
North America,2005,66.80201482
North America,2006,74.45911875
North America,2007,80.05247166
North America,2008,83.35148579
North America,2009,86.85458857
North America,2010,89.77979447
North America,2011,92.80045047
North America,2012,94.39302337
North America,2013,95.45579433
North America,2014,96.87583883
Norway,2004,98.61186058
Norway,2005,102.8125884
Norway,2006,104.2820191
Norway,2007,106.7054572
Norway,2008,109.0680027
Norway,2009,110.7312823
Norway,2010,114.4755401
Norway,2011,115.8117293
Norway,2012,116.092253
Norway,2013,116.268422
Norway,2014,116.5131491
OECD members,2004,71.44282989
OECD members,2005,78.74653668
OECD members,2006,86.18371295
OECD members,2007,94.10815207
OECD members,2008,98.18069713
OECD members,2009,100.0099738
OECD members,2010,101.3448704
OECD members,2011,104.8156186
OECD members,2012,107.3580318
OECD members,2013,109.0202185
OECD members,2014,110.3946249
Oman,2004,32.72238932
Oman,2005,52.85698711
Oman,2006,71.15818396
Oman,2007,97.28614462
Oman,2008,124.1303432
Oman,2009,149.08858590000003
Oman,2010,164.3422859
Oman,2011,158.9952836
Oman,2012,159.25134
Oman,2013,154.64590780000003
Oman,2014,157.7532566
Pakistan,2004,3.2374237
Pakistan,2005,8.084502503
Pakistan,2006,21.44519233
Pakistan,2007,38.34402045
Pakistan,2008,52.7038814
Pakistan,2009,55.46464341
Pakistan,2010,57.28341989
Pakistan,2011,61.81345992
Pakistan,2012,67.06360938
Pakistan,2013,70.13037598
Pakistan,2014,73.33219105
Papua New Guinea,2004,0.812159649
Papua New Guinea,2005,1.230323235
Papua New Guinea,2006,1.601076692
Papua New Guinea,2007,4.689241614
Papua New Guinea,2008,13.34172509
Papua New Guinea,2009,21.14216485
Papua New Guinea,2010,27.83340587
Papua New Guinea,2011,34.22227108
Papua New Guinea,2012,37.7981892
Papua New Guinea,2013,40.97654202
Papua New Guinea,2014,44.92845743
Paraguay,2004,30.19071933
Paraguay,2005,31.96046184
Paraguay,2006,53.74829108
Paraguay,2007,76.63906251
Paraguay,2008,92.86007628
Paraguay,2009,88.51898491
Paraguay,2010,91.65810722
Paraguay,2011,99.32993534
Paraguay,2012,101.5901938
Paraguay,2013,103.6899605
Paraguay,2014,105.604533
Peru,2004,14.93424737
Peru,2005,20.13959315
Peru,2006,32.53576937
Peru,2007,54.42326978
Peru,2008,73.19257415
Peru,2009,85.36705031
Peru,2010,99.49532906
Peru,2011,109.6118145
Peru,2012,98.00011004
Peru,2013,98.08298127
Peru,2014,102.9158073
Philippines,2004,39.1016922
Philippines,2005,40.52493944
Philippines,2006,49.06786375
Philippines,2007,64.52260075
Philippines,2008,75.37478912
Philippines,2009,82.26097224
Philippines,2010,88.98361743
Philippines,2011,99.09141423
Philippines,2012,105.4510985
Philippines,2013,104.5023215
Philippines,2014,111.21872340000002
Poland,2004,60.42064117
Poland,2005,76.339145
Poland,2006,96.20698849
Poland,2007,108.37839850000002
Poland,2008,115.0213925
Poland,2009,117.31453059999998
Poland,2010,122.9152946
Poland,2011,131.2936783
Poland,2012,141.5464567
Poland,2013,149.0785439
Poland,2014,156.4493733
Portugal,2004,100.8873537
Portugal,2005,108.9082765
Portugal,2006,116.0366893
Portugal,2007,127.6765737
Portugal,2008,132.9171729
Portugal,2009,111.4775969
Portugal,2010,115.3032751
Portugal,2011,116.3901378
Portugal,2012,112.3895255
Portugal,2013,113.035602
Portugal,2014,111.796269
Russian Federation,2004,51.07845314
Russian Federation,2005,83.37214422
Russian Federation,2006,104.8422057
Russian Federation,2007,119.176587
Russian Federation,2008,138.8686388
Russian Federation,2009,160.10189619999997
Russian Federation,2010,165.5010987
Russian Federation,2011,142.04843280000003
Russian Federation,2012,145.3276296
Russian Federation,2013,152.8353524
Russian Federation,2014,155.144239
Rwanda,2004,1.483308604
Rwanda,2005,2.36469608
Rwanda,2006,3.252279849
Rwanda,2007,6.397339361
Rwanda,2008,12.93790517
Rwanda,2009,23.07054695
Rwanda,2010,32.74752019
Rwanda,2011,39.89652123
Rwanda,2012,49.66704344
Rwanda,2013,56.80079399
Rwanda,2014,64.02469114
Saudi Arabia,2004,38.49018452
Saudi Arabia,2005,57.36794477
Saudi Arabia,2006,77.64484350000002
Saudi Arabia,2007,109.5864024
Saudi Arabia,2008,136.53762869999997
Saudi Arabia,2009,167.4269561
Saudi Arabia,2010,189.1688419
Saudi Arabia,2011,194.5123877
Saudi Arabia,2012,187.3595577
Saudi Arabia,2013,184.2042369
Saudi Arabia,2014,179.5611716
Senegal,2004,10.22390743
Senegal,2005,15.35030352
Senegal,2006,25.75017105
Senegal,2007,30.49821024
Senegal,2008,44.03321374
Senegal,2009,54.83107061
Senegal,2010,64.42744115
Senegal,2011,70.16017194
Senegal,2012,83.56861759
Senegal,2013,92.92798275
Senegal,2014,98.84217748
Singapore,2004,91.20739002
Singapore,2005,97.53228591
Singapore,2006,103.7771628
Singapore,2007,125.190588
Singapore,2008,132.3000341
Singapore,2009,138.6858844
Singapore,2010,145.39565019999995
Singapore,2011,150.1160495
Singapore,2012,152.1251818
Singapore,2013,155.9222113
Singapore,2014,158.13011980000005
Slovenia,2004,92.68311392
Slovenia,2005,87.94625338
Slovenia,2006,90.56940742
Slovenia,2007,95.45856855
Slovenia,2008,101.1035341
Slovenia,2009,102.7485413
Slovenia,2010,103.2965118
Slovenia,2011,105.1696645
Slovenia,2012,108.3881402
Slovenia,2013,110.2112117
Slovenia,2014,112.0830105
Solomon Islands,2004,0.6552693479999999
Solomon Islands,2005,1.278483548
Solomon Islands,2006,1.456073386
Solomon Islands,2007,2.21478092
Solomon Islands,2008,5.957806812
Solomon Islands,2009,9.709416581000001
Solomon Islands,2010,21.93953048
Solomon Islands,2011,51.09173471
Solomon Islands,2012,54.97600064
Solomon Islands,2013,57.57076854
Solomon Islands,2014,65.75650459
South Africa,2004,43.82265902
South Africa,2005,70.40479553
South Africa,2006,81.0762872
South Africa,2007,85.27748184
South Africa,2008,89.52108369
South Africa,2009,91.24860878
South Africa,2010,97.90028646
South Africa,2011,123.1976544
South Africa,2012,130.557982
South Africa,2013,145.64402130000005
South Africa,2014,149.6818056
South Asia,2004,4.27225093
South Asia,2005,7.799621922999999
South Asia,2006,15.06016467
South Asia,2007,22.502563
South Asia,2008,32.18016326
South Asia,2009,44.39865425
South Asia,2010,59.72472422
South Asia,2011,69.84456295
South Asia,2012,69.00741955
South Asia,2013,71.49024036
South Asia,2014,75.02359479
Spain,2004,90.42919646
Spain,2005,98.40193058
Spain,2006,103.7617236
Spain,2007,108.4148248
Spain,2008,109.6808813
Spain,2009,111.5801838
Spain,2010,111.275767
Spain,2011,113.0635394
Spain,2012,108.3640175
Spain,2013,106.8867146
Spain,2014,107.84927009999998
Sri Lanka,2004,11.20278283
Sri Lanka,2005,16.84991212
Sri Lanka,2006,26.87761576
Sri Lanka,2007,39.32382822
Sri Lanka,2008,54.18660423
Sri Lanka,2009,79.14612039
Sri Lanka,2010,83.62395495
Sri Lanka,2011,87.54590803
Sri Lanka,2012,91.63310875
Sri Lanka,2013,95.49632054
Sri Lanka,2014,103.1578481
Sub-Saharan Africa,2004,7.403683227
Sub-Saharan Africa,2005,12.02493278
Sub-Saharan Africa,2006,17.75584378
Sub-Saharan Africa,2007,23.17776271
Sub-Saharan Africa,2008,31.89438616
Sub-Saharan Africa,2009,37.679212
Sub-Saharan Africa,2010,44.41018352
Sub-Saharan Africa,2011,53.09439045
Sub-Saharan Africa,2012,59.72096379
Sub-Saharan Africa,2013,66.08030593
Sub-Saharan Africa,2014,71.12352296
Sub-Saharan Africa (excluding high income),2004,7.394588297999999
Sub-Saharan Africa (excluding high income),2005,12.01525736
Sub-Saharan Africa (excluding high income),2006,17.747390600000006
Sub-Saharan Africa (excluding high income),2007,23.17043619
Sub-Saharan Africa (excluding high income),2008,31.89011607
Sub-Saharan Africa (excluding high income),2009,37.67665134
Sub-Saharan Africa (excluding high income),2010,44.39102611
Sub-Saharan Africa (excluding high income),2011,53.07449989
Sub-Saharan Africa (excluding high income),2012,59.70530865
Sub-Saharan Africa (excluding high income),2013,66.07111692
Sub-Saharan Africa (excluding high income),2014,71.11851121
Sudan,2004,2.7958827580000003
Sudan,2005,4.75898144
Sudan,2006,11.89555131
Sudan,2007,20.3550956
Sudan,2008,28.95430467
Sudan,2009,36.11230146
Sudan,2010,41.544029
Sudan,2011,68.77724454
Sudan,2012,74.36035887
Sudan,2013,72.85231291
Sudan,2014,72.19898961
Suriname,2004,43.13368221
Suriname,2005,46.60145779
Suriname,2006,63.34300634
Suriname,2007,74.4465973
Suriname,2008,127.5013
Suriname,2009,146.8572956
Suriname,2010,99.27727827
Suriname,2011,100.7099428
Suriname,2012,106.4593736
Suriname,2013,161.067802
Suriname,2014,170.5749874
Swaziland,2004,13.24493632
Swaziland,2005,18.10541334
Swaziland,2006,22.35630041
Swaziland,2007,33.48085468
Swaziland,2008,46.07241867
Swaziland,2009,56.61109776
Swaziland,2010,60.83084412
Swaziland,2011,63.23757857
Swaziland,2012,65.39478548
Swaziland,2013,71.46778668
Swaziland,2014,72.31972132
Sweden,2004,97.81454363
Sweden,2005,100.8176707
Sweden,2006,105.6913243
Sweden,2007,110.456172
Sweden,2008,108.4404554
Sweden,2009,112.1339335
Sweden,2010,117.1611493
Sweden,2011,121.2222926
Sweden,2012,124.57217
Sweden,2013,125.5274913
Sweden,2014,127.8377463
Switzerland,2004,85.43372768
Switzerland,2005,92.24719407
Switzerland,2006,99.3850712
Switzerland,2007,108.5154861
Switzerland,2008,116.25028
Switzerland,2009,120.40371090000002
Switzerland,2010,123.16091090000002
Switzerland,2011,127.383212
Switzerland,2012,132.0563723
Switzerland,2013,136.7772396
Switzerland,2014,140.5386879
Tanzania,2004,5.142308625
Tanzania,2005,7.634377406
Tanzania,2006,14.04274015
Tanzania,2007,20.06824321
Tanzania,2008,30.709868
Tanzania,2009,40.03113033
Tanzania,2010,46.65843734
Tanzania,2011,55.36980391
Tanzania,2012,56.96423843
Tanzania,2013,55.71793149
Tanzania,2014,62.77433234
Thailand,2004,41.42975138
Thailand,2005,46.46198345
Thailand,2006,60.90324472
Thailand,2007,80.17018406
Thailand,2008,93.43030345
Thailand,2009,99.50960309
Thailand,2010,108.0177685
Thailand,2011,116.331131
Thailand,2012,127.2920547
Thailand,2013,140.05118180000002
Thailand,2014,144.43871950000005
Togo,2004,6.161062986
Togo,2005,7.827044226
Togo,2006,12.45197504
Togo,2007,20.40031837
Togo,2008,25.87965477
Togo,2009,35.59849145
Togo,2010,41.26668606
Togo,2011,41.64413476
Togo,2012,49.86113051
Togo,2013,62.53490181
Togo,2014,68.96513263
Trinidad and Tobago,2004,50.46494092
Trinidad and Tobago,2005,71.25271699
Trinidad and Tobago,2006,116.519036
Trinidad and Tobago,2007,115.2483894
Trinidad and Tobago,2008,137.1963517
Trinidad and Tobago,2009,139.60830780000003
Trinidad and Tobago,2010,142.6283511
Trinidad and Tobago,2011,136.99082280000002
Trinidad and Tobago,2012,140.8425356
Trinidad and Tobago,2013,144.9406517
Trinidad and Tobago,2014,147.33777949999995
Tunisia,2004,37.55460363
Tunisia,2005,56.51703373
Tunisia,2006,72.23298695
Tunisia,2007,76.33512661
Tunisia,2008,82.78109140000002
Tunisia,2009,93.20555476
Tunisia,2010,104.5370929
Tunisia,2011,115.20107790000002
Tunisia,2012,118.1056496
Tunisia,2013,115.6035799
Tunisia,2014,128.4857675
Turkey,2004,51.92193776
Turkey,2005,64.3740778
Turkey,2006,76.73832278
Turkey,2007,89.17829733
Turkey,2008,93.54864342
Turkey,2009,88.12268708
Turkey,2010,85.62758012
Turkey,2011,89.41002295
Turkey,2012,91.46374843
Turkey,2013,92.96497103
Turkey,2014,94.7933028
Uganda,2004,4.1957560680000014
Uganda,2005,4.578959089
Uganda,2006,6.761102482
Uganda,2007,13.65261655
Uganda,2008,26.92003559
Uganda,2009,28.55294653
Uganda,2010,37.74438345
Uganda,2011,47.50472743
Uganda,2012,45.00206351
Uganda,2013,48.08192773
Uganda,2014,52.42923963
Ukraine,2004,28.94597129
Ukraine,2005,63.67435357
Ukraine,2006,104.7041786
Ukraine,2007,118.4064976
Ukraine,2008,119.8447225
Ukraine,2009,118.750841
Ukraine,2010,117.1087348
Ukraine,2011,121.3388196
Ukraine,2012,130.3399209
Ukraine,2013,138.06465490000002
Ukraine,2014,144.08215900000005
United Arab Emirates,2004,100.6685238
United Arab Emirates,2005,109.2858728
United Arab Emirates,2006,113.2014286
United Arab Emirates,2007,133.3628641
United Arab Emirates,2008,137.6413795
United Arab Emirates,2009,138.2668687
United Arab Emirates,2010,129.4316308
United Arab Emirates,2011,131.39803759999998
United Arab Emirates,2012,149.6390858
United Arab Emirates,2013,171.8737993
United Arab Emirates,2014,178.06154469999996
United States,2004,62.54719598
United States,2005,68.31769507
United States,2006,76.29353842
United States,2007,82.06414479
United States,2008,85.20916517
United States,2009,88.62364611
United States,2010,91.31165202
United States,2011,94.44042596
United States,2012,96.01037609
United States,2013,97.07773939
United States,2014,98.4068578
Upper middle income,2004,27.92066638
Upper middle income,2005,35.28725066
Upper middle income,2006,42.72958433
Upper middle income,2007,51.71609571
Upper middle income,2008,60.46525403
Upper middle income,2009,67.88296631
Upper middle income,2010,75.40171444
Upper middle income,2011,84.39337066
Upper middle income,2012,91.39855672
Upper middle income,2013,98.60299449
Upper middle income,2014,101.3986986
Uruguay,2004,18.04452826
Uruguay,2005,34.73290719
Uruguay,2006,69.96574097
Uruguay,2007,89.9933321
Uruguay,2008,104.7453819
Uruguay,2009,122.3521626
Uruguay,2010,131.58901799999998
Uruguay,2011,140.6072022
Uruguay,2012,147.1306851
Uruguay,2013,154.61846599999996
Uruguay,2014,160.7951457
Uzbekistan,2004,2.1101909030000003
Uzbekistan,2005,2.7645097310000004
Uzbekistan,2006,9.606295141
Uzbekistan,2007,21.34114016
Uzbekistan,2008,45.79499837
Uzbekistan,2009,59.93517855
Uzbekistan,2010,75.45030892
Uzbekistan,2011,90.3737516
Uzbekistan,2012,71.03391446
Uzbekistan,2013,74.30678167
Uzbekistan,2014,73.79116465
"Venezuela, RB",2004,32.06608836
"Venezuela, RB",2005,46.75510423
"Venezuela, RB",2006,69.10208356
"Venezuela, RB",2007,86.13026924
"Venezuela, RB",2008,97.48959044
"Venezuela, RB",2009,98.39250828
"Venezuela, RB",2010,95.99511185
"Venezuela, RB",2011,97.56403127
"Venezuela, RB",2012,102.0507277
"Venezuela, RB",2013,101.614434
"Venezuela, RB",2014,98.95200348
World,2004,27.40006942
World,2005,33.91292587
World,2006,41.76468389
World,2007,50.52487555
World,2008,59.70663668
World,2009,67.89625747
World,2010,76.56502837
World,2011,84.28434668
World,2012,88.55751276
World,2013,93.14403717
World,2014,96.26504895
"Yemen, Rep.",2004,7.52573741
"Yemen, Rep.",2005,11.30882491
"Yemen, Rep.",2006,14.41207153
"Yemen, Rep.",2007,20.5314264
"Yemen, Rep.",2008,29.69557406
"Yemen, Rep.",2009,37.39604244
"Yemen, Rep.",2010,48.6974305
"Yemen, Rep.",2011,50.06821515
"Yemen, Rep.",2012,58.27503629
"Yemen, Rep.",2013,69.01477877
"Yemen, Rep.",2014,68.48627079
Zambia,2004,4.155423212
Zambia,2005,8.278615333
Zambia,2006,14.11800015
Zambia,2007,21.79280605
Zambia,2008,28.41083233
Zambia,2009,34.36001051
Zambia,2010,41.21205404
Zambia,2011,59.88466455
Zambia,2012,74.77514723
Zambia,2013,71.50463179
Zambia,2014,67.33816426
Zimbabwe,2004,3.354159171
Zimbabwe,2005,5.091109468
Zimbabwe,2006,6.673415952999999
Zimbabwe,2007,9.620397232
Zimbabwe,2008,12.94364591
Zimbabwe,2009,30.96458524
Zimbabwe,2010,58.88210564
Zimbabwe,2011,68.86878087
Zimbabwe,2012,91.90938245
Zimbabwe,2013,96.3498668
Zimbabwe,2014,80.81642131
