Country Name,Country Code,Series Name,Series Code,1990 [YR1990],1991 [YR1991],1992 [YR1992],1993 [YR1993],1994 [YR1994],1995 [YR1995],1996 [YR1996],1997 [YR1997],1998 [YR1998],1999 [YR1999],2000 [YR2000],2001 [YR2001],2002 [YR2002],2003 [YR2003],2004 [YR2004],2005 [YR2005],2006 [YR2006],2007 [YR2007],2008 [YR2008],2009 [YR2009],2010 [YR2010],2011 [YR2011],2012 [YR2012],2013 [YR2013],2014 [YR2014],2015 [YR2015]
Afghanistan,AFG,"Commercial bank branches (per 100,000 adults)",FB.CBK.BRCH.P5,..,..,..,..,..,..,..,..,..,..,..,..,..,..,0.383742856361375,0.609975301474428,0.964169780732608,1.28779264347712,1.53164693226291,2.30099036877206,2.46329351486465,2.29003691552631,2.21120417153718,2.34021703172752,2.3973486012704,2.25259501693017
Albania,ALB,"Commercial bank branches (per 100,000 adults)",FB.CBK.BRCH.P5,..,..,..,..,..,..,..,..,..,..,..,..,..,..,9.67020782169087,11.6680654374631,13.7696800689309,18.4865235517534,23.2891432552959,23.7298375296621,23.8105362534123,23.8494412759687,23.8558341538343,23.338328229043,21.9534480979498,21.9263189851716
Algeria,DZA,"Commercial bank branches (per 100,000 adults)",FB.CBK.BRCH.P5,..,..,..,..,..,..,..,..,..,..,..,..,..,..,4.70570347788019,4.69996886323603,4.92453501836852,5.04265597256666,5.21931651207463,5.15112091265742,5.04240959946727,5.16909175719298,5.21427304103489,5.20769402291821,5.20524942428332,5.25290756724198
American Samoa,ASM,"Commercial bank branches (per 100,000 adults)",FB.CBK.BRCH.P5,..,..,..,..,..,..,..,..,..,..,..,..,..,..,..,..,..,..,..,..,..,..,..,..,..,..
Andorra,AND,"Commercial bank branches (per 100,000 adults)",FB.CBK.BRCH.P5,..,..,..,..,..,..,..,..,..,..,..,..,..,..,..,..,..,..,..,..,..,..,..,..,..,..
Angola,AGO,"Commercial bank branches (per 100,000 adults)",FB.CBK.BRCH.P5,..,..,..,..,..,..,..,..,..,..,..,..,..,..,2.00415528195125,2.48235726365138,3.75705801334682,4.32108980906726,5.21178604010932,5.85544635116731,8.33485048214429,9.42791217829448,10.1805881677601,11.4354941331157,11.4764427807912,11.7490844455329
Antigua and Barbuda,ATG,"Commercial bank branches (per 100,000 adults)",FB.CBK.BRCH.P5,..,..,..,..,..,..,..,..,..,..,..,..,..,..,..,..,..,..,..,39.5169448659585,38.8506425896284,36.6910764244546,36.104341547071,35.5381813335703,32.0793234179061,30.1646126001896
Arab World,ARB,"Commercial bank branches (per 100,000 adults)",FB.CBK.BRCH.P5,..,..,..,..,..,..,..,..,..,..,..,..,..,..,8.77868725107582,8.76954276727685,10.5118883484557,9.95083971423594,10.4805641638813,10.7865890910245,10.7711688761605,10.9135106317674,10.9740757354417,10.3224952938857,11.4164478888765,10.970554965814
Argentina,ARG,"Commercial bank branches (per 100,000 adults)",FB.CBK.BRCH.P5,..,..,..,..,..,..,..,..,..,..,..,..,..,..,13.3999111516074,13.1781508775233,13.1819466132542,13.1221964881747,13.0525167979778,12.9167885038792,12.9296333746988,13.0400515036801,13.1370315268649,13.1743250855077,13.1676854091917,13.2088389485986
Armenia,ARM,"Commercial bank branches (per 100,000 adults)",FB.CBK.BRCH.P5,..,..,..,..,..,..,..,..,..,..,..,..,..,..,10.7924747869873,12.2315379162811,13.5824524900668,15.6652110897808,17.1181744465159,17.5474301087558,18.254868530984,19.4867124190544,20.5883774858174,20.8807552065709,21.6760493968537,22.2092386372541
Aruba,ABW,"Commercial bank branches (per 100,000 adults)",FB.CBK.BRCH.P5,..,..,..,..,..,..,..,..,..,..,..,..,..,..,..,..,..,..,..,..,..,20.9602248908835,21.961396744833,19.2864030858245,19.0573746084305,18.8592510519926
Australia,AUS,"Commercial bank branches (per 100,000 adults)",FB.CBK.BRCH.P5,..,..,..,..,..,..,..,..,..,..,..,..,..,..,30.6727453229049,30.6322356788921,31.2421797144326,31.6788805107944,31.5786854751123,31.2315972275078,30.7497793006898,30.3653251348818,30.2150083299203,29.5390410622872,29.1764910699992,28.7206141596901
Austria,AUT,"Commercial bank branches (per 100,000 adults)",FB.CBK.BRCH.P5,..,..,..,..,..,..,..,..,..,..,..,..,..,..,13.9306814666402,13.3237550640015,13.0383201254259,12.8835826324852,12.5860245096672,11.7665146876083,11.287812113103,15.1062852246773,15.9866284528354,15.5602134886751,14.8595251474448,13.8609601007197
Azerbaijan,AZE,"Commercial bank branches (per 100,000 adults)",FB.CBK.BRCH.P5,..,..,..,..,..,..,..,..,..,..,..,..,..,..,6.49723304565411,6.73213930690375,7.30555687467197,8.17604907653703,9.15582079532338,9.76287370026043,9.84903333592534,9.96001704816943,9.64021871344903,10.1259579161922,10.721173808004,10.5229444340369
"Bahamas, The",BHS,"Commercial bank branches (per 100,000 adults)",FB.CBK.BRCH.P5,..,..,..,..,..,..,..,..,..,..,..,..,..,..,..,..,..,39.9519025639037,38.9093299284522,36.7597054812397,36.1337593062318,35.405178971427,35.0225414690926,34.0052455616421,33.4178153351377,29.657053653195
Bahrain,BHR,"Commercial bank branches (per 100,000 adults)",FB.CBK.BRCH.P5,..,..,..,..,..,..,..,..,..,..,..,..,..,..,..,..,..,..,..,..,..,..,..,..,..,..
Bangladesh,BGD,"Commercial bank branches (per 100,000 adults)",FB.CBK.BRCH.P5,..,..,..,..,..,..,..,..,..,..,..,..,..,..,6.94127712331625,6.88892783693271,6.92032086136218,6.95573282310526,7.00503082163166,7.21712921286062,7.47090005231088,7.67272198660487,7.87027133621782,8.03825138332996,8.22412525103063,8.3706544083944
Barbados,BRB,"Commercial bank branches (per 100,000 adults)",FB.CBK.BRCH.P5,..,..,..,..,..,..,..,..,..,..,..,..,..,..,..,..,19.219856857828,19.5501643577771,19.4218608852755,18.8569966192099,18.7604690117253,19.9755853956276,20.7572418483661,19.3492495569462,21.0253355293128,16.1449379074415
Belarus,BLR,"Commercial bank branches (per 100,000 adults)",FB.CBK.BRCH.P5,..,..,..,..,..,..,..,..,..,..,..,..,..,..,6.09725495854365,5.80089565942809,5.56969403978795,4.87690636769676,4.3902267374261,3.66754149904481,3.1926287273181,2.096960242078,1.70565746503217,1.56157324380753,1.20186178771658,0.889230504130235
Belgium,BEL,"Commercial bank branches (per 100,000 adults)",FB.CBK.BRCH.P5,..,..,..,..,..,..,..,..,..,..,..,..,..,..,57.2115669700369,53.6874475247769,53.4348452874286,51.374378896013,49.6733844419596,47.9323392794075,44.9976186835284,43.4048481809864,42.3978982044525,41.319528760455,39.7559918892577,38.5238316945903
Belize,BLZ,"Commercial bank branches (per 100,000 adults)",FB.CBK.BRCH.P5,..,..,..,..,..,..,..,..,..,..,..,..,..,..,25.699873293648,25.4485303473724,23.4216851344795,26.3447942148983,26.9620043139207,26.0219885803504,25.1419067235261,24.2969082184292,23.5216421724951,24.1096947274289,23.3729256528483,21.0150690406827
Benin,BEN,"Commercial bank branches (per 100,000 adults)",FB.CBK.BRCH.P5,..,..,..,..,..,..,..,..,..,..,..,..,..,..,0.936959106077025,1.07935268796266,1.59712092334884,1.97565255186397,2.36661442879076,2.72961177039352,2.93651532647267,3.15233411427157,3.14282077593102,3.21545748259803,3.31292440693733,3.25755311360899
Bermuda,BMU,"Commercial bank branches (per 100,000 adults)",FB.CBK.BRCH.P5,..,..,..,..,..,..,..,..,..,..,..,..,..,..,..,..,..,..,..,..,..,..,..,..,..,..
Bhutan,BTN,"Commercial bank branches (per 100,000 adults)",FB.CBK.BRCH.P5,..,..,..,..,..,..,..,..,..,..,..,..,..,..,14.3744670483616,13.7492280624075,13.2431006812341,12.8025414129666,12.834701666828,12.8746944814564,14.3028550087804,16.2712494769956,12.4656957274772,16.0334380114114,15.4921458423404,15.3528508655831
Bolivia,BOL,"Commercial bank branches (per 100,000 adults)",FB.CBK.BRCH.P5,..,..,..,..,..,..,..,..,..,..,..,..,..,..,4.47760269505667,5.10118767753646,5.72952000819372,5.91501967239713,6.28379153319667,6.90121425048628,8.59831821835437,9.29854269495316,9.71056609943974,11.4842962348244,15.0536988151314,15.320807354098
Bosnia and Herzegovina,BIH,"Commercial bank branches (per 100,000 adults)",FB.CBK.BRCH.P5,..,..,..,..,..,..,..,..,..,..,..,..,..,..,..,26.4696890992104,27.1998787556933,30.5957361143845,32.6238764462664,31.0008179069547,30.0699401137585,30.5858239442085,29.9082356793362,30.2410837431836,30.7590664168327,27.9119184802082
Botswana,BWA,"Commercial bank branches (per 100,000 adults)",FB.CBK.BRCH.P5,..,..,..,..,..,..,..,..,..,..,..,..,..,..,6.63773295889712,6.32093376825793,6.64474979680841,7.57774290612755,8.45755040123388,8.38975820267409,8.68937245936258,8.26412131730094,8.2768156655777,8.4263115655883,8.57051742007494,7.92963166860899
Brazil,BRA,"Commercial bank branches (per 100,000 adults)",FB.CBK.BRCH.P5,..,..,..,..,..,..,..,..,..,..,..,..,..,..,..,18.1900238223433,18.0881206156344,18.1579309374846,18.7973178213792,18.7091569851234,18.2101697306845,18.750183838345,20.0219173822032,20.2294142574132,21.0484107355309,20.6725456086905
British Virgin Islands,VGB,"Commercial bank branches (per 100,000 adults)",FB.CBK.BRCH.P5,..,..,..,..,..,..,..,..,..,..,..,..,..,..,..,..,..,..,..,..,..,..,..,..,..,..
Brunei Darussalam,BRN,"Commercial bank branches (per 100,000 adults)",FB.CBK.BRCH.P5,..,..,..,..,..,..,..,..,..,..,..,..,..,..,21.157221664995,25.981171292334,23.1516921273044,22.6000233290563,22.7737745752157,23.298918165158,22.7992745066679,22.6106675799603,22.1443551433521,22.3572172291104,19.739439399921,20.2829159457524
Bulgaria,BGR,"Commercial bank branches (per 100,000 adults)",FB.CBK.BRCH.P5,..,..,..,..,..,..,..,..,..,..,..,..,..,..,84.2178724226873,84.5866190800232,83.3939303875319,88.293075124605,92.3045207887767,92.278463797645,91.9311431562508,60.0351245250598,61.344686438462,60.7250295515639,60.4429559646493,60.3628114395526
Burkina Faso,BFA,"Commercial bank branches (per 100,000 adults)",FB.CBK.BRCH.P5,..,..,..,..,..,..,..,..,..,..,..,..,..,..,1.16419672510024,1.29503411509762,1.21654024335401,1.50743914664788,1.67686335088112,1.83357444632205,1.94231722973609,2.11448809109908,2.16045703181189,2.34091707377129,..,2.70942539074582
Burundi,BDI,"Commercial bank branches (per 100,000 adults)",FB.CBK.BRCH.P5,..,..,..,..,..,..,..,..,..,..,..,..,..,..,1.4486276787842,1.47632323543619,1.59156013345232,1.69631327513565,1.73112916463853,1.88056014050919,2.09445817687794,2.2868215777898,2.48381616354013,2.94300281289111,2.87242060387299,2.90084443743632
Cabo Verde,CPV,"Commercial bank branches (per 100,000 adults)",FB.CBK.BRCH.P5,..,..,..,..,..,..,..,..,..,..,..,..,..,..,16.0805425435223,16.2687599137756,18.1042541705618,21.1858966128245,25.72831526599,28.2241488271639,31.1822572955988,30.6354499287137,34.3780604418303,34.2650015575001,33.8999063584554,33.8640522161837
Cambodia,KHM,"Commercial bank branches (per 100,000 adults)",FB.CBK.BRCH.P5,..,..,..,..,..,..,..,..,..,..,..,..,..,..,..,..,2.31927351076549,3.02326378924151,3.12916707611177,3.94780551761989,4.10372632969609,4.25981565724359,4.47411430263488,4.7567944753202,5.67292569902307,6.10046356014794
Cameroon,CMR,"Commercial bank branches (per 100,000 adults)",FB.CBK.BRCH.P5,..,..,..,..,..,..,..,..,..,..,..,..,..,..,0.469538390683705,0.980749667213806,1.05990445057733,1.10497744581841,1.19161799528738,1.28111689361137,1.65639643660207,1.70307589699296,1.80235738603621,1.92598867550232,1.94856853092509,..
Canada,CAN,"Commercial bank branches (per 100,000 adults)",FB.CBK.BRCH.P5,..,..,..,..,..,..,..,..,..,..,..,..,..,..,..,..,24.5802791555439,24.6714875234006,24.6151486596924,24.1888102449515,24.0530994613767,24.1767725183902,24.2393230653378,24.1510769995397,23.9080081078567,23.6211785568152
Caribbean small states,CSS,"Commercial bank branches (per 100,000 adults)",FB.CBK.BRCH.P5,..,..,..,..,..,..,..,..,..,..,..,..,..,..,9.91367414842549,9.72064564359962,9.79061662676622,9.8671752492118,9.9568585087678,9.78782701463654,9.95635446396616,9.43090555697441,9.45260059347389,9.21339366337119,9.32905751802739,9.20890417101093
Cayman Islands,CYM,"Commercial bank branches (per 100,000 adults)",FB.CBK.BRCH.P5,..,..,..,..,..,..,..,..,..,..,..,..,..,..,..,..,..,..,..,..,..,..,..,..,..,..
Central African Republic,CAF,"Commercial bank branches (per 100,000 adults)",FB.CBK.BRCH.P5,..,..,..,..,..,..,..,..,..,..,..,0.411597161625973,0.404469342502607,..,0.302214454831028,0.296328782710994,0.290347039372718,0.487057858008834,0.515779275036521,0.736274297051803,0.832196313597293,0.849603862964068,0.865568236530947,0.915243521659942,..,..
Central Europe and the Baltics,CEB,"Commercial bank branches (per 100,000 adults)",FB.CBK.BRCH.P5,..,..,..,..,..,..,..,..,..,..,..,..,..,..,25.8699341139781,26.1035633982388,27.777351970216,29.826001468812,32.6338623636666,32.8294113471658,32.0881256152165,32.6216239970634,29.8978460716748,29.2549717309053,29.3479480320233,28.4536894474839
Chad,TCD,"Commercial bank branches (per 100,000 adults)",FB.CBK.BRCH.P5,..,..,..,..,..,..,..,..,..,..,..,..,..,..,0.384724260023383,0.370522479598837,0.358182461539216,0.364376976403494,0.492727084275161,0.560408942292653,0.622124923339474,0.679792672720298,0.65558164499461,0.852050783401933,0.97630770049257,0.994720758037175
Channel Islands,CHI,"Commercial bank branches (per 100,000 adults)",FB.CBK.BRCH.P5,..,..,..,..,..,..,..,..,..,..,..,..,..,..,..,..,..,..,..,..,..,..,..,..,..,..
Chile,CHL,"Commercial bank branches (per 100,000 adults)",FB.CBK.BRCH.P5,..,..,..,..,..,..,..,..,..,..,..,..,..,..,12.5421234089941,13.1175562164614,13.8565740838959,14.9407823278213,15.3900060720569,16.956062621843,17.3589095957315,17.246685511392,17.0935309298837,16.9313254807038,16.7190132696019,16.0129599618089
China,CHN,"Commercial bank branches (per 100,000 adults)",FB.CBK.BRCH.P5,..,..,..,..,..,..,..,..,..,..,..,..,..,..,..,..,..,..,..,..,..,..,7.64375957499423,7.72873357076522,7.96821937505209,8.44716603880388
Colombia,COL,"Commercial bank branches (per 100,000 adults)",FB.CBK.BRCH.P5,..,..,..,..,..,..,..,..,..,..,..,..,..,..,..,..,..,11.0026480477759,28.579497736416,30.4767543539274,41.6959694290703,70.8394683520297,110.352995315423,142.193636475209,253.191501186566,257.695990426862
Comoros,COM,"Commercial bank branches (per 100,000 adults)",FB.CBK.BRCH.P5,..,..,..,..,..,..,..,..,..,..,..,0.883161844344047,0.860172690243872,0.839108639350594,0.577248889517449,0.560294715020101,0.544502161673582,1.05855110817069,1.02916393294997,1.2508474491468,1.21626979783163,2.13078270751456,2.30397227860554,2.46625711851486,2.83646471765176,2.76051863774776
"Congo, Dem. Rep.",COD,"Commercial bank branches (per 100,000 adults)",FB.CBK.BRCH.P5,..,..,..,..,..,..,..,..,..,..,..,..,..,..,0.456002196272396,0.451136080954799,0.447069889366725,0.473503155396806,0.466979571281217,0.477780663677206,0.592101938082795,0.600592233305785,0.679321957078794,0.636489044304001,0.778957200568728,1.00887769234349
"Congo, Rep.",COG,"Commercial bank branches (per 100,000 adults)",FB.CBK.BRCH.P5,..,..,..,..,..,..,..,..,..,..,..,..,..,..,0.706134900011298,0.68885637049451,0.669733728221096,1.48592687939567,1.80187160403511,1.83623334328688,2.20885018303722,2.69613109335997,2.87766518406114,3.52505542060446,3.79055116161054,3.96129251315715
Costa Rica,CRI,"Commercial bank branches (per 100,000 adults)",FB.CBK.BRCH.P5,..,..,..,..,..,..,..,..,..,..,..,..,..,..,16.2342836199066,18.1580653100214,18.7557463234619,20.8944045156714,20.6183313059147,20.2057414659012,20.2736800959135,23.1266417193154,23.0517019558483,22.5630895505798,22.3236742429392,22.3276255105704
Cote d'Ivoire,CIV,"Commercial bank branches (per 100,000 adults)",FB.CBK.BRCH.P5,..,..,..,..,..,..,..,..,..,..,..,..,..,..,1.39474506217603,1.47942621144788,1.6050102619135,1.85549288849217,2.48997691726603,2.76575342874339,4.38124790634532,4.40216875031697,4.62321429391042,4.54979568903209,4.72794982699644,4.83183343575136
Croatia,HRV,"Commercial bank branches (per 100,000 adults)",FB.CBK.BRCH.P5,..,..,..,..,..,..,..,..,..,..,..,..,..,..,28.8394890150817,30.7221055037836,30.7647602725466,32.666525049763,34.3656423994128,35.6870821895937,35.1918308311779,35.9457335218066,35.6395302329212,34.675579385304,33.9369745924172,33.4597688901346
Cuba,CUB,"Commercial bank branches (per 100,000 adults)",FB.CBK.BRCH.P5,..,..,..,..,..,..,..,..,..,..,..,..,..,..,..,..,..,..,..,..,..,..,..,..,..,..
Curacao,CUW,"Commercial bank branches (per 100,000 adults)",FB.CBK.BRCH.P5,..,..,..,..,..,..,..,..,..,..,..,..,..,..,..,..,..,..,..,..,..,..,..,..,..,..
Cyprus,CYP,"Commercial bank branches (per 100,000 adults)",FB.CBK.BRCH.P5,..,..,..,..,..,..,..,..,..,..,..,..,..,..,67.0892547027463,62.4353413071492,60.6013168630577,60.722881475217,61.4300411170219,60.6657987308401,58.3974419716739,55.9092858267246,52.3169788389054,39.2456397250273,37.6903126525963,35.8894358571456
Czech Republic,CZE,"Commercial bank branches (per 100,000 adults)",FB.CBK.BRCH.P5,..,..,..,..,..,..,..,..,..,..,..,..,..,..,21.0010001304544,21.3766452785087,21.8954673002147,21.5907580331175,22.8142216693606,22.7437357895066,22.6134794751408,23.2911046452137,23.8299616169023,24.2882908726066,24.2007839915807,23.6498509680534
Denmark,DNK,"Commercial bank branches (per 100,000 adults)",FB.CBK.BRCH.P5,..,..,..,..,..,..,..,..,..,..,..,52.390267665442,50.5257130308945,50.0338046543678,50.08224690744,50.2024328216935,50.5242389949502,51.8622713993878,50.4558687036728,45.8030778492335,40.8684551342271,38.7332411897588,34.0937425754445,30.0257164237701,27.797592676523,24.7359188143086
Djibouti,DJI,"Commercial bank branches (per 100,000 adults)",FB.CBK.BRCH.P5,..,..,..,..,..,..,..,..,..,..,..,..,..,..,2.11572597963402,2.05851535755383,2.41071320950303,2.3524660705779,3.06210718906215,3.55322829491795,4.39113283908694,5.02577504630893,5.28858951554756,5.02514304329594,5.62173875268949,6.36285698976585
Dominica,DMA,"Commercial bank branches (per 100,000 adults)",FB.CBK.BRCH.P5,..,..,..,..,..,..,..,..,..,..,..,..,..,..,21.8652397897074,21.7979783421391,21.7523410413237,21.7200789351109,21.6937259379971,21.6588913051789,21.6065450027565,21.5354330160384,21.4504148456605,21.3550862886074,19.4845740662544,19.3936925223846
Dominican Republic,DOM,"Commercial bank branches (per 100,000 adults)",FB.CBK.BRCH.P5,..,..,..,..,..,..,..,..,..,..,..,..,..,..,9.94252854547921,9.90675008009711,9.89100651486569,9.90054242499365,10.0292177408912,10.1862814342044,10.2257744919087,10.6519083704317,10.487188980853,11.6623773945325,11.5740453686044,12.5708432106666
Early-demographic dividend,EAR,"Commercial bank branches (per 100,000 adults)",FB.CBK.BRCH.P5,..,..,..,..,..,..,..,..,..,..,..,..,..,..,5.513264358117,6.32093376825793,6.7825353290853,6.95573282310526,7.30204767959319,7.64726746868589,8.24724925842546,8.27617532598907,9.71056609943974,10.2426810680005,10.7754435506177,10.970554965814
East Asia & Pacific,EAS,"Commercial bank branches (per 100,000 adults)",FB.CBK.BRCH.P5,..,..,..,..,..,..,..,..,..,..,..,..,..,..,14.064013276112,12.0749373187197,11.1433342069852,10.7554460630814,10.3297231203813,10.2164792774954,10.2232637866332,11.2035726824675,10.4438677382464,10.2096481529487,10.0764445147162,9.99260696268135
East Asia & Pacific (excluding high income),EAP,"Commercial bank branches (per 100,000 adults)",FB.CBK.BRCH.P5,..,..,..,..,..,..,..,..,..,..,..,..,..,..,7.77632848915939,6.64935005267114,5.72028398213632,5.97007473565942,3.30898435376529,3.94780551761989,4.10372632969609,4.25981565724359,6.05893693881456,6.27128492056044,6.82057253703758,7.27381479947591
East Asia & Pacific (IDA & IBRD countries),TEA,"Commercial bank branches (per 100,000 adults)",FB.CBK.BRCH.P5,..,..,..,..,..,..,..,..,..,..,..,..,..,..,7.77632848915939,6.64935005267114,5.72028398213632,5.97007473565942,3.30898435376529,3.94780551761989,4.10372632969609,4.25981565724359,6.05893693881456,6.27128492056044,6.82057253703758,7.27381479947591
Ecuador,ECU,"Commercial bank branches (per 100,000 adults)",FB.CBK.BRCH.P5,..,..,..,..,..,..,..,..,..,..,..,..,..,..,12.7904063985668,14.7963794297878,14.3085690469299,13.9978933945232,17.5787601700452,24.4667126224521,33.8615954891676,41.8455912829385,77.2946698663712,78.5939287347849,77.1533046842735,75.7457685778278
"Egypt, Arab Rep.",EGY,"Commercial bank branches (per 100,000 adults)",FB.CBK.BRCH.P5,..,..,..,..,..,..,..,..,..,..,..,..,..,..,3.78387171773955,3.79475454847596,3.90959122904451,4.20567179528047,4.44673002017081,4.5727766535354,4.60437766892949,4.61757099800499,4.57997794235755,4.58402692513371,4.5923844839569,4.64817827462402
El Salvador,SLV,"Commercial bank branches (per 100,000 adults)",FB.CBK.BRCH.P5,..,..,..,..,..,..,..,..,..,..,..,..,..,..,..,..,..,..,..,11.7363692696453,10.7282631085071,11.5747085090811,11.1634677490666,11.8629015008173,11.8071498852083,..
Equatorial Guinea,GNQ,"Commercial bank branches (per 100,000 adults)",FB.CBK.BRCH.P5,..,..,..,..,..,..,..,..,..,..,..,3.34525358694816,3.22430270609323,..,3.10737974440389,3.25969147020235,3.67130299788113,3.79998885336603,3.91786202269422,4.02398293831234,4.34697061905437,4.43242764061877,5.36386301122978,6.02289530961836,6.23416321441499,6.81886370455227
Eritrea,ERI,"Commercial bank branches (per 100,000 adults)",FB.CBK.BRCH.P5,..,..,..,..,..,..,..,..,..,..,..,..,..,..,..,..,..,..,..,..,..,..,..,..,..,..
Estonia,EST,"Commercial bank branches (per 100,000 adults)",FB.CBK.BRCH.P5,..,..,..,..,..,..,..,..,..,..,..,..,..,..,18.4137449056386,20.8797974161883,22.6260151917761,24.0221451794611,23.8233069634736,20.276559473273,19.4694069961925,17.3394350844465,16.0008253995098,13.9335209489209,12.3808306720038,11.1724121097253
Ethiopia,ETH,"Commercial bank branches (per 100,000 adults)",FB.CBK.BRCH.P5,..,..,..,..,..,..,..,..,..,..,..,..,..,..,0.83524142653434,0.91425467327824,0.937725045197642,1.0766128394389,1.19370155487776,1.31555483727491,1.36285713563321,1.89806370528533,2.93111379396884,..,..,..
Euro area,EMU,"Commercial bank branches (per 100,000 adults)",FB.CBK.BRCH.P5,..,..,..,..,..,..,..,..,..,..,..,..,..,..,33.6037405365844,31.915663317887,33.7098826085272,37.4045791622426,36.6601987576921,35.3942992722665,34.2098864378896,35.5137159159194,32.0896251763296,29.6661657316892,28.0547493578348,27.5179431203113
Europe & Central Asia,ECS,"Commercial bank branches (per 100,000 adults)",FB.CBK.BRCH.P5,..,..,..,..,..,..,..,..,..,..,..,..,..,..,23.6729270507425,25.0816698210766,26.3711542942272,26.1831651274738,27.5363818827436,25.5143404900661,25.8284352115029,24.2198562388324,24.5342093656644,24.575807771343,24.5734034808463,24.192884891181
Europe & Central Asia (excluding high income),ECA,"Commercial bank branches (per 100,000 adults)",FB.CBK.BRCH.P5,..,..,..,..,..,..,..,..,..,..,..,..,..,..,9.67020782169087,12.2315379162811,13.7696800689309,15.9609815119693,21.9446569178183,21.6811524537044,21.9078476720991,22.9918690499803,23.502878288102,22.7170101136662,21.9534480979498,22.2092386372541
Europe & Central Asia (IDA & IBRD countries),TEC,"Commercial bank branches (per 100,000 adults)",FB.CBK.BRCH.P5,..,..,..,..,..,..,..,..,..,..,..,..,..,..,10.2313413043391,12.5933493247318,13.9184330709954,17.2237525318614,23.2891432552959,23.7298375296621,23.6106996657782,23.4092985942873,23.8558341538343,23.338328229043,23.4497355340309,23.4736079756562
European Union,EUU,"Commercial bank branches (per 100,000 adults)",FB.CBK.BRCH.P5,..,..,..,..,..,..,..,..,..,..,..,..,..,..,29.0272987271824,28.3213802518784,30.7647602725466,32.666525049763,33.9194092637729,34.7578359109892,33.1490060265531,32.7484859553323,33.2047395800386,30.0257164237701,28.0547493578348,27.5179431203113
Faroe Islands,FRO,"Commercial bank branches (per 100,000 adults)",FB.CBK.BRCH.P5,..,..,..,..,..,..,..,..,..,..,..,..,..,..,..,..,..,..,..,..,..,..,..,..,..,..
Fiji,FJI,"Commercial bank branches (per 100,000 adults)",FB.CBK.BRCH.P5,..,..,..,..,..,..,..,..,..,..,..,..,..,..,9.25681978396007,9.63345576579843,10.5866753674097,11.310414321041,11.6484596178293,11.3023836394673,11.1367693542312,10.8748932799652,10.4591233323732,11.0134443829039,12.1989474051096,12.2699193488763
Finland,FIN,"Commercial bank branches (per 100,000 adults)",FB.CBK.BRCH.P5,..,..,..,..,..,..,..,..,..,..,..,..,..,..,13.1729834064901,14.4161708541217,16.952071751827,16.1141567380076,16.0679404307165,14.9666763912499,15.4978256113889,15.0806909415081,13.5838663280218,12.1961852998199,12.0568601841366,8.06742871764469
Fragile and conflict affected situations,FCS,"Commercial bank branches (per 100,000 adults)",FB.CBK.BRCH.P5,..,..,..,..,..,..,..,..,..,..,..,..,..,..,1.76853783464684,1.87829213911784,1.85984278786044,2.10836352925634,2.37326040698782,2.76575342874339,2.87893173256562,2.95866122671474,2.97084638539742,3.52505542060446,3.75805899141108,3.96129251315715
France,FRA,"Commercial bank branches (per 100,000 adults)",FB.CBK.BRCH.P5,..,..,..,..,..,..,..,..,..,..,..,..,..,..,21.5634982540389,21.9998761992298,45.89163692077,44.8905319423042,44.5600607390616,41.9240440494056,41.573718487484,41.3851230134228,39.0072126661247,38.6679497624601,37.9886383849057,37.5175576991212
French Polynesia,PYF,"Commercial bank branches (per 100,000 adults)",FB.CBK.BRCH.P5,..,..,..,..,..,..,..,..,..,..,..,..,..,..,..,..,..,..,..,..,..,..,..,..,..,..
Gabon,GAB,"Commercial bank branches (per 100,000 adults)",FB.CBK.BRCH.P5,..,..,..,..,..,..,..,..,..,..,..,3.59678971783604,3.62480004666651,..,..,4.05895997507321,4.0664008402346,4.18487653483175,4.07478216434808,4.50386689143107,5.01219634443813,5.70378609172503,9.83357420623687,10.3650633431301,..,..
"Gambia, The",GMB,"Commercial bank branches (per 100,000 adults)",FB.CBK.BRCH.P5,..,..,..,..,..,..,..,..,..,..,..,..,..,..,4.26037834822469,4.51194311342123,5.25563009373792,6.189410525396,7.40874890926752,7.7421411574501,9.4727844699206,9.17773864788433,8.78149068387151,9.19455682236116,8.98476068655165,9.05332126223832
Georgia,GEO,"Commercial bank branches (per 100,000 adults)",FB.CBK.BRCH.P5,..,..,..,..,..,..,..,..,..,..,..,..,..,..,9.37584327436594,10.7858333624651,13.0269469541138,15.9609815119693,20.6001705803406,19.6324673777467,20.20499567842,22.5744395056732,26.8919734195086,31.8643053503642,31.761495493499,31.9247999264936
Germany,DEU,"Commercial bank branches (per 100,000 adults)",FB.CBK.BRCH.P5,..,..,..,..,..,..,..,..,..,..,..,..,..,..,21.2690109347098,20.1839104265425,16.6780026519375,16.3028192794454,16.3147014621533,15.8573364234122,15.7042926996392,15.5365671615515,14.1618735100306,14.5982598069505,14.5189930974328,14.0562098305617
Ghana,GHA,"Commercial bank branches (per 100,000 adults)",FB.CBK.BRCH.P5,..,..,..,..,..,..,..,..,..,..,..,..,..,..,3.06316463115346,3.22930160371184,3.60088955646309,4.56442112632364,4.76518546910353,5.0917816213358,5.36078885425831,5.37945972336687,5.67633608604633,5.84760246420723,6.08088753823243,7.16749401928676
Gibraltar,GIB,"Commercial bank branches (per 100,000 adults)",FB.CBK.BRCH.P5,..,..,..,..,..,..,..,..,..,..,..,..,..,..,..,..,..,..,..,..,..,..,..,..,..,..
Greece,GRC,"Commercial bank branches (per 100,000 adults)",FB.CBK.BRCH.P5,..,..,..,..,..,..,..,..,..,..,..,..,..,..,34.0567270538506,35.1995090642431,38.0163628903565,40.0437476481512,42.4653377423278,42.0870188085788,41.1148829446211,39.4599574567072,37.5882977893483,32.4762051131865,28.1674733814074,26.8196718502242
Greenland,GRL,"Commercial bank branches (per 100,000 adults)",FB.CBK.BRCH.P5,..,..,..,..,..,..,..,..,..,..,..,..,..,..,..,..,..,..,..,..,..,..,..,..,..,..
Grenada,GRD,"Commercial bank branches (per 100,000 adults)",FB.CBK.BRCH.P5,..,..,..,..,..,..,..,..,..,..,..,..,..,..,38.0775088847521,34.7101700798334,34.2053415061296,33.8189737970591,33.5138613330474,33.2331906521681,32.946758039009,34.0309681810447,35.0776905887855,34.8131052000464,34.5777037843376,34.3800137520055
Guam,GUM,"Commercial bank branches (per 100,000 adults)",FB.CBK.BRCH.P5,..,..,..,..,..,..,..,..,..,..,..,..,..,..,..,..,..,..,..,..,..,..,..,..,..,..
Guatemala,GTM,"Commercial bank branches (per 100,000 adults)",FB.CBK.BRCH.P5,..,..,..,..,..,..,..,..,..,..,..,..,..,..,17.5665042909888,17.3532870233674,17.0188697032068,27.1249151126757,29.7832285043364,32.2178375906385,33.0005011930222,33.8070320573965,34.3761392810605,34.688847372136,34.4971778150775,34.4092931352205
Guinea,GIN,"Commercial bank branches (per 100,000 adults)",FB.CBK.BRCH.P5,..,..,..,..,..,..,..,..,..,..,..,..,..,..,0.680648960970454,0.665045433687211,0.75709765532264,0.824255272208548,1.0216516940773,1.18928159958375,1.29768158770862,1.4314953244562,1.57105583411584,1.62751467512388,2.17675414372894,2.34615275800607
Guinea-Bissau,GNB,"Commercial bank branches (per 100,000 adults)",FB.CBK.BRCH.P5,..,..,..,..,..,..,..,..,..,..,..,..,..,..,0.122209200153006,0.238069163853483,0.348507343049718,0.453072454214197,1.10356761338054,1.71940770703012,1.77830406279715,2.14126648775195,2.28417523397899,2.5137604212289,2.44661670549886,2.47259313663092
Guyana,GUY,"Commercial bank branches (per 100,000 adults)",FB.CBK.BRCH.P5,..,..,..,..,..,..,..,..,..,..,..,..,..,..,6.18095711055175,6.19508537468517,6.34500320422662,6.47168117575833,6.58556813902134,6.70064366789173,6.82098133859753,7.46789297330228,7.72069609796019,8.16080196011076,8.39250046158753,8.42319601692696
Haiti,HTI,"Commercial bank branches (per 100,000 adults)",FB.CBK.BRCH.P5,..,..,..,..,..,..,..,..,..,..,..,..,..,..,3.15363550031447,3.13411832550326,3.06310923966481,2.92916805635719,2.88241974740883,2.86866350083088,2.44874557159181,2.59738235805955,2.69351240601886,2.68230671341795,..,..
Heavily indebted poor countries (HIPC),HPC,"Commercial bank branches (per 100,000 adults)",FB.CBK.BRCH.P5,..,..,..,..,..,..,..,..,..,..,..,..,..,..,1.16419672510024,1.20823428886251,1.21654024335401,1.74075698072307,2.22547722878817,2.54438399943311,2.81561831033433,2.76918739934281,2.95098008968313,3.23677910256789,3.72556682121163,3.62236010839621
High income,HIC,"Commercial bank branches (per 100,000 adults)",FB.CBK.BRCH.P5,..,..,..,..,..,..,..,..,..,..,..,..,..,..,23.6729270507425,24.5525409612666,25.4358012792116,25.3083315940363,25.349642250969,24.6876483647057,23.9658459389273,23.8803548201748,23.364713697429,22.9058330746143,21.2628300274854,20.1381192232035
Honduras,HND,"Commercial bank branches (per 100,000 adults)",FB.CBK.BRCH.P5,..,..,..,..,..,..,..,..,..,..,..,..,..,..,16.2424735973012,17.101197661905,19.2119456231822,22.9111756404751,24.3565231217399,23.4171703675063,20.58820779755,20.9264435509185,23.0042714079695,23.3971338511032,23.2882875922945,21.1607756168339
"Hong Kong SAR, China",HKG,"Commercial bank branches (per 100,000 adults)",FB.CBK.BRCH.P5,..,..,..,..,..,..,..,..,..,..,..,..,..,..,23.5385790719011,23.1829111914117,22.9944195603687,23.3449463233034,23.7279158293602,23.4856279089396,23.8785924164779,23.8803548201748,23.364713697429,22.9708039541251,22.7407921197881,22.3262561942932
Hungary,HUN,"Commercial bank branches (per 100,000 adults)",FB.CBK.BRCH.P5,..,..,..,..,..,..,..,..,..,..,..,..,..,..,13.7884258775763,14.8069931070818,16.1274711954793,17.2966946105979,17.9391808725657,17.6034062156246,16.7416339861953,16.4127617516273,16.0662595628836,15.4109521448596,15.5129536301227,15.146062731728
IBRD only,IBD,"Commercial bank branches (per 100,000 adults)",FB.CBK.BRCH.P5,..,..,..,..,..,..,..,..,..,..,..,..,..,..,9.90658960288518,10.8154637156699,11.9272304570187,12.6987137548865,13.3348282334536,13.3976162252832,13.5753493071218,14.0832337376265,13.1370315268649,14.0174754853492,15.0536988151314,15.6237292762836
Iceland,ISL,"Commercial bank branches (per 100,000 adults)",FB.CBK.BRCH.P5,..,..,..,..,..,..,..,..,..,..,..,..,..,..,90.7783786108612,86.0367812962801,77.4706076693827,73.2604672935653,69.6995068740774,60.9105041221071,57.6524229511829,52.2742789686346,47.1868383976194,43.1522838646121,40.3016691742244,37.1774103787238
IDA & IBRD total,IBT,"Commercial bank branches (per 100,000 adults)",FB.CBK.BRCH.P5,..,..,..,..,..,..,..,..,..,..,..,..,..,..,4.90408938639142,5.2938686824564,5.33228901009325,5.84833450694105,6.28379153319667,6.77483477684089,6.78586036829582,7.16312181041045,7.87027133621782,8.16671749930458,8.62600572871151,8.86460457144845
IDA blend,IDB,"Commercial bank branches (per 100,000 adults)",FB.CBK.BRCH.P5,..,..,..,..,..,..,..,..,..,..,..,..,..,..,3.82058899829756,3.67203455371259,3.42338669635344,3.79626049038678,4.2528428223672,4.62739418244181,4.78298388026416,5.60006964711887,5.76954208677972,5.85540392091592,5.72699988511338,7.93539978155983
IDA only,IDX,"Commercial bank branches (per 100,000 adults)",FB.CBK.BRCH.P5,..,..,..,..,..,..,..,..,..,..,..,..,..,..,1.74247380129747,1.57855185374455,1.61620051472467,1.97565255186397,2.33638676041149,2.73537853708812,2.93651532647267,3.15233411427157,3.28070486943618,3.63535840468355,3.64960116264018,3.28342770363527
IDA total,IDA,"Commercial bank branches (per 100,000 adults)",FB.CBK.BRCH.P5,..,..,..,..,..,..,..,..,..,..,..,..,..,..,1.93521625200218,2.00013200871257,2.0346293922562,2.21568988281057,2.48997691726603,2.81396634679984,3.35740358327404,3.61100108245093,3.68845979592618,4.11738291341051,4.62001806536198,4.67601489481818
India,IND,"Commercial bank branches (per 100,000 adults)",FB.CBK.BRCH.P5,..,..,..,..,..,..,..,..,..,..,..,..,..,..,8.9628841244026,8.92532835883245,8.89578080661615,9.00609604898873,9.31294024554126,9.60197962026011,10.0376104047216,10.5119776628676,11.1850935808705,11.8544497225329,12.8716234522231,13.5487144567052
Indonesia,IDN,"Commercial bank branches (per 100,000 adults)",FB.CBK.BRCH.P5,..,..,..,..,..,..,..,..,..,..,..,..,..,..,5.1664515215955,5.27598343334896,5.72028398213632,5.97007473565942,6.58365909578414,7.64726746868589,8.12406872427869,14.7401123571157,16.9265281427528,17.7208939195648,17.9305704280452,17.7627317216035
"Iran, Islamic Rep.",IRN,"Commercial bank branches (per 100,000 adults)",FB.CBK.BRCH.P5,..,..,..,..,..,..,..,..,..,..,..,..,..,..,28.4254406656533,27.7249333423661,27.5029145308403,27.6412625607239,28.4423102032526,28.1285521066566,25.9367383579393,29.2177753508425,26.8101398433688,27.3717985025307,27.3101483303137,30.98027996463
Iraq,IRQ,"Commercial bank branches (per 100,000 adults)",FB.CBK.BRCH.P5,..,..,..,..,..,..,..,..,..,..,..,..,..,..,..,..,3.36560693722379,3.32895082001743,3.3222234561722,4.66258101306286,5.09824655421216,4.95543875562469,5.40984087435904,5.33848280318733,5.23643617306985,4.87995882784785
Ireland,IRL,"Commercial bank branches (per 100,000 adults)",FB.CBK.BRCH.P5,..,..,..,..,..,..,..,..,..,..,..,..,..,..,35.6954731347947,34.3862372714624,33.7098826085272,32.9278971334628,33.4731761281331,34.1213725497119,27.9638702876853,26.999569997015,24.4808252549139,22.9058330746143,21.4227812387512,20.1381192232035
Isle of Man,IMN,"Commercial bank branches (per 100,000 adults)",FB.CBK.BRCH.P5,..,..,..,..,..,..,..,..,..,..,..,..,..,..,..,..,..,..,..,..,..,..,..,..,..,..
Israel,ISR,"Commercial bank branches (per 100,000 adults)",FB.CBK.BRCH.P5,..,..,..,..,..,..,..,..,..,..,..,..,..,..,19.7891363718299,19.600900826548,19.4049264447001,19.4520542711798,19.8185953861133,19.6734750145012,21.5428914690517,21.863603833258,21.8388344045513,21.4761977016419,20.8464347279289,20.0567310779463
Italy,ITA,"Commercial bank branches (per 100,000 adults)",FB.CBK.BRCH.P5,..,..,..,..,..,..,..,..,..,..,..,..,..,..,56.1823046612718,56.7330341294528,57.9676181603572,59.1316620839133,62.572242327193,59.6619739177962,58.4036216862279,57.9589420013281,56.4270601749487,53.2532954837542,50.7775895117045,49.4912056622148
Jamaica,JAM,"Commercial bank branches (per 100,000 adults)",FB.CBK.BRCH.P5,..,..,..,..,..,..,..,..,..,..,..,..,..,..,7.24716209012657,7.01068318382395,6.97627745393363,6.94639133076471,7.1251939957903,6.77483477684089,6.42575091131293,6.29630277300221,6.21262662512368,5.88472696573698,5.33080850334467,5.42432271884965
Japan,JPN,"Commercial bank branches (per 100,000 adults)",FB.CBK.BRCH.P5,..,..,..,..,..,..,..,..,..,..,..,..,..,..,34.5889241479102,34.3739168082554,34.1128107954512,33.8956886359815,33.8402378887487,33.7988315662003,33.792996394973,33.8711336997109,33.9243437306211,33.8885593470178,33.8808642670755,34.1367600161959
Jordan,JOR,"Commercial bank branches (per 100,000 adults)",FB.CBK.BRCH.P5,..,..,..,..,..,..,..,..,..,..,..,..,..,..,19.4734078931175,19.0118815234895,18.1790961781124,18.2552717629116,18.0527648219014,17.8230452227539,18.3941227990669,18.5407670939584,18.4959057606666,18.3507611336085,18.2869077091297,18.2577454502679
Kazakhstan,KAZ,"Commercial bank branches (per 100,000 adults)",FB.CBK.BRCH.P5,..,..,..,..,..,..,..,..,..,..,..,..,..,..,3.73242868438447,3.95944789575489,3.08508079810032,3.29843573358808,3.49689198018634,3.37174471929883,3.26456474101803,3.32906846143425,3.29414507764127,3.27898242097967,3.39038709215995,2.96341424522468
Kenya,KEN,"Commercial bank branches (per 100,000 adults)",FB.CBK.BRCH.P5,..,..,..,..,..,..,..,..,..,..,..,..,..,..,2.97592932581317,2.86875860441781,2.98784554072246,3.68064009566476,4.2528428223672,4.62739418244181,4.78298388026416,5.06173340467647,5.37250943261197,5.49706147162364,5.72699988511338,5.85397538758476
Kiribati,KIR,"Commercial bank branches (per 100,000 adults)",FB.CBK.BRCH.P5,..,..,..,..,..,..,..,..,..,..,..,..,..,..,..,..,..,..,..,..,..,5.98623166716552,5.84846623972863,5.70068550743227,..,..
"Korea, Dem. People’s Rep.",PRK,"Commercial bank branches (per 100,000 adults)",FB.CBK.BRCH.P5,..,..,..,..,..,..,..,..,..,..,..,..,..,..,..,..,..,..,..,..,..,..,..,..,..,..
"Korea, Rep.",KOR,"Commercial bank branches (per 100,000 adults)",FB.CBK.BRCH.P5,..,..,..,..,..,..,..,..,..,..,..,..,..,..,16.8058643224915,17.2881801139672,17.824394682794,18.3603589668737,18.7876112927999,18.2888916747872,18.2621750017376,18.3128919724468,18.4119511770004,18.1181612290205,17.3328670956114,16.9245649921522
Kosovo,XKX,"Commercial bank branches (per 100,000 adults)",FB.CBK.BRCH.P5,..,..,..,..,..,..,..,..,..,..,..,..,..,..,24.594923204399,24.5782264902443,24.3816047948569,24.186541154012,23.993049710641,23.8011161007934,23.6106996657782,23.4092985942873,23.1499224223696,22.0956919982895,20.599182968969,20.5750590109352
Kuwait,KWT,"Commercial bank branches (per 100,000 adults)",FB.CBK.BRCH.P5,..,..,..,..,..,..,..,..,..,..,..,..,..,..,13.0179973813798,13.8369255429646,14.5529409583252,15.2802989687636,15.2878900800703,15.5951160304073,15.4391607255122,15.6886658866698,14.6085590939041,15.2026217677767,15.1920209581147,14.7854864077718
Kyrgyz Republic,KGZ,"Commercial bank branches (per 100,000 adults)",FB.CBK.BRCH.P5,..,..,..,..,..,..,..,..,..,..,..,..,..,..,5.14595021183893,5.31175393156384,5.33228901009325,6.42506868608396,6.82618006379164,6.9198594412463,6.1070482272085,7.15627930866345,7.70320868673955,7.84270816790689,7.87852790286577,8.27133141045486
Lao PDR,LAO,"Commercial bank branches (per 100,000 adults)",FB.CBK.BRCH.P5,..,..,..,..,..,..,..,..,..,..,..,..,..,..,..,..,..,..,2.14578115285311,2.37138864870978,2.55985044390595,2.57269534117032,2.72794187407675,2.75759924823602,2.90236245393363,2.92991683994495
Late-demographic dividend,LTE,"Commercial bank branches (per 100,000 adults)",FB.CBK.BRCH.P5,..,..,..,..,..,..,..,..,..,..,..,..,..,..,13.5410053287459,13.6060208960124,14.2047575211106,15.9609815119693,18.7973178213792,19.5769872954868,19.4694069961925,19.4867124190544,19.0931908725877,19.2709998243582,19.7967317821741,19.8980889461584
Latin America & Caribbean,LCN,"Commercial bank branches (per 100,000 adults)",FB.CBK.BRCH.P5,..,..,..,..,..,..,..,..,..,..,..,..,..,..,11.6504341267178,12.6061945867788,12.8934512064265,12.9550778279168,13.3348282334536,13.3976162252832,13.5753493071218,13.5280562767141,13.1370315268649,13.1743250855077,14.9018007710808,15.320807354098
Latin America & Caribbean (excluding high income),LAC,"Commercial bank branches (per 100,000 adults)",FB.CBK.BRCH.P5,..,..,..,..,..,..,..,..,..,..,..,..,..,..,9.94252854547921,10.8154637156699,11.1495855947565,12.2478660143808,13.100067544034,13.2962364404766,13.5008873573567,13.5616426206533,14.0336336026744,14.0174754853492,15.0536988151314,15.6237292762836
Latin America & the Caribbean (IDA & IBRD countries),TLA,"Commercial bank branches (per 100,000 adults)",FB.CBK.BRCH.P5,..,..,..,..,..,..,..,..,..,..,..,..,..,..,11.6504341267178,12.6061945867788,12.8934512064265,12.9550778279168,13.3348282334536,13.3976162252832,13.5753493071218,13.5280562767141,13.1370315268649,13.1743250855077,14.9018007710808,15.320807354098
Latvia,LVA,"Commercial bank branches (per 100,000 adults)",FB.CBK.BRCH.P5,..,..,..,..,..,..,..,..,..,..,..,..,..,..,31.5945282888066,31.915663317887,33.4461780336841,37.4045791622426,36.6601987576921,35.3942992722665,34.2098864378896,32.7484859553323,24.5875934764149,21.5320073768411,20.3276244315245,18.0012693858564
Least developed countries: UN classification,LDC,"Commercial bank branches (per 100,000 adults)",FB.CBK.BRCH.P5,..,..,..,..,..,..,..,..,..,..,..,..,..,..,1.22648513937194,1.31522558380012,1.54377611730702,1.95774002473389,2.17325051489765,2.35873441318816,2.55985044390595,2.59738235805955,2.93111379396884,2.98848523836172,3.30951238408943,3.25755311360899
Lebanon,LBN,"Commercial bank branches (per 100,000 adults)",FB.CBK.BRCH.P5,..,..,..,..,..,..,..,..,..,..,..,..,..,..,30.8133643202941,30.5818377283853,29.9244914359761,29.9208210724937,29.7700572503606,29.6560467667637,29.199083644493,28.5728788059388,27.0430764800029,25.876160325806,25.2227876037155,24.5560349829052
Lesotho,LSO,"Commercial bank branches (per 100,000 adults)",FB.CBK.BRCH.P5,..,..,..,..,..,..,..,..,..,..,..,..,..,..,2.615489100821,2.49655432459166,2.0346293922562,2.17239273184235,2.30615909203222,2.35267584426584,3.43241299431736,3.45296550879839,3.39232378805378,3.63535840468355,3.57363550406873,..
Liberia,LBR,"Commercial bank branches (per 100,000 adults)",FB.CBK.BRCH.P5,..,..,..,..,..,..,..,..,..,..,..,..,..,..,..,..,0.834983295115452,1.1042164505163,1.63768446829684,2.91568262378114,3.61237358364852,3.71440060156014,3.64864779854432,3.7919623445907,3.72556682121163,..
Libya,LBY,"Commercial bank branches (per 100,000 adults)",FB.CBK.BRCH.P5,..,..,..,..,..,..,..,..,..,..,..,..,..,..,8.70985084130151,8.76954276727685,10.5118883484557,10.6001957175209,10.5484674501642,10.7163045288281,11.0587062524983,11.1261079281819,11.4401814755087,..,..,..
Liechtenstein,LIE,"Commercial bank branches (per 100,000 adults)",FB.CBK.BRCH.P5,..,..,..,..,..,..,..,..,..,..,..,..,..,..,..,..,..,..,..,..,..,..,..,..,..,..
Lithuania,LTU,"Commercial bank branches (per 100,000 adults)",FB.CBK.BRCH.P5,..,..,..,..,..,..,..,..,..,..,..,..,..,..,23.7689924683331,25.5851131519089,28.0335444965813,30.0454440389733,29.941933873215,29.7745779634109,29.3948047566798,..,..,..,..,..
Low & middle income,LMY,"Commercial bank branches (per 100,000 adults)",FB.CBK.BRCH.P5,..,..,..,..,..,..,..,..,..,..,..,..,..,..,4.78987567084154,5.10118767753646,5.17345632155102,5.17904996221845,5.99736572246534,6.57763831625079,6.46957633723862,7.08103887147162,7.67348413086689,7.84270816790689,8.41887315971948,8.64517120922606
Low income,LIC,"Commercial bank branches (per 100,000 adults)",FB.CBK.BRCH.P5,..,..,..,..,..,..,..,..,..,..,..,..,..,..,1.12901248739015,1.18362629171374,1.1780941712622,1.4448214523378,1.90792990899446,2.30099036877206,2.45908766783495,2.29003691552631,2.69844873891853,2.89523442819412,3.10997746992941,2.93846942401744
Lower middle income,LMC,"Commercial bank branches (per 100,000 adults)",FB.CBK.BRCH.P5,..,..,..,..,..,..,..,..,..,..,..,..,..,..,5.14595021183893,5.2938686824564,5.72028398213632,5.84833450694105,5.99736572246534,6.43305069480507,6.51340176316431,7.15627930866345,7.06820720399642,7.41654978688398,7.87852790286577,8.32099290942463
Luxembourg,LUX,"Commercial bank branches (per 100,000 adults)",FB.CBK.BRCH.P5,..,..,..,..,..,..,..,..,..,..,..,..,..,..,110.939324778354,105.406786436009,100.618915341137,97.5441598315541,94.5796572173044,90.9263780105386,88.6214494824388,85.9533205444373,82.9822666772717,81.729774238854,79.5913320141578,76.8814995173412
"Macao SAR, China",MAC,"Commercial bank branches (per 100,000 adults)",FB.CBK.BRCH.P5,..,..,..,..,..,..,..,..,..,..,..,..,..,..,35.4590075210421,35.3842418732469,37.1189700357737,36.8809272918862,36.8107192814548,36.5558617878254,36.2188389397524,36.8249371779126,36.6926590083553,37.4735569658507,38.4945075877834,38.9318204049692
"Macedonia, FYR",MKD,"Commercial bank branches (per 100,000 adults)",FB.CBK.BRCH.P5,..,..,..,..,..,..,..,..,..,..,..,..,..,..,17.4573872605645,16.5840840702502,18.9646635266225,20.1507859714222,24.5580747430109,25.5143404900661,25.8284352115029,24.317605593167,24.7861825528713,24.8633246700794,24.9460229701119,24.7379773140582
Madagascar,MDG,"Commercial bank branches (per 100,000 adults)",FB.CBK.BRCH.P5,..,..,..,..,..,..,..,..,..,..,..,..,..,..,1.12699641010662,1.1195475680405,1.14044416562661,1.27024734868318,1.33648492624397,1.41378639491668,1.46699028751836,1.53184722539106,1.61384219083308,1.68092741762982,1.9030995856147,2.06696835910319
Malawi,MWI,"Commercial bank branches (per 100,000 adults)",FB.CBK.BRCH.P5,..,..,..,..,..,..,..,..,..,..,..,..,..,..,0.99905785816527,0.956196069622253,0.941903263965964,1.96543736863923,2.20071987694219,2.30096700413316,2.8938643784168,1.0711379209359,3.28070486943618,3.25810072253776,3.23389171132726,3.28342770363527
Malaysia,MYS,"Commercial bank branches (per 100,000 adults)",FB.CBK.BRCH.P5,..,..,..,..,..,..,..,..,..,..,..,..,..,..,14.064013276112,12.638923501163,11.7265239151638,11.4331490812808,11.232502113285,11.0781370734087,10.8636335415238,11.2035726824675,11.1163326084684,10.9122706673681,10.7638276619619,10.6584100487445
Maldives,MDV,"Commercial bank branches (per 100,000 adults)",FB.CBK.BRCH.P5,..,..,..,..,..,..,..,..,..,..,..,..,..,..,10.3315545674763,10.3084631160595,11.9795345883918,12.0784938710779,12.2703269844497,12.5847314608175,12.2279610718268,12.198960541979,12.2524952233802,11.9685794478977,12.052304323819,12.1322181339509
Mali,MLI,"Commercial bank branches (per 100,000 adults)",FB.CBK.BRCH.P5,..,..,..,..,..,..,..,..,..,..,..,..,..,..,2.41808765612811,2.45754589466958,2.61201263197546,2.94343901283353,2.82573681087344,3.17514879171448,3.60060046553646,4.19817013169393,4.7467861187915,4.97192413004533,5.54471961401611,5.73889272504391
Malta,MLT,"Commercial bank branches (per 100,000 adults)",FB.CBK.BRCH.P5,..,..,..,..,..,..,..,..,..,..,..,..,..,..,39.1374913564812,39.5427300575648,37.6783432988484,38.8720974983849,40.5476560848583,40.6949781949391,40.0662362563095,42.0013409998878,38.3825342841776,38.4042084828932,37.8791307882576,40.0994401807924
Marshall Islands,MHL,"Commercial bank branches (per 100,000 adults)",FB.CBK.BRCH.P5,..,..,..,..,..,..,..,..,..,..,..,..,..,..,12.0059026299926,12.0095926381005,12.0045194614869,14.9895315509973,17.9581597505094,17.923836706702,17.8872560527076,20.8235835579816,20.7753432907338,20.7269333482346,20.6830485787726,20.6459702926785
Mauritania,MRT,"Commercial bank branches (per 100,000 adults)",FB.CBK.BRCH.P5,..,..,..,..,..,..,..,..,..,..,..,..,..,..,..,..,..,3.9032006245121,4.09466669662764,4.12663226511816,4.15244963857173,4.13100613867512,4.64147091783749,6.63755973803764,6.91539311690683,7.29546767021699
Mauritius,MUS,"Commercial bank branches (per 100,000 adults)",FB.CBK.BRCH.P5,..,..,..,..,..,..,..,..,..,..,..,..,..,..,18.1409452702968,18.2792405470799,18.6449642354233,18.9521729222999,19.5530753440376,21.0974000136892,21.3113754808459,21.6153894472428,21.9140636313256,22.2358243905407,24.3383512055205,23.9534478246594
Mexico,MEX,"Commercial bank branches (per 100,000 adults)",FB.CBK.BRCH.P5,..,..,..,..,..,..,..,..,..,..,..,..,..,..,10.7587448444416,10.8154637156699,11.1495855947565,12.2478660143808,13.100067544034,13.675684377074,14.0721413400146,14.0832337376265,14.9302356784838,14.8606258851907,14.7499027270302,14.0016322368796
"Micronesia, Fed. Sts.",FSM,"Commercial bank branches (per 100,000 adults)",FB.CBK.BRCH.P5,..,..,..,..,..,..,..,..,..,..,..,..,..,..,12.3393950611571,12.3090178942348,12.2935074913561,12.2891640296169,12.2863329903399,15.3390701455678,15.2942615930503,15.1678320617634,15.0204277817832,14.8568542096897,14.6870915152672,..
Middle East & North Africa,MEA,"Commercial bank branches (per 100,000 adults)",FB.CBK.BRCH.P5,..,..,..,..,..,..,..,..,..,..,..,..,..,..,10.889562942161,11.3901592439062,12.2198891004519,12.5768777471295,13.4263090992544,13.5947839570768,13.7182260264973,12.6801950913393,12.8952883022501,13.0810735871882,14.8524680530186,13.5610468455716
Middle East & North Africa (excluding high income),MNA,"Commercial bank branches (per 100,000 adults)",FB.CBK.BRCH.P5,..,..,..,..,..,..,..,..,..,..,..,..,..,..,8.77868725107582,8.76954276727685,9.79014993674106,9.95083971423594,10.4805641638813,10.7865890910245,10.7711688761605,10.9135106317674,10.9740757354417,10.3224952938857,14.5311756298737,14.614150208041
Middle East & North Africa (IDA & IBRD countries),TMN,"Commercial bank branches (per 100,000 adults)",FB.CBK.BRCH.P5,..,..,..,..,..,..,..,..,..,..,..,..,..,..,9.29025075079634,9.67944491369023,10.5118883484557,10.6001957175209,10.5484674501642,10.7163045288281,11.0587062524983,11.1261079281819,11.4401814755087,11.7511493594912,18.2869077091297,18.2577454502679
Middle income,MIC,"Commercial bank branches (per 100,000 adults)",FB.CBK.BRCH.P5,..,..,..,..,..,..,..,..,..,..,..,..,..,..,7.47651996999804,7.90278838620991,7.8719078703332,8.17617737078761,8.83922776214485,9.60197962026011,10.0332288272832,10.5119776628676,10.1805881677601,10.6386670052491,11.4764427807912,11.9540924912692
Moldova,MDA,"Commercial bank branches (per 100,000 adults)",FB.CBK.BRCH.P5,..,..,..,..,..,..,..,..,..,..,..,..,..,..,7.26300113257051,7.78286010042651,8.22332148353231,9.17529606963416,10.636369938766,10.2075944852467,10.3573444695187,11.2354686271194,11.4095656591729,11.9599865348566,12.0869859329271,10.0168241755349
Monaco,MCO,"Commercial bank branches (per 100,000 adults)",FB.CBK.BRCH.P5,..,..,..,..,..,..,..,..,..,..,..,..,..,..,..,..,..,..,..,..,..,..,..,..,..,..
Mongolia,MNG,"Commercial bank branches (per 100,000 adults)",FB.CBK.BRCH.P5,..,..,..,..,..,..,..,..,..,..,..,..,..,..,40.0045262263959,41.658591137636,46.1174592107932,53.093933126141,57.279605481491,54.373302759689,54.7061688270725,65.8458481059621,68.4039774266874,70.9067759442483,71.4955729941202,70.4386832674697
Montenegro,MNE,"Commercial bank branches (per 100,000 adults)",FB.CBK.BRCH.P5,..,..,..,..,..,..,..,..,..,..,..,..,..,..,21.0942149463778,25.0859962820618,27.27273901919,34.733431054489,41.9383905324941,43.819193954991,40.0469936674346,40.5222694472966,40.7706286067346,42.5893789106599,42.0225566771279,43.059009895052
Morocco,MAR,"Commercial bank branches (per 100,000 adults)",FB.CBK.BRCH.P5,..,..,..,..,..,..,..,..,..,..,..,..,..,..,9.87065066029116,10.5893470601036,11.4615400083677,12.609468342114,14.1468285710533,19.5769872954868,20.8119879822245,21.8583973663272,22.8950444417693,23.6108059035586,24.0716297710323,24.6130538556641
Mozambique,MOZ,"Commercial bank branches (per 100,000 adults)",FB.CBK.BRCH.P5,..,..,..,..,..,..,..,..,..,..,..,..,..,..,1.77974899636466,2.00013200871257,2.03515509959413,2.36273208163058,2.50084855962783,2.86217926485629,3.28239417223072,3.50760156334171,3.72827179330805,3.74215677327594,3.9787239423085,4.13646897285594
Myanmar,MMR,"Commercial bank branches (per 100,000 adults)",FB.CBK.BRCH.P5,..,..,..,..,..,..,..,..,..,..,..,..,..,..,1.75732667292902,1.67767749604122,1.37920153216128,1.40360237526951,1.43272822665356,1.45218396366602,1.49215406397107,1.63519775666079,1.81363091239324,2.67232375424096,3.30610036124154,3.27032021275059
Namibia,NAM,"Commercial bank branches (per 100,000 adults)",FB.CBK.BRCH.P5,..,..,..,..,..,..,..,..,..,..,..,..,..,..,10.7419882670841,10.7376169047795,11.7434616668476,12.3761985993612,12.4975506343664,12.5175132074846,12.518990203522,12.542528129307,12.3392757054301,12.3405475812866,12.799121742739,12.7835999902356
Nauru,NRU,"Commercial bank branches (per 100,000 adults)",FB.CBK.BRCH.P5,..,..,..,..,..,..,..,..,..,..,..,..,..,..,..,..,..,..,..,..,..,..,..,..,..,..
Nepal,NPL,"Commercial bank branches (per 100,000 adults)",FB.CBK.BRCH.P5,..,..,..,..,..,..,..,..,..,..,..,..,..,..,2.59759381968816,2.5540425966091,2.60553452572726,3.58490644083595,3.56973602417573,4.70016823339948,5.19381087255904,7.372767895964,8.39821640346157,8.31299289554201,8.41887315971948,8.86460457144845
Netherlands,NLD,"Commercial bank branches (per 100,000 adults)",FB.CBK.BRCH.P5,..,..,..,..,..,..,..,..,..,..,..,..,..,..,33.6037405365844,28.0590297560045,27.6725979918334,28.625921934138,27.5363818827436,25.1864864844598,22.9730020689928,21.2609709499691,19.601125337606,17.3053541662832,14.6988135153101,13.9481725639926
New Caledonia,NCL,"Commercial bank branches (per 100,000 adults)",FB.CBK.BRCH.P5,..,..,..,..,..,..,..,..,..,..,..,..,..,..,..,..,..,..,..,..,..,..,..,..,..,..
New Zealand,NZL,"Commercial bank branches (per 100,000 adults)",FB.CBK.BRCH.P5,..,..,..,..,..,..,..,..,..,..,..,..,..,..,35.0193795008942,35.158682690595,35.3588900896726,35.1435049323939,34.9935421966681,35.7019866877695,34.4956336804107,33.9257071318676,33.3491486540524,30.8791955397743,29.6281891668428,29.0424086871084
Nicaragua,NIC,"Commercial bank branches (per 100,000 adults)",FB.CBK.BRCH.P5,..,..,..,..,..,..,..,..,..,..,..,..,..,..,4.90408938639142,6.24093250562119,6.94054137355863,7.38966973988363,8.17351672323173,8.10416983373739,6.79391866486533,7.16312181041045,7.06820720399642,7.41654978688398,7.61088193368098,8.13096589059809
Niger,NER,"Commercial bank branches (per 100,000 adults)",FB.CBK.BRCH.P5,..,..,..,..,..,..,..,..,..,..,..,..,..,..,0.406690572038909,0.509684367033907,0.479517413674878,0.668542132002689,0.817433914093759,0.801689707398527,0.944552209264683,1.08859571744078,1.28785437079538,1.46965373422563,1.4769904926122,1.50148413590704
Nigeria,NGA,"Commercial bank branches (per 100,000 adults)",FB.CBK.BRCH.P5,..,..,..,..,..,..,..,..,..,..,..,..,..,..,4.66524867078194,4.1469893587136,3.75390299329706,5.17184044342717,6.22140938881977,6.43305069480507,6.51340176316431,6.35785721716198,5.76954208677972,5.85540392091592,5.56013241396408,4.93861821793352
North America,NAC,"Commercial bank branches (per 100,000 adults)",FB.CBK.BRCH.P5,..,..,..,..,..,..,..,..,..,..,..,..,..,..,32.507464808732,33.0915141760169,29.1661464242517,29.6246753998033,29.7890250490652,29.9484042453363,29.6349000921863,29.553858404318,29.4557207811854,28.7889185744827,28.0651403785499,28.2466916086059
Northern Mariana Islands,MNP,"Commercial bank branches (per 100,000 adults)",FB.CBK.BRCH.P5,..,..,..,..,..,..,..,..,..,..,..,..,..,..,..,..,..,..,..,..,..,..,..,..,..,..
Norway,NOR,"Commercial bank branches (per 100,000 adults)",FB.CBK.BRCH.P5,..,..,..,..,..,..,..,..,..,..,..,..,..,..,13.1338545227614,12.0847794354793,12.0135946680607,12.3130763398857,11.6968205210898,11.0163709505953,10.957388955956,10.7229823520264,9.92166050215205,8.93398239089654,8.50638349513962,7.71885617669566
Not classified,INX,"Commercial bank branches (per 100,000 adults)",FB.CBK.BRCH.P5,..,..,..,..,..,..,..,..,..,..,..,..,..,..,..,..,..,..,..,..,..,..,..,..,..,..
OECD members,OED,"Commercial bank branches (per 100,000 adults)",FB.CBK.BRCH.P5,..,..,..,..,..,..,..,..,..,..,..,..,..,..,29.0272987271824,27.28082418919,27.5211594438508,28.625921934138,27.7627621208934,26.4313495398916,26.2565805141627,25.9363014488952,24.4808252549139,24.2882908726066,24.0543960497187,23.6355147624343
Oman,OMN,"Commercial bank branches (per 100,000 adults)",FB.CBK.BRCH.P5,..,..,..,..,..,..,..,..,..,..,..,..,..,..,21.5147106834298,20.6821355332998,20.3822653563672,20.937803674115,21.7979845329544,22.2735167885384,21.3050424552652,19.7714454002022,18.1644643629722,16.6910145611886,14.5129151479225,13.5610468455716
Other small states,OSS,"Commercial bank branches (per 100,000 adults)",FB.CBK.BRCH.P5,..,..,..,..,..,..,..,..,..,..,..,..,..,..,6.63773295889712,5.91403790275765,6.28782512218164,6.88357671576177,7.9331496552507,8.0659496800621,9.08107846464159,8.72092998259264,8.78149068387151,9.19455682236116,8.7776390533133,9.05332126223832
Pacific island small states,PSS,"Commercial bank branches (per 100,000 adults)",FB.CBK.BRCH.P5,..,..,..,..,..,..,..,..,..,..,..,..,..,..,..,..,..,..,..,..,..,..,..,..,..,..
Pakistan,PAK,"Commercial bank branches (per 100,000 adults)",FB.CBK.BRCH.P5,..,..,..,..,..,..,..,..,..,..,..,..,..,..,7.69003880742556,7.78179484429619,7.92350999567588,8.17617737078761,8.52263472896633,8.60086941637755,8.63661905840599,8.81397066779627,9.05989614569063,9.38529320879038,9.66236818857554,10.0405120980434
Palau,PLW,"Commercial bank branches (per 100,000 adults)",FB.CBK.BRCH.P5,..,..,..,..,..,..,..,..,..,..,..,..,..,..,..,..,..,..,..,..,..,..,..,..,..,..
Panama,PAN,"Commercial bank branches (per 100,000 adults)",FB.CBK.BRCH.P5,..,..,..,..,..,..,..,..,..,..,..,..,..,..,..,..,..,21.4312702466661,22.4857967413389,22.3752362765548,22.7143404236186,22.6717412884689,22.2733049791806,23.5884685878407,22.9599021708516,23.5864962242387
Papua New Guinea,PNG,"Commercial bank branches (per 100,000 adults)",FB.CBK.BRCH.P5,..,..,..,..,..,..,..,..,..,..,..,..,..,..,1.93521625200218,1.91271254335026,1.80940860544089,1.8144943885465,1.76759017361271,1.67186255322915,1.72245260025751,1.8403323034461,1.83607145990122,1.83003071585289,1.78042472353543,2.77700174846712
Paraguay,PRY,"Commercial bank branches (per 100,000 adults)",FB.CBK.BRCH.P5,..,..,..,..,..,..,..,..,..,..,..,..,..,..,4.1558952878436,3.99907861228773,4.05939942226419,4.3283187638729,5.76266070277019,7.13687599384664,8.59039101354171,9.54132260079106,10.0487294551661,10.3475566972036,10.7707315700693,12.1591005370054
Peru,PER,"Commercial bank branches (per 100,000 adults)",FB.CBK.BRCH.P5,..,..,..,..,..,..,..,..,..,..,..,..,..,..,4.26398273844551,4.37423122886153,4.53077080011332,5.17904996221845,6.65152947390806,6.7222259376965,6.78586036829582,7.00579843427979,7.58632808789833,7.71785073951001,8.00601390547069,8.12855259518297
Philippines,PHL,"Commercial bank branches (per 100,000 adults)",FB.CBK.BRCH.P5,..,..,..,..,..,..,..,..,..,..,..,..,..,..,8.22340947696546,8.02271667199331,7.82030574499053,7.56137725672076,7.59906453755471,7.51854335607948,7.57828460274539,7.69842915114413,7.98173035443678,8.2951836152792,8.68149403734808,8.84317637964824
Poland,POL,"Commercial bank branches (per 100,000 adults)",FB.CBK.BRCH.P5,..,..,..,..,..,..,..,..,..,..,..,..,..,..,26.5291181023035,26.5026186223755,27.5211594438508,29.6065588986506,32.6338623636666,32.8294113471658,32.0881256152165,32.4947620387944,33.9124295337623,32.9462377869383,32.9570119407922,31.1479123509045
Portugal,PRT,"Commercial bank branches (per 100,000 adults)",FB.CBK.BRCH.P5,..,..,..,..,..,..,..,..,..,..,..,..,..,..,66.4523695022254,68.1513123697805,70.7377771008026,61.5040246014572,64.1954302448423,65.7547466951343,65.8418489409734,63.9212234465117,61.0731657103508,58.0070199460924,53.3692802192492,50.6278202984443
Post-demographic dividend,PST,"Commercial bank branches (per 100,000 adults)",FB.CBK.BRCH.P5,..,..,..,..,..,..,..,..,..,..,..,..,..,..,28.9333938711321,28.0590297560045,27.8530712442073,30.3205900766789,30.7603096741637,30.3876979351828,29.7323724352191,30.3653251348818,29.9082356793362,29.5390410622872,27.9825330289652,25.7777953322664
Pre-demographic dividend,PRE,"Commercial bank branches (per 100,000 adults)",FB.CBK.BRCH.P5,..,..,..,..,..,..,..,..,..,..,..,..,..,..,1.16419672510024,1.23195307206452,1.49599210116171,1.82034678740133,2.11977616548143,2.35873441318816,2.75230488810304,2.84224370532566,3.05683358066422,3.25810072253776,3.72556682121163,3.62236010839621
Puerto Rico,PRI,"Commercial bank branches (per 100,000 adults)",FB.CBK.BRCH.P5,..,..,..,..,..,..,..,..,..,..,..,..,..,..,..,..,..,..,..,..,..,..,..,..,..,..
Qatar,QAT,"Commercial bank branches (per 100,000 adults)",FB.CBK.BRCH.P5,..,..,..,..,..,..,..,..,..,..,..,..,..,..,22.5718672129297,21.3919107348356,19.5754773574874,18.6416390712367,18.4537618461245,18.2349451853154,18.1369609001171,13.4245552200773,13.6247206932258,13.0810735871882,15.3217985183495,12.4444435030208
Romania,ROU,"Commercial bank branches (per 100,000 adults)",FB.CBK.BRCH.P5,..,..,..,..,..,..,..,..,..,..,..,..,..,..,..,..,..,..,36.761676090992,36.2360823494417,35.461985594732,35.2743062176127,33.2047395800386,31.6538171116188,30.7538707297844,28.6911645045695
Russian Federation,RUS,"Commercial bank branches (per 100,000 adults)",FB.CBK.BRCH.P5,..,..,..,..,..,..,..,..,..,..,..,..,..,..,26.689667160738,28.3664413874275,30.354823405148,33.7015030490401,35.5620263681742,34.6296669786425,35.0458152152604,36.7092121993063,38.2056077648788,38.4719603989837,36.988690789775,32.8773865898412
Rwanda,RWA,"Commercial bank branches (per 100,000 adults)",FB.CBK.BRCH.P5,..,..,..,..,..,..,..,..,..,..,..,..,..,..,0.395034261321484,0.76905728765415,0.729063538448194,1.07491462627223,4.60547361428145,4.94239765595086,4.9461870046955,5.5108582001899,5.6757699621626,6.00339168361164,5.86976791088187,6.13706342099788
Samoa,WSM,"Commercial bank branches (per 100,000 adults)",FB.CBK.BRCH.P5,..,..,..,..,..,..,..,..,..,..,..,9.52716671589036,9.47179379248948,..,17.6414332271752,18.3930033015441,20.9218342081086,23.3979175853349,23.1473238132545,26.4186832928247,25.2556041314685,18.1328359755466,18.7889657528397,22.7817341118499,24.1864189087755,21.4571023008616
San Marino,SMR,"Commercial bank branches (per 100,000 adults)",FB.CBK.BRCH.P5,..,..,..,..,..,..,..,..,..,..,..,..,..,..,238.114767220584,259.593498808559,276.788506239342,289.834709806014,287.086277213026,284.529661225227,282.12844968214,264.531726436256,266.350970247333,260.714298763495,247.768725313812,238.854444232714
Sao Tome and Principe,STP,"Commercial bank branches (per 100,000 adults)",FB.CBK.BRCH.P5,..,..,..,..,..,..,..,..,..,..,..,..,..,..,..,..,..,..,20.47744786334,25.3129845063441,29.9286871626572,30.2212193254624,33.464237556717,33.662261719276,31.9281803754378,31.1341055812463
Saudi Arabia,SAU,"Commercial bank branches (per 100,000 adults)",FB.CBK.BRCH.P5,..,..,..,..,..,..,..,..,..,..,..,..,..,..,7.75811854253509,7.51992735191347,7.62042015668285,7.7156700132963,7.78338973431353,8.1204879912018,8.24724925842546,8.27617532598907,8.26769080221563,8.36750688240289,8.80202926122044,8.93209957302167
Senegal,SEN,"Commercial bank branches (per 100,000 adults)",FB.CBK.BRCH.P5,..,..,..,..,..,..,..,..,..,..,..,..,..,..,1.99696526753606,2.52330085839839,2.93021854186773,3.10062610178951,3.7518977622402,3.92418364276038,4.16504426318586,4.45096544097708,4.66561943702213,4.57637119521937,4.62001806536198,4.60721927754571
Serbia,SRB,"Commercial bank branches (per 100,000 adults)",FB.CBK.BRCH.P5,..,..,..,..,..,..,..,..,..,..,..,..,..,..,22.3614968463105,32.1131431874049,36.7043650021618,41.0259223482598,45.800604192272,44.1948932020589,41.7631901046141,40.2548430032631,38.0033564551347,33.8171200659135,30.4931609653385,29.6235940786986
Seychelles,SYC,"Commercial bank branches (per 100,000 adults)",FB.CBK.BRCH.P5,..,..,..,..,..,..,..,..,..,..,..,..,..,..,42.3238208642609,40.1814686346481,40.8149095776986,40.3977474670327,46.7750816241438,46.2393120605345,46.0945788118678,47.392056757103,48.4652545031559,49.1471575790579,54.1668496769795,54.8374854030649
Sierra Leone,SLE,"Commercial bank branches (per 100,000 adults)",FB.CBK.BRCH.P5,..,..,..,..,..,..,..,..,..,..,..,..,..,..,1.24778289164877,1.33541705250262,1.49599210116171,1.78520068631049,2.2565438967096,2.73537853708812,2.87893173256562,2.95866122671474,2.97084638539742,..,..,..
Singapore,SGP,"Commercial bank branches (per 100,000 adults)",FB.CBK.BRCH.P5,..,..,..,..,..,..,..,..,..,..,..,..,..,..,11.7225894539536,11.5109511362763,11.1433342069852,10.7554460630814,10.3297231203813,10.2164792774954,10.2232637866332,9.96581371819473,9.77140286802431,9.50702563852927,9.38906136747041,9.3268038766182
Sint Maarten (Dutch part),SXM,"Commercial bank branches (per 100,000 adults)",FB.CBK.BRCH.P5,..,..,..,..,..,..,..,..,..,..,..,..,..,..,..,..,..,..,..,..,..,..,..,..,..,..
Slovak Republic,SVK,"Commercial bank branches (per 100,000 adults)",FB.CBK.BRCH.P5,..,..,..,..,..,..,..,..,..,..,..,..,..,..,25.2107501256527,25.7045081741021,26.2913234028794,25.945175664672,27.7627621208934,26.4313495398916,26.2565805141627,25.9363014488952,26.590952563311,26.8561263501918,27.9420253342622,28.2162143903983
Slovenia,SVN,"Commercial bank branches (per 100,000 adults)",FB.CBK.BRCH.P5,..,..,..,..,..,..,..,..,..,..,..,..,..,..,40.995974837057,40.1153930386519,39.675384848056,40.2284357568205,39.3718387184731,39.5582765190819,38.7383645756937,38.2789458765065,38.4387765955936,34.4304270866422,31.8553520993049,31.2170983901805
Small states,SST,"Commercial bank branches (per 100,000 adults)",FB.CBK.BRCH.P5,..,..,..,..,..,..,..,..,..,..,..,..,..,..,7.24716209012657,6.32093376825793,6.81051362537102,7.26206711844613,7.9331496552507,8.0659496800621,9.08107846464159,8.72092998259264,8.78149068387151,9.19455682236116,8.7776390533133,9.05332126223832
Solomon Islands,SLB,"Commercial bank branches (per 100,000 adults)",FB.CBK.BRCH.P5,..,..,..,..,..,..,..,..,..,..,..,..,..,..,7.46115535990748,7.98666952250607,8.13577548089508,7.93226535152006,7.73879221006447,7.55376308771561,4.48864692944488,4.07001681230022,3.97061743101052,3.57383239917325,4.06535936324857,3.96447827465905
Somalia,SOM,"Commercial bank branches (per 100,000 adults)",FB.CBK.BRCH.P5,..,..,..,..,..,..,..,..,..,..,..,..,..,..,..,..,..,..,..,..,..,..,..,..,..,..
South Africa,ZAF,"Commercial bank branches (per 100,000 adults)",FB.CBK.BRCH.P5,..,..,..,..,..,..,..,..,..,..,..,..,..,..,4.87404786380288,7.26768189344587,7.47940745438468,6.08178623462251,7.92597458156044,9.3448814599272,10.0332288272832,10.4613161649941,10.1331958465512,10.2426810680005,10.9535566121256,10.4993989980496
South Asia,SAS,"Commercial bank branches (per 100,000 adults)",FB.CBK.BRCH.P5,..,..,..,..,..,..,..,..,..,..,..,..,..,..,7.3156579653709,7.33536134061445,7.42191542851903,7.56595509694643,7.76383277529899,7.90899931461909,8.05375955535844,8.24334632720057,8.7290562745761,8.84914305216619,9.04062067414751,9.45255833474593
South Asia (IDA & IBRD),TSA,"Commercial bank branches (per 100,000 adults)",FB.CBK.BRCH.P5,..,..,..,..,..,..,..,..,..,..,..,..,..,..,7.3156579653709,7.33536134061445,7.42191542851903,7.56595509694643,7.76383277529899,7.90899931461909,8.05375955535844,8.24334632720057,8.7290562745761,8.84914305216619,9.04062067414751,9.45255833474593
South Sudan,SSD,"Commercial bank branches (per 100,000 adults)",FB.CBK.BRCH.P5,..,..,..,..,..,..,..,..,..,..,..,..,..,..,..,..,..,..,..,0.645001496403472,0.684514234473506,0.703327206571889,0.878131616921309,1.32555996528557,1.67642540621245,1.39928910516301
Spain,ESP,"Commercial bank branches (per 100,000 adults)",FB.CBK.BRCH.P5,..,..,..,..,..,..,..,..,..,..,..,..,..,..,97.5144557022776,99.2652736207395,101.818195701559,104.218687512041,103.754827197825,99.0516274808331,95.7120071868771,88.200051098281,83.7287552001632,73.5411515436059,69.6575747255525,67.5340297328408
Sri Lanka,LKA,"Commercial bank branches (per 100,000 adults)",FB.CBK.BRCH.P5,..,..,..,..,..,..,..,..,..,..,..,..,..,..,8.77521625364793,9.08718030478377,12.1109992471898,13.376534544957,14.2107356602216,15.0152582145875,15.983916574422,17.395383213882,18.0090692899448,18.3125853913031,18.4422691685016,18.5849744034766
St. Kitts and Nevis,KNA,"Commercial bank branches (per 100,000 adults)",FB.CBK.BRCH.P5,..,..,..,..,..,..,..,..,..,..,..,..,..,..,57.501603824279,56.6649232501046,55.8926023442709,55.1760163199621,59.4521789375927,58.7348488593388,58.0224285310671,47.7626542268643,49.5413123234132,48.9473749314215,43.7674521563698,43.2728512790539
St. Lucia,LCA,"Commercial bank branches (per 100,000 adults)",FB.CBK.BRCH.P5,..,..,..,..,..,..,..,..,..,..,..,..,..,..,25.0665560280745,24.5069041864553,23.931934277957,23.3635448136959,22.8136283895938,22.3102665692195,21.8707813902275,21.5074497356067,21.1963513039411,20.9186912112644,20.653505398399,19.6882229269356
St. Martin (French part),MAF,"Commercial bank branches (per 100,000 adults)",FB.CBK.BRCH.P5,..,..,..,..,..,..,..,..,..,..,..,..,..,..,..,..,..,..,..,..,..,..,..,..,..,..
St. Vincent and the Grenadines,VCT,"Commercial bank branches (per 100,000 adults)",FB.CBK.BRCH.P5,..,..,..,..,..,..,..,..,..,..,..,..,..,..,..,..,..,..,..,21.2949856572008,21.1603330885373,21.0476791838453,20.9256523879862,20.8004502685705,20.6837814819321,20.5781242434513
Sub-Saharan Africa,SSF,"Commercial bank branches (per 100,000 adults)",FB.CBK.BRCH.P5,..,..,..,..,..,..,..,..,..,..,..,..,..,..,1.42168637048012,1.47787472344204,1.6050102619135,2.07402264185316,2.4282956730284,2.76575342874339,3.43241299431736,3.50760156334171,3.68845979592618,4.11738291341051,4.62001806536198,4.67601489481818
Sub-Saharan Africa (excluding high income),SSA,"Commercial bank branches (per 100,000 adults)",FB.CBK.BRCH.P5,..,..,..,..,..,..,..,..,..,..,..,..,..,..,1.42168637048012,1.47787472344204,1.6050102619135,2.07402264185316,2.4282956730284,2.76575342874339,3.43241299431736,3.50760156334171,3.68845979592618,4.11738291341051,4.62001806536198,4.67601489481818
Sub-Saharan Africa (IDA & IBRD countries),TSS,"Commercial bank branches (per 100,000 adults)",FB.CBK.BRCH.P5,..,..,..,..,..,..,..,..,..,..,..,..,..,..,1.42168637048012,1.47787472344204,1.6050102619135,2.07402264185316,2.4282956730284,2.76575342874339,3.43241299431736,3.50760156334171,3.68845979592618,4.11738291341051,4.62001806536198,4.67601489481818
Sudan,SDN,"Commercial bank branches (per 100,000 adults)",FB.CBK.BRCH.P5,..,..,..,..,..,..,..,..,..,..,..,..,..,..,2.46994694882525,2.34469543754741,2.27062801286632,2.25898703377878,2.25023458063415,2.35873441318816,2.75230488810304,2.84224370532566,2.88202733766063,2.98848523836172,3.05493783652654,3.1748097892085
Suriname,SUR,"Commercial bank branches (per 100,000 adults)",FB.CBK.BRCH.P5,..,..,..,..,..,..,..,..,..,..,..,..,..,..,10.5472561020271,10.6912623491304,10.5546015210037,10.698951221229,10.5540310843989,10.6780565936999,11.3322702584567,11.1742247881553,11.0158444562763,12.4104765105877,12.4928612221588,11.0676231776152
Swaziland,SWZ,"Commercial bank branches (per 100,000 adults)",FB.CBK.BRCH.P5,..,..,..,..,..,..,..,..,..,..,..,..,..,..,5.8600771946385,5.91403790275765,5.93090044755487,5.78164934148496,5.77332205611092,5.62197291895644,5.61862423189296,6.30215198376995,6.17037589404808,5.91881953004573,5.80788281207585,6.69789872032924
Sweden,SWE,"Commercial bank branches (per 100,000 adults)",FB.CBK.BRCH.P5,..,..,..,..,..,..,..,..,..,..,..,..,..,..,23.5768616331519,23.5199687706242,23.7846364750458,23.5974716068144,23.9557231820768,22.9647387252511,22.5030246760905,21.6996787074944,21.8077973573579,21.540105476893,21.1028788162196,19.3210538371354
Switzerland,CHE,"Commercial bank branches (per 100,000 adults)",FB.CBK.BRCH.P5,..,..,..,..,..,..,..,..,..,..,..,..,..,..,57.3524665291634,56.7919584279539,55.6188846162528,55.2793874934828,53.9536023480836,52.6806008993712,51.7684794077088,50.2459275523357,48.8808988908257,47.4406518201379,46.0189701065574,44.2899782941787
Syrian Arab Republic,SYR,"Commercial bank branches (per 100,000 adults)",FB.CBK.BRCH.P5,..,..,..,..,..,..,..,..,..,..,..,..,..,..,2.53551461891355,2.68085203235123,2.74529843975826,2.9099266723139,3.11382030119393,3.48952775159571,3.86772210506622,4.16208024734648,4.37158332457968,4.56169906071434,..,..
Tajikistan,TJK,"Commercial bank branches (per 100,000 adults)",FB.CBK.BRCH.P5,..,..,..,..,..,..,..,..,..,..,..,..,..,..,4.95666493882095,5.07676763872863,5.09128254936413,5.11201678884536,5.35257892453471,5.26298393926769,5.46219922870474,5.7648131761687,6.22539146526066,6.50963577923567,..,..
Tanzania,TZA,"Commercial bank branches (per 100,000 adults)",FB.CBK.BRCH.P5,..,..,..,..,..,..,..,..,..,..,..,..,..,..,..,1.18362629171374,1.1633785454527,1.32116150023024,1.77702736396824,1.88155678278987,1.99839864846026,2.06485732319244,2.20467886096541,2.4578179717468,2.45261337760347,2.47760523005401
Thailand,THA,"Commercial bank branches (per 100,000 adults)",FB.CBK.BRCH.P5,..,..,..,..,..,..,..,..,..,..,..,..,..,..,7.77632848915939,8.30518257436162,9.10137219592958,9.73997021568521,10.3586532233528,10.8631845254208,11.091061306013,11.4209943735441,11.7687793763764,12.175875342536,12.6089072993135,12.6226610078616
Timor-Leste,TLS,"Commercial bank branches (per 100,000 adults)",FB.CBK.BRCH.P5,..,..,..,..,..,..,..,..,..,..,..,..,..,..,1.21854627429477,2.17017146488834,2.06728648530875,1.97307128004847,1.88834097249865,1.81542451033406,1.75605762027433,3.78908623843399,4.15949579659407,4.81383627035566,5.00328048561971,5.0209810309093
Togo,TGO,"Commercial bank branches (per 100,000 adults)",FB.CBK.BRCH.P5,..,..,..,..,..,..,..,..,..,..,..,..,..,..,1.20518738709511,1.23195307206452,1.62739076753583,2.95404843386199,3.88519762898566,4.05694942758979,4.24314362740052,4.47161482787477,4.50133138517091,4.59964720957249,4.93114823251292,4.97726102747732
Tonga,TON,"Commercial bank branches (per 100,000 adults)",FB.CBK.BRCH.P5,..,..,..,..,..,..,..,..,..,..,..,..,..,..,24.1429261226461,20.8039943669184,20.6631274438122,22.0754032703133,23.4426280748914,21.6909657127806,21.5222370828145,21.4132762312634,19.7829957542648,21.1854788674848,18.0323681007408,29.7893890196312
Trinidad and Tobago,TTO,"Commercial bank branches (per 100,000 adults)",FB.CBK.BRCH.P5,..,..,..,..,..,..,..,..,..,..,..,..,..,..,12.5801862067244,12.4306081033753,12.6049557995988,12.7879591676589,12.7885230217453,12.8008192524322,13.4869580166194,12.5655083409466,12.6925745618241,12.5420603610054,13.3273065327101,12.9934856231722
Tunisia,TUN,"Commercial bank branches (per 100,000 adults)",FB.CBK.BRCH.P5,..,..,..,..,..,..,..,..,..,..,..,12.0280734117332,11.9999126911112,11.9790766560691,11.9084752240308,12.1909714277088,12.9857087694618,13.7038836364833,14.4435245610114,15.0039508031341,16.5220145735991,16.9599091331099,17.5281642818739,18.1638159157951,19.2658391328238,19.8980889461584
Turkey,TUR,"Commercial bank branches (per 100,000 adults)",FB.CBK.BRCH.P5,..,..,..,..,..,..,..,..,..,..,..,..,..,..,..,12.9551607331824,14.0671860730599,15.3374263714792,17.1752678810211,17.3475215499586,17.8740778684552,18.2090115326521,18.55677079442,19.5718020962923,19.533085064234,19.1254221343061
Turkmenistan,TKM,"Commercial bank branches (per 100,000 adults)",FB.CBK.BRCH.P5,..,..,..,..,..,..,..,..,..,..,..,..,..,..,..,..,..,..,..,..,..,..,..,..,..,..
Turks and Caicos Islands,TCA,"Commercial bank branches (per 100,000 adults)",FB.CBK.BRCH.P5,..,..,..,..,..,..,..,..,..,..,..,..,..,..,..,..,..,..,..,..,..,..,..,..,..,..
Tuvalu,TUV,"Commercial bank branches (per 100,000 adults)",FB.CBK.BRCH.P5,..,..,..,..,..,..,..,..,..,..,..,..,..,..,..,..,..,..,..,..,..,..,..,..,..,..
Uganda,UGA,"Commercial bank branches (per 100,000 adults)",FB.CBK.BRCH.P5,..,..,..,..,..,..,..,..,..,..,..,..,..,..,1.13102856467367,1.1845155056605,1.1928097970717,1.38220375802772,2.03883245402068,2.3591562284727,2.45908766783495,2.39106815634207,2.69844873891853,2.89523442819412,2.98606322853156,2.97609441059857
Ukraine,UKR,"Commercial bank branches (per 100,000 adults)",FB.CBK.BRCH.P5,..,..,..,..,..,..,..,..,..,..,..,..,..,..,3.71300285881657,3.86519313772887,3.87229687563196,3.85666725215674,3.73446702007665,3.21516852323216,2.32146650158729,1.59993795389463,1.06925355430688,0.916630047429189,0.76405357766227,0.56175120645896
United Arab Emirates,ARE,"Commercial bank branches (per 100,000 adults)",FB.CBK.BRCH.P5,..,..,..,..,..,..,..,..,..,..,..,..,..,..,15.4216897498727,13.6060208960124,12.9782381925361,12.544287152145,12.7057896274554,12.1856171110194,11.9972913274823,11.9358349626013,12.1658559112743,12.5514976795755,12.0574522271353,..
United Kingdom,GBR,"Commercial bank branches (per 100,000 adults)",FB.CBK.BRCH.P5,..,..,..,..,..,..,..,..,..,..,..,..,..,..,29.0272987271824,28.3213802518784,26.450985185575,26.4211545902756,26.0841358422455,25.4745494723914,24.7589783328319,24.1221068844979,22.1384217336733,25.1926750238556,..,..
United States,USA,"Commercial bank branches (per 100,000 adults)",FB.CBK.BRCH.P5,..,..,..,..,..,..,..,..,..,..,..,..,..,..,32.507464808732,33.0915141760169,33.7520136929595,34.5778632762059,34.962901438438,35.7079982457212,35.216700722996,34.9309442902458,34.672118497033,33.4267601494257,32.2222726492431,32.8722046603965
Upper middle income,UMC,"Commercial bank branches (per 100,000 adults)",FB.CBK.BRCH.P5,..,..,..,..,..,..,..,..,..,..,..,..,..,..,10.7419882670841,12.153494469313,11.7434616668476,12.3761985993612,15.1376677125275,15.5116029635163,15.6277455822135,15.3923903264437,14.0336336026744,14.8606258851907,15.6395683808895,14.9641417176744
Uruguay,URY,"Commercial bank branches (per 100,000 adults)",FB.CBK.BRCH.P5,..,..,..,..,..,..,..,..,..,..,..,..,..,..,12.8202236654207,12.7817810701822,13.3513707734567,13.4675140140218,13.5695889228732,13.3976162252832,13.5753493071218,13.5280562767141,12.7267447064106,12.574079155142,12.1995078412616,11.9776555537756
Uzbekistan,UZB,"Commercial bank branches (per 100,000 adults)",FB.CBK.BRCH.P5,..,..,..,..,..,..,..,..,..,..,..,..,..,..,38.8228612311575,39.6971237646172,42.0309620249856,41.1950207765136,40.4817085166162,40.1707792928777,39.1413730910733,38.237004122649,38.0964033787265,37.8768324769195,37.5914860444824,37.2325305133812
Vanuatu,VUT,"Commercial bank branches (per 100,000 adults)",FB.CBK.BRCH.P5,..,..,..,..,..,..,..,..,..,..,..,..,..,..,19.5801685526176,18.9962086733523,19.1109582234453,20.7675077507306,20.2204023860075,19.7020764581296,20.5434425331434,20.6914964624216,22.0368533965921,22.0044134566419,22.6061879857276,21.4321434524802
"Venezuela, RB",VEN,"Commercial bank branches (per 100,000 adults)",FB.CBK.BRCH.P5,..,..,..,..,..,..,..,..,..,..,..,..,..,..,..,15.7478954886352,16.4698643418462,17.3172285371628,17.3485434839658,18.3782955932631,17.1833498244125,16.7015469152608,16.7998209780875,16.6941056046046,16.5292340347487,15.9266511984693
Vietnam,VNM,"Commercial bank branches (per 100,000 adults)",FB.CBK.BRCH.P5,..,..,..,..,..,..,..,..,..,..,..,..,..,..,..,..,..,..,3.30898435376529,3.31860671950359,3.25242583744028,3.57827745740415,3.14194750600201,3.68703771030646,3.87592258105817,3.79698310037914
Virgin Islands (U.S.),VIR,"Commercial bank branches (per 100,000 adults)",FB.CBK.BRCH.P5,..,..,..,..,..,..,..,..,..,..,..,..,..,..,..,..,..,..,..,..,..,..,..,..,..,..
West Bank and Gaza,PSE,"Commercial bank branches (per 100,000 adults)",FB.CBK.BRCH.P5,..,..,..,..,..,..,..,..,..,..,..,..,..,..,8.77868725107582,8.69112812217796,9.06841152502642,9.30148371095098,10.4126608775983,10.8568736532209,10.4836314998226,10.7009133353529,10.5079699953746,10.3224952938857,10.7754435506177,10.970554965814
World,WLD,"Commercial bank branches (per 100,000 adults)",FB.CBK.BRCH.P5,..,..,..,..,..,..,..,..,..,..,..,..,..,..,9.16936369938427,9.90675008009711,10.8276112777205,10.7554460630814,10.5924186944651,10.8600290893209,10.7959483250155,11.2035726824675,11.1850935808705,11.9114440178369,12.3808306720038,12.6226610078616
"Yemen, Rep.",YEM,"Commercial bank branches (per 100,000 adults)",FB.CBK.BRCH.P5,..,..,..,..,..,..,..,..,..,..,..,..,..,..,1.74247380129747,1.84387173488542,1.91027697027998,1.95774002473389,1.94210922613315,1.93461564960303,1.84013157676827,1.75521027419085,1.69641575510075,1.66804973021123,1.64130538745942,1.59091171407012
Zambia,ZMB,"Commercial bank branches (per 100,000 adults)",FB.CBK.BRCH.P5,..,..,..,..,..,..,..,..,..,..,..,..,..,..,2.97093704792042,2.84691308281017,2.89144048840214,3.16424212133147,3.5170048614729,3.69143336275841,3.82276735243614,3.97749494238697,4.20278209029217,4.44280348223031,4.69616685410036,4.67601489481818
Zimbabwe,ZWE,"Commercial bank branches (per 100,000 adults)",FB.CBK.BRCH.P5,..,..,..,..,..,..,..,..,..,..,..,..,..,..,2.72001176974551,3.67203455371259,3.42338669635344,3.79626049038678,3.1406653347544,4.14717721697757,4.35750061109051,5.60006964711887,11.5852345188342,12.1373437474881,12.9687122798547,14.3767203364636
,,,,,,,,,,,,,,,,,,,,,,,,,,,,,
,,,,,,,,,,,,,,,,,,,,,,,,,,,,,
,,,,,,,,,,,,,,,,,,,,,,,,,,,,,
Data from database: World Development Indicators,,,,,,,,,,,,,,,,,,,,,,,,,,,,,
Last Updated: 09/18/2017,,,,,,,,,,,,,,,,,,,,,,,,,,,,,
