Country Name,Country Code,Series,Series Code,1990 [YR1990],1991 [YR1991],1992 [YR1992],1993 [YR1993],1994 [YR1994],1995 [YR1995],1996 [YR1996],1997 [YR1997],1998 [YR1998],1999 [YR1999],2000 [YR2000],2001 [YR2001],2002 [YR2002],2003 [YR2003],2004 [YR2004],2005 [YR2005],2006 [YR2006],2007 [YR2007],2008 [YR2008],2009 [YR2009],2010 [YR2010],2011 [YR2011],2012 [YR2012],2013 [YR2013],2014 [YR2014],2015 [YR2015]
Afghanistan,AFG,"Unemployment, total (% of total labor force)",SL.UEM.TOTL.ZS,..,8.60000038146973,8.60000038146973,8.60000038146973,8.5,8.5,8.39999961853027,8.5,8.5,8.39999961853027,8.30000019073486,8.39999961853027,8.30000019073486,8.19999980926514,8.5,8.5,8.80000019073486,8.39999961853027,8.89999961853027,8.10000038146973,8.69999980926514,8.89999961853027,8.5,9.19999980926514,9.10000038146973,..
Albania,ALB,"Unemployment, total (% of total labor force)",SL.UEM.TOTL.ZS,..,11.8000001907349,14.6000003814697,17.8999996185303,17.6000003814697,16.8999996185303,15.6000003814697,14.5,16,16,13.5,22.7000007629395,13.3999996185303,12.6999998092651,12.6000003814697,12.5,12.3999996185303,13.5,13,13.8000001907349,14.1999998092651,14,13.8999996185303,16,16.1000003814697,..
Algeria,DZA,"Unemployment, total (% of total labor force)",SL.UEM.TOTL.ZS,..,20.6000003814697,23,23.2000007629395,24.3999996185303,27.8999996185303,28.7000007629395,25.3999996185303,25.3999996185303,25.3999996185303,29.7999992370605,27.2999992370605,25.8999996185303,23.7000007629395,20.1000003814697,15.3000001907349,12.3000001907349,13.8000001907349,11.3000001907349,10.1999998092651,10,10,11,9.80000019073486,9.5,..
American Samoa,ASM,"Unemployment, total (% of total labor force)",SL.UEM.TOTL.ZS,..,..,..,..,..,..,..,..,..,..,..,..,..,..,..,..,..,..,..,..,..,..,..,..,..,..
Andorra,AND,"Unemployment, total (% of total labor force)",SL.UEM.TOTL.ZS,..,..,..,..,..,..,..,..,..,..,..,..,..,..,..,..,..,..,..,..,..,..,..,..,..,..
Angola,AGO,"Unemployment, total (% of total labor force)",SL.UEM.TOTL.ZS,..,6.90000009536743,7,7.30000019073486,6.90000009536743,6.80000019073486,6.69999980926514,6.90000009536743,7,6.90000009536743,6.90000009536743,6.90000009536743,6.80000019073486,6.90000009536743,6.90000009536743,6.80000019073486,6.80000019073486,6.69999980926514,6.80000019073486,6.90000009536743,6.90000009536743,6.90000009536743,6.90000009536743,6.90000009536743,6.80000019073486,..
Antigua and Barbuda,ATG,"Unemployment, total (% of total labor force)",SL.UEM.TOTL.ZS,..,..,..,..,..,..,..,..,..,..,..,..,..,..,..,..,..,..,..,..,..,..,..,..,..,..
Arab World,ARB,"Unemployment, total (% of total labor force)",SL.UEM.TOTL.ZS,..,12.5300261416209,12.7698233840152,13.0789048050547,13.1579802418833,13.4199051450236,13.1909971719903,12.695958564081,12.7030653368164,12.6967673794294,13.6306370047187,13.4303068896978,13.4631491261542,13.9670746980352,13.2736272009525,12.2199564723109,11.3989498049174,10.9698309341072,10.570016150578,10.3812221945697,10.4043886433545,11.3996056195789,11.5056686415672,11.413681195621,..,..
Argentina,ARG,"Unemployment, total (% of total labor force)",SL.UEM.TOTL.ZS,..,5.80000019073486,6.69999980926514,10.1000003814697,12.1000003814697,18.7999992370605,17.2000007629395,14.8999996185303,12.8000001907349,14.1000003814697,15,18.2999992370605,17.8999996185303,16.1000003814697,12.6000003814697,10.6000003814697,10.1000003814697,8.5,7.80000019073486,8.60000038146973,7.69999980926514,7.19999980926514,7.19999980926514,7.09999990463257,8.19999980926514,..
Armenia,ARM,"Unemployment, total (% of total labor force)",SL.UEM.TOTL.ZS,..,20,19.1000003814697,19.7999992370605,18.7999992370605,24,19.1000003814697,17.6000003814697,18.2999992370605,18.2999992370605,18.8999996185303,35.9000015258789,27.7999992370605,28.6000003814697,33.5999984741211,27.7999992370605,28.6000003814697,28.3999996185303,16.3999996185303,18.7000007629395,19,18.3999996185303,17.2999992370605,16.2000007629395,17.1000003814697,..
Aruba,ABW,"Unemployment, total (% of total labor force)",SL.UEM.TOTL.ZS,..,..,..,..,..,..,..,..,..,..,..,..,..,..,..,..,..,..,..,..,..,..,..,..,..,..
Australia,AUS,"Unemployment, total (% of total labor force)",SL.UEM.TOTL.ZS,..,9.60000038146973,10.8000001907349,10.8999996185303,9.69999980926514,8.5,8.5,8.5,7.69999980926514,6.90000009536743,6.30000019073486,6.80000019073486,6.40000009536743,5.90000009536743,5.40000009536743,5,4.80000019073486,4.40000009536743,4.19999980926514,5.59999990463257,5.19999980926514,5.09999990463257,5.19999980926514,5.69999980926514,6,..
Austria,AUT,"Unemployment, total (% of total labor force)",SL.UEM.TOTL.ZS,..,3.40000009536743,3.59999990463257,4.30000019073486,3.5,3.70000004768372,4.09999990463257,4.19999980926514,4.19999980926514,3.70000004768372,3.5,3.59999990463257,4,4.30000019073486,4.90000009536743,5.19999980926514,4.69999980926514,4.40000009536743,3.79999995231628,4.80000019073486,4.40000009536743,4.09999990463257,4.30000019073486,4.90000009536743,5,..
Azerbaijan,AZE,"Unemployment, total (% of total labor force)",SL.UEM.TOTL.ZS,..,5,8.10000038146973,8.10000038146973,7.5,6.5,4.69999980926514,6.59999990463257,7.19999980926514,5.19999980926514,11.8000001907349,10.8999996185303,10,9.19999980926514,8,7.30000019073486,6.59999990463257,6.30000019073486,5.90000009536743,5.69999980926514,5.59999990463257,5.40000009536743,5.19999980926514,5,5.19999980926514,..
"Bahamas, The",BHS,"Unemployment, total (% of total labor force)",SL.UEM.TOTL.ZS,..,12.1999998092651,14.6999998092651,13,13.3999996185303,10.8000001907349,11.5,9.80000019073486,7.59999990463257,7.40000009536743,7.19999980926514,6.90000009536743,9,10.8000001907349,10.3000001907349,10.1999998092651,7.59999990463257,7.90000009536743,8.69999980926514,14.1999998092651,14.6999998092651,13.6999998092651,14,16.2000007629395,15.3999996185303,..
Bahrain,BHR,"Unemployment, total (% of total labor force)",SL.UEM.TOTL.ZS,..,4.19999980926514,4.59999990463257,5,3.90000009536743,4.19999980926514,3.90000009536743,4.19999980926514,3.90000009536743,3.90000009536743,4.5,4.19999980926514,4,4.09999990463257,4.59999990463257,4.40000009536743,4.09999990463257,5.59999990463257,3.70000004768372,4,3.59999990463257,4,3.70000004768372,3.70000004768372,3.90000009536743,..
Bangladesh,BGD,"Unemployment, total (% of total labor force)",SL.UEM.TOTL.ZS,..,3.70000004768372,3.29999995231628,3.20000004768372,3,2.90000009536743,2.5,2.90000009536743,2.5,3.09999990463257,3.29999995231628,3.40000009536743,3.40000009536743,4.30000019073486,4.5,4.30000019073486,4.19999980926514,4.30000019073486,4.40000009536743,5,4.5,4.5,4.5,4.5,4.30000019073486,..
Barbados,BRB,"Unemployment, total (% of total labor force)",SL.UEM.TOTL.ZS,..,17.1000003814697,22.8999996185303,25.6000003814697,23,19.7000007629395,14.6999998092651,14.6000003814697,12.3000001907349,10.3999996185303,9.30000019073486,9.80000019073486,10.3000001907349,11,9.80000019073486,9.10000038146973,8.69999980926514,7.40000009536743,8.10000038146973,10,10.8000001907349,11.1999998092651,11.6000003814697,11.6000003814697,12,..
Belarus,BLR,"Unemployment, total (% of total labor force)",SL.UEM.TOTL.ZS,..,6.40000009536743,6.40000009536743,6.40000009536743,6.30000019073486,6.40000009536743,6.30000019073486,6.40000009536743,6.5,6.5,6.5,6.5,6.59999990463257,6.5,6.5,6.40000009536743,6.40000009536743,6.30000019073486,6.19999980926514,6.09999990463257,6.19999980926514,6.09999990463257,5.90000009536743,6,5.90000009536743,..
Belgium,BEL,"Unemployment, total (% of total labor force)",SL.UEM.TOTL.ZS,..,7,6.69999980926514,8.10000038146973,9.60000038146973,9.30000019073486,9.5,9,9.30000019073486,8.60000038146973,6.59999990463257,6.19999980926514,7.5,8.19999980926514,8.39999961853027,8.39999961853027,8.19999980926514,7.5,7,7.90000009536743,8.30000019073486,7.09999990463257,7.5,8.39999961853027,8.5,..
Belize,BLZ,"Unemployment, total (% of total labor force)",SL.UEM.TOTL.ZS,..,10.8000001907349,10.8000001907349,9.80000019073486,11.1000003814697,12.5,13.8000001907349,12.6999998092651,14.3000001907349,12.8000001907349,10.8999996185303,9.10000038146973,10,10.3000001907349,10.5,11,9.39999961853027,8.5,8.19999980926514,11.1999998092651,10.8000001907349,12.3000001907349,14.3999996185303,11.6999998092651,11.5,..
Benin,BEN,"Unemployment, total (% of total labor force)",SL.UEM.TOTL.ZS,..,0.800000011920929,1.5,1.20000004768372,1,0.899999976158142,0.699999988079071,0.800000011920929,0.899999976158142,0.899999976158142,0.800000011920929,0.699999988079071,0.699999988079071,0.899999976158142,1.29999995231628,1.29999995231628,1.10000002384186,1.10000002384186,1.10000002384186,1.20000004768372,1,1,1,1,1,..
Bermuda,BMU,"Unemployment, total (% of total labor force)",SL.UEM.TOTL.ZS,..,..,..,..,..,..,..,..,..,..,..,..,..,..,..,..,..,..,..,..,..,..,..,..,..,..
Bhutan,BTN,"Unemployment, total (% of total labor force)",SL.UEM.TOTL.ZS,..,3,3,2.90000009536743,2.90000009536743,2.90000009536743,2.5,1.70000004768372,1.39999997615814,1.39999997615814,1.70000004768372,1.89999997615814,1.89999997615814,1.79999995231628,2.5,3.09999990463257,3.09999990463257,3.70000004768372,3.79999995231628,4,3.29999995231628,3.09999990463257,2.09999990463257,2.90000009536743,2.79999995231628,..
Bolivia,BOL,"Unemployment, total (% of total labor force)",SL.UEM.TOTL.ZS,..,2.90000009536743,5.19999980926514,4.90000009536743,5,5,5.19999980926514,4.30000019073486,3.5,4.30000019073486,4.80000019073486,5.40000009536743,5.40000009536743,5.40000009536743,4.30000019073486,5.40000009536743,5.30000019073486,5.19999980926514,2.90000009536743,3.40000009536743,3.29999995231628,2.70000004768372,2.70000004768372,2.59999990463257,2.70000004768372,..
Bosnia and Herzegovina,BIH,"Unemployment, total (% of total labor force)",SL.UEM.TOTL.ZS,..,23.2000007629395,23.7999992370605,25.5,27.7000007629395,25.2000007629395,25.7000007629395,28,26.2999992370605,25.7999992370605,25.2000007629395,27.6000003814697,24.6000003814697,26,28.2999992370605,26,31.7999992370605,29.7000007629395,23.8999996185303,24.1000003814697,27.2000007629395,27.6000003814697,28.1000003814697,27.3999996185303,27.8999996185303,..
Botswana,BWA,"Unemployment, total (% of total labor force)",SL.UEM.TOTL.ZS,..,19.8999996185303,22.2000007629395,22.7999992370605,21.2000007629395,21.5,21.5,21,20.7999992370605,21.8999996185303,22.1000003814697,23.2000007629395,20.2000007629395,23.7999992370605,22.8999996185303,22,17.6000003814697,18.5,21.8999996185303,18.3999996185303,17.8999996185303,17.7999992370605,17.7000007629395,17.6000003814697,18.2000007629395,..
Brazil,BRA,"Unemployment, total (% of total labor force)",SL.UEM.TOTL.ZS,..,6.90000009536743,6.40000009536743,6,6,6,6.80000019073486,7.69999980926514,8.89999961853027,9.60000038146973,9.5,9.30000019073486,9.10000038146973,9.69999980926514,8.89999961853027,9.30000019073486,8.39999961853027,8.10000038146973,7.09999990463257,8.30000019073486,7.90000009536743,6.69999980926514,6.09999990463257,6.5,6.80000019073486,..
British Virgin Islands,VGB,"Unemployment, total (% of total labor force)",SL.UEM.TOTL.ZS,..,..,..,..,..,..,..,..,..,..,..,..,..,..,..,..,..,..,..,..,..,..,..,..,..,..
Brunei Darussalam,BRN,"Unemployment, total (% of total labor force)",SL.UEM.TOTL.ZS,..,4.69999980926514,4.19999980926514,3.70000004768372,3.79999995231628,4,4.19999980926514,3.59999990463257,3.59999990463257,4.5,4.09999990463257,3.90000009536743,3.90000009536743,4,3.40000009536743,3.40000009536743,3.29999995231628,3.29999995231628,3.29999995231628,3.5,3.70000004768372,3.70000004768372,3.79999995231628,3.79999995231628,3.79999995231628,..
Bulgaria,BGR,"Unemployment, total (% of total labor force)",SL.UEM.TOTL.ZS,..,18.3999996185303,13.8000001907349,21.3999996185303,20,15.6999998092651,13.5,13.6999998092651,12.1999998092651,14.1000003814697,16.2000007629395,19.8999996185303,18.1000003814697,13.6999998092651,12,10.1000003814697,8.89999961853027,6.90000009536743,5.59999990463257,6.80000019073486,10.1999998092651,11.3000001907349,12.3000001907349,12.8999996185303,11.6000003814697,..
Burkina Faso,BFA,"Unemployment, total (% of total labor force)",SL.UEM.TOTL.ZS,..,2.59999990463257,2.40000009536743,3.09999990463257,2.59999990463257,2.40000009536743,2.40000009536743,2.29999995231628,2.40000009536743,2.29999995231628,3,2.29999995231628,3,2.79999995231628,2.79999995231628,2.70000004768372,2.29999995231628,3.29999995231628,3.29999995231628,3.29999995231628,3.29999995231628,3.29999995231628,3.29999995231628,3.29999995231628,3.09999990463257,..
Burundi,BDI,"Unemployment, total (% of total labor force)",SL.UEM.TOTL.ZS,..,7,7.09999990463257,7.19999980926514,7.19999980926514,7.30000019073486,7.30000019073486,7.19999980926514,7.09999990463257,7.30000019073486,7.30000019073486,7.30000019073486,7.30000019073486,7.30000019073486,7.30000019073486,7.30000019073486,7.19999980926514,7.19999980926514,7.19999980926514,7.09999990463257,7.09999990463257,7.09999990463257,7,7,6.90000009536743,..
Cabo Verde,CPV,"Unemployment, total (% of total labor force)",SL.UEM.TOTL.ZS,..,9.89999961853027,9.80000019073486,9.69999980926514,9.60000038146973,9.60000038146973,9.60000038146973,9.60000038146973,9.60000038146973,9.5,9.60000038146973,9.69999980926514,9.69999980926514,9.60000038146973,9.60000038146973,9.60000038146973,9.5,9.39999961853027,9.39999961853027,9.39999961853027,9.30000019073486,9.19999980926514,9.10000038146973,9,9.19999980926514,..
Cambodia,KHM,"Unemployment, total (% of total labor force)",SL.UEM.TOTL.ZS,..,0.5,0.400000005960464,0.800000011920929,1.5,1.60000002384186,1.79999995231628,1.89999997615814,2.09999990463257,2.29999995231628,2.5,1.70000004768372,2,2.40000009536743,1.79999995231628,1.29999995231628,0.899999976158142,0.600000023841858,0.300000011920929,0.100000001490116,0.400000005960464,0.300000011920929,0.200000002980232,0.300000011920929,0.400000005960464,..
Cameroon,CMR,"Unemployment, total (% of total labor force)",SL.UEM.TOTL.ZS,..,6.69999980926514,6.40000009536743,6.40000009536743,6.19999980926514,4.30000019073486,8.10000038146973,7.80000019073486,7.5,7.19999980926514,6.40000009536743,7.5,5.90000009536743,6,5.09999990463257,4.40000009536743,4.09999990463257,4.09999990463257,4.19999980926514,4.5,4.09999990463257,4.09999990463257,4.09999990463257,4.09999990463257,4.30000019073486,..
Canada,CAN,"Unemployment, total (% of total labor force)",SL.UEM.TOTL.ZS,..,10.3000001907349,11.1999998092651,11.3999996185303,10.3999996185303,9.5,9.60000038146973,9.10000038146973,8.30000019073486,7.59999990463257,6.80000019073486,7.19999980926514,7.69999980926514,7.59999990463257,7.19999980926514,6.69999980926514,6.30000019073486,6,6.09999990463257,8.30000019073486,8,7.40000009536743,7.19999980926514,7.09999990463257,6.90000009536743,..
Cayman Islands,CYM,"Unemployment, total (% of total labor force)",SL.UEM.TOTL.ZS,..,..,..,..,..,..,..,..,..,..,..,..,..,..,..,..,..,..,..,..,..,..,..,..,..,..
Central African Republic,CAF,"Unemployment, total (% of total labor force)",SL.UEM.TOTL.ZS,..,6.90000009536743,7,7,6.90000009536743,6.90000009536743,7.09999990463257,6.90000009536743,6.90000009536743,6.90000009536743,7,7,7,7.09999990463257,7,7,6.90000009536743,6.90000009536743,7,6.90000009536743,6.90000009536743,6.90000009536743,6.90000009536743,7.40000009536743,7.40000009536743,..
Chad,TCD,"Unemployment, total (% of total labor force)",SL.UEM.TOTL.ZS,..,6.80000019073486,6.90000009536743,7,6.90000009536743,7,7,7,7,7.09999990463257,7.09999990463257,6.90000009536743,7,6.90000009536743,6.69999980926514,7,7.09999990463257,7.09999990463257,7.09999990463257,7,6.90000009536743,7.09999990463257,7,7.09999990463257,7,..
Channel Islands,CHI,"Unemployment, total (% of total labor force)",SL.UEM.TOTL.ZS,..,..,..,..,..,..,..,..,..,..,..,..,..,..,..,..,..,..,..,..,..,..,..,..,..,..
Chile,CHL,"Unemployment, total (% of total labor force)",SL.UEM.TOTL.ZS,..,8.10000038146973,8.30000019073486,8.5,8.10000038146973,7.09999990463257,6.30000019073486,6.09999990463257,6.30000019073486,9.80000019073486,9.19999980926514,9.10000038146973,8.89999961853027,8.5,8.80000019073486,8,7.69999980926514,7.09999990463257,7.80000019073486,9.69999980926514,8.10000038146973,7.09999990463257,6.40000009536743,6,6.40000009536743,..
China,CHN,"Unemployment, total (% of total labor force)",SL.UEM.TOTL.ZS,..,4.90000009536743,4.40000009536743,4.30000019073486,4.30000019073486,4.5,4.59999990463257,4.59999990463257,4.69999980926514,4.69999980926514,4.5,4.5,4.40000009536743,4.30000019073486,4.30000019073486,4.09999990463257,4,3.79999995231628,4.40000009536743,4.40000009536743,4.19999980926514,4.30000019073486,4.5,4.59999990463257,4.69999980926514,..
Colombia,COL,"Unemployment, total (% of total labor force)",SL.UEM.TOTL.ZS,..,13.8999996185303,10,12.5,12,12.3999996185303,13.6999998092651,11.6000003814697,13.1000003814697,14.8000001907349,16.6000003814697,15.1000003814697,15.8000001907349,14.1000003814697,14.3000001907349,12,11.6999998092651,11.1999998092651,11.1000003814697,11.8000001907349,12,11.1000003814697,10.6000003814697,9.60000038146973,10.1000003814697,..
Comoros,COM,"Unemployment, total (% of total labor force)",SL.UEM.TOTL.ZS,..,6.69999980926514,6.69999980926514,6.69999980926514,6.69999980926514,6.69999980926514,6.69999980926514,6.69999980926514,6.69999980926514,6.69999980926514,6.69999980926514,6.69999980926514,6.69999980926514,6.69999980926514,6.69999980926514,6.59999990463257,6.59999990463257,6.59999990463257,6.59999990463257,6.5,6.5,6.5,6.5,6.5,6.5,..
"Congo, Dem. Rep.",COD,"Unemployment, total (% of total labor force)",SL.UEM.TOTL.ZS,..,8.19999980926514,8.19999980926514,8.19999980926514,8.19999980926514,8.19999980926514,8.19999980926514,8.19999980926514,8.19999980926514,8.19999980926514,8.19999980926514,8.19999980926514,8.19999980926514,8.19999980926514,8.19999980926514,8.19999980926514,8.19999980926514,8.19999980926514,8.19999980926514,8.19999980926514,8.19999980926514,8.19999980926514,8.19999980926514,8.19999980926514,8,..
"Congo, Rep.",COG,"Unemployment, total (% of total labor force)",SL.UEM.TOTL.ZS,..,6.69999980926514,6.69999980926514,6.80000019073486,6.80000019073486,6.69999980926514,6.69999980926514,6.69999980926514,6.69999980926514,6.80000019073486,6.59999990463257,6.69999980926514,6.69999980926514,6.69999980926514,6.59999990463257,6.59999990463257,6.59999990463257,6.59999990463257,6.59999990463257,6.5,6.5,6.59999990463257,6.59999990463257,6.59999990463257,6.5,..
Costa Rica,CRI,"Unemployment, total (% of total labor force)",SL.UEM.TOTL.ZS,..,5.59999990463257,4.09999990463257,4.09999990463257,4.19999980926514,5.19999980926514,6.19999980926514,5.69999980926514,5.59999990463257,6,5.09999990463257,6,6.40000009536743,6.59999990463257,6.40000009536743,6.59999990463257,5.90000009536743,4.59999990463257,4.90000009536743,7.80000019073486,7.30000019073486,7.69999980926514,7.80000019073486,8.5,8.30000019073486,..
Cote d'Ivoire,CIV,"Unemployment, total (% of total labor force)",SL.UEM.TOTL.ZS,..,5.80000019073486,6.69999980926514,6.09999990463257,5.40000009536743,4.09999990463257,4.09999990463257,4.09999990463257,4.09999990463257,4.09999990463257,4.09999990463257,4.09999990463257,4.09999990463257,4.09999990463257,4.09999990463257,4.09999990463257,4.09999990463257,4.09999990463257,4.09999990463257,4.09999990463257,4.09999990463257,4.09999990463257,4.09999990463257,4.09999990463257,4,..
Croatia,HRV,"Unemployment, total (% of total labor force)",SL.UEM.TOTL.ZS,..,11.1000003814697,10.1999998092651,9.80000019073486,10,10.1000003814697,10,9.89999961853027,11,13.5,16.1000003814697,20.5,15.1000003814697,13.8999996185303,13.6999998092651,12.6000003814697,11.1000003814697,9.60000038146973,8.39999961853027,9.10000038146973,11.8000001907349,13.3999996185303,15.8000001907349,17.2999992370605,16.7000007629395,..
Cuba,CUB,"Unemployment, total (% of total labor force)",SL.UEM.TOTL.ZS,..,2.29999995231628,6,3.5,3.59999990463257,8.30000019073486,7.59999990463257,7.09999990463257,6.19999980926514,6.30000019073486,5.40000009536743,4.09999990463257,3.29999995231628,2.29999995231628,1.89999997615814,1.89999997615814,1.89999997615814,1.79999995231628,1.60000002384186,1.70000004768372,2.5,3.20000004768372,3.20000004768372,3.20000004768372,3.29999995231628,..
Curacao,CUW,"Unemployment, total (% of total labor force)",SL.UEM.TOTL.ZS,..,..,..,..,..,..,..,..,..,..,..,..,..,..,..,..,..,..,..,..,..,..,..,..,..,..
Cyprus,CYP,"Unemployment, total (% of total labor force)",SL.UEM.TOTL.ZS,..,8.30000019073486,2.09999990463257,8.30000019073486,3.5,3.90000009536743,4.30000019073486,3.29999995231628,4.90000009536743,5.69999980926514,5,4,3.29999995231628,4.09999990463257,4.30000019073486,5.30000019073486,4.5,3.90000009536743,3.59999990463257,5.40000009536743,6.30000019073486,7.90000009536743,11.8000001907349,15.8000001907349,15.6000003814697,..
Czech Republic,CZE,"Unemployment, total (% of total labor force)",SL.UEM.TOTL.ZS,..,2.29999995231628,3.29999995231628,4.30000019073486,4.30000019073486,4,3.90000009536743,4.80000019073486,6.5,8.69999980926514,8.80000019073486,8.10000038146973,7.30000019073486,7.80000019073486,8.30000019073486,7.90000009536743,7.09999990463257,5.30000019073486,4.40000009536743,6.69999980926514,7.30000019073486,6.69999980926514,7,7,6.19999980926514,..
Denmark,DNK,"Unemployment, total (% of total labor force)",SL.UEM.TOTL.ZS,..,9.10000038146973,9,10.6999998092651,8,7,6.80000019073486,5.40000009536743,5,5.09999990463257,4.5,4.19999980926514,4.59999990463257,5.40000009536743,5.5,4.80000019073486,3.90000009536743,3.79999995231628,3.40000009536743,6,7.5,7.59999990463257,7.5,7,6.59999990463257,..
Djibouti,DJI,"Unemployment, total (% of total labor force)",SL.UEM.TOTL.ZS,..,..,..,..,..,..,..,..,..,..,..,..,..,..,..,..,..,..,..,..,..,..,..,..,..,..
Dominica,DMA,"Unemployment, total (% of total labor force)",SL.UEM.TOTL.ZS,..,..,..,..,..,..,..,..,..,..,..,..,..,..,..,..,..,..,..,..,..,..,..,..,..,..
Dominican Republic,DOM,"Unemployment, total (% of total labor force)",SL.UEM.TOTL.ZS,..,19.8999996185303,20.7000007629395,19.8999996185303,16.2000007629395,15.8000001907349,16.7000007629395,15.6000003814697,14.3999996185303,13.8000001907349,14.1999998092651,15.6999998092651,16.1000003814697,16.7000007629395,18.3999996185303,18,16.3999996185303,15.6999998092651,14.1999998092651,14.8999996185303,12.3999996185303,14.6999998092651,14.6999998092651,15,15,..
East Asia & Pacific,EAS,"Unemployment, total (% of total labor force)",SL.UEM.TOTL.ZS,..,4.66869252333815,4.03404173290952,4.1433918120408,4.17311421161867,4.19596098246377,4.29375236688749,4.37127160874783,4.76196070982513,4.83418885408648,4.66384052771193,4.88088019929782,4.87999544372302,4.83891269715715,4.846711570013,4.67118279918287,4.50854359212511,4.22188929479245,4.55868081097465,4.63381516687039,4.39523548035115,4.32492492415256,4.38128965210698,4.47293831647039,4.52214649268955,..
East Asia & Pacific (excluding high income),EAP,"Unemployment, total (% of total labor force)",SL.UEM.TOTL.ZS,..,4.86695891325962,4.13827006465375,4.22848742242428,4.25484639703458,4.27747773510445,4.37557474715176,4.44976983554347,4.72679001562345,4.78341921481778,4.64268630462555,4.87489380968953,4.85819988819511,4.82214026189441,4.87351676298287,4.70742490154018,4.55919762624084,4.26859764143824,4.63570709133133,4.62095926311285,4.3654800231104,4.3302217963983,4.40766058126661,4.52428751900772,4.583786110173,..
Ecuador,ECU,"Unemployment, total (% of total labor force)",SL.UEM.TOTL.ZS,..,4,4.69999980926514,4.69999980926514,7.69999980926514,4.69999980926514,4.69999980926514,7.5,5.5,6.30000019073486,7.19999980926514,8.39999961853027,9.10000038146973,9.30000019073486,6.69999980926514,6.59999990463257,6.30000019073486,5,6,6.5,5,4.19999980926514,4.09999990463257,4.19999980926514,4.59999990463257,..
"Egypt, Arab Rep.",EGY,"Unemployment, total (% of total labor force)",SL.UEM.TOTL.ZS,..,9.60000038146973,9,10.8999996185303,11,11.3000001907349,9,8.39999961853027,8.19999980926514,8.10000038146973,9,9.39999961853027,10.1999998092651,10.3999996185303,10.6999998092651,11.1999998092651,10.6000003814697,8.89999961853027,8.69999980926514,9.39999961853027,9,12,12.6999998092651,13.1999998092651,13.1999998092651,..
El Salvador,SLV,"Unemployment, total (% of total labor force)",SL.UEM.TOTL.ZS,..,6.5,8,9.89999961853027,7.69999980926514,7.59999990463257,7.69999980926514,8,7.30000019073486,7,7,7,6.19999980926514,6.90000009536743,6.80000019073486,7.19999980926514,6.59999990463257,6.30000019073486,5.90000009536743,7.30000019073486,7,6.59999990463257,6.09999990463257,5.90000009536743,6.19999980926514,..
Equatorial Guinea,GNQ,"Unemployment, total (% of total labor force)",SL.UEM.TOTL.ZS,..,6.90000009536743,6.5,6.59999990463257,6.5,6.5,6.19999980926514,6,6.40000009536743,6.40000009536743,6.5,6.30000019073486,6.59999990463257,6.69999980926514,6.5,6.80000019073486,6.90000009536743,6.80000019073486,6.80000019073486,7,7,6.90000009536743,6.90000009536743,7,7.90000009536743,..
Eritrea,ERI,"Unemployment, total (% of total labor force)",SL.UEM.TOTL.ZS,..,7.30000019073486,7.30000019073486,7.19999980926514,7.09999990463257,7.40000009536743,7.30000019073486,7.40000009536743,7.5,7.5,7.69999980926514,7.40000009536743,7.5,7.59999990463257,7.5,7.5,7.5,7.40000009536743,7.5,7.30000019073486,7.30000019073486,7.09999990463257,7.09999990463257,7.19999980926514,7.19999980926514,..
Estonia,EST,"Unemployment, total (% of total labor force)",SL.UEM.TOTL.ZS,..,1.5,3.70000004768372,6.59999990463257,7.59999990463257,9.69999980926514,9.89999961853027,10.3999996185303,9.5,11.6000003814697,13.1000003814697,12.3999996185303,9.39999961853027,10.6999998092651,10,7.90000009536743,5.90000009536743,4.69999980926514,5.5,13.8000001907349,16.8999996185303,12.5,10.1000003814697,8.60000038146973,7.69999980926514,..
Ethiopia,ETH,"Unemployment, total (% of total labor force)",SL.UEM.TOTL.ZS,..,6.19999980926514,6.19999980926514,5.5,6.69999980926514,8.10000038146973,5.5,6.30000019073486,7.19999980926514,8.19999980926514,7.5,6.80000019073486,6.30000019073486,5.80000019073486,5.40000009536743,5.40000009536743,5.30000019073486,5.30000019073486,5.19999980926514,5.09999990463257,5.19999980926514,5.19999980926514,5.59999990463257,5,5.19999980926514,..
Euro area,EMU,"Unemployment, total (% of total labor force)",SL.UEM.TOTL.ZS,..,8.68756667495412,9.18200513220205,10.7902554937163,11.6595022187681,11.3579823328613,11.5941164099153,11.6108566462046,11.0173495181025,10.3101109622283,9.34031459042488,8.35394845795049,8.69604720565268,8.90513588270606,9.18818226917885,8.9979149708708,8.32417952482119,7.43056565964131,7.49836923573478,9.55113338974654,10.1840342041603,10.1749467123434,11.3997990655313,12.0099322194597,11.5257458659544,..
Europe & Central Asia,ECS,"Unemployment, total (% of total labor force)",SL.UEM.TOTL.ZS,..,9.46245937308766,8.62825614366163,9.73332304769499,10.2421966735025,10.0139898409584,10.0904141126402,10.3900368968412,10.4902097352433,10.3842567181238,9.66981085710269,9.16686490067787,9.16951161748048,9.19624787442862,9.22802650992643,8.8487171083999,8.39279489190725,7.51180765970404,7.36545967171936,9.2502672523056,9.32933824657156,9.03237246507524,9.29520001675254,9.44150560612867,9.00765160030715,..
Europe & Central Asia (excluding high income),ECA,"Unemployment, total (% of total labor force)",SL.UEM.TOTL.ZS,..,10.5698521372574,7.84119270686194,8.58699359072267,9.15671009420818,9.26092381320312,9.37526286563078,10.3573147642295,11.3277011522886,11.4868993649814,10.4553031763597,10.105625694647,9.66364308970681,9.56654892897642,9.44844968037019,8.83272270927118,8.74083560265411,8.04501551212801,7.92863741981576,9.67510377579733,9.04044214483933,8.44749492510473,7.88744329021147,7.75862947491054,7.61617233039311,..
European Union,EUU,"Unemployment, total (% of total labor force)",SL.UEM.TOTL.ZS,..,8.8481584029493,9.48516813757955,10.9242190156759,11.3460673868281,10.7732868709009,10.6952557135514,10.3870828206558,9.82310463056324,9.57082369954025,9.21420315260734,8.66498625958835,9.04532863709098,9.02365446139388,9.17315785787146,8.934755308901,8.22084995260529,7.17490490144319,6.97052549757024,8.9517642120422,9.62888316143569,9.60451242823168,10.5004106864488,10.9200536227223,..,..
Faroe Islands,FRO,"Unemployment, total (% of total labor force)",SL.UEM.TOTL.ZS,..,..,..,..,..,..,..,..,..,..,..,..,..,..,..,..,..,..,..,..,..,..,..,..,..,..
Fiji,FJI,"Unemployment, total (% of total labor force)",SL.UEM.TOTL.ZS,..,5.90000009536743,5.40000009536743,5.90000009536743,5.69999980926514,5.40000009536743,5.80000019073486,6.69999980926514,8.39999961853027,8.10000038146973,7.69999980926514,6.09999990463257,5.80000019073486,8.5,4.69999980926514,4.59999990463257,6.5,8.60000038146973,9,8.69999980926514,8.5,8.5,8.5,8.30000019073486,7.90000009536743,..
Finland,FIN,"Unemployment, total (% of total labor force)",SL.UEM.TOTL.ZS,..,6.5,11.6000003814697,16.2000007629395,16.3999996185303,15.3000001907349,14.3999996185303,12.6000003814697,11.3999996185303,10.1000003814697,9.69999980926514,9.10000038146973,9,9,8.80000019073486,8.39999961853027,7.59999990463257,6.80000019073486,6.30000019073486,8.19999980926514,8.39999961853027,7.69999980926514,7.59999990463257,8.19999980926514,8.60000038146973,..
France,FRA,"Unemployment, total (% of total labor force)",SL.UEM.TOTL.ZS,..,9.10000038146973,10.1999998092651,11.3000001907349,12.6000003814697,11.8000001907349,12.3999996185303,12.6000003814697,12.1000003814697,12,10.1999998092651,8.60000038146973,8.69999980926514,8.60000038146973,9.19999980926514,8.89999961853027,8.80000019073486,8,7.40000009536743,9.10000038146973,9.30000019073486,9.19999980926514,9.89999961853027,10.3999996185303,9.89999961853027,..
French Polynesia,PYF,"Unemployment, total (% of total labor force)",SL.UEM.TOTL.ZS,..,..,..,..,..,..,..,..,..,..,..,..,..,..,..,..,..,..,..,..,..,..,..,..,..,..
Gabon,GAB,"Unemployment, total (% of total labor force)",SL.UEM.TOTL.ZS,..,21.6000003814697,19.2000007629395,17.7999992370605,18.2999992370605,19,19.7000007629395,20.5,20.5,20.6000003814697,20.6000003814697,20.7000007629395,20.7000007629395,20.7999992370605,20.8999996185303,20.8999996185303,21,21.1000003814697,21.2000007629395,21.2999992370605,20.3999996185303,20.3999996185303,20.2999992370605,20.2999992370605,19.7000007629395,..
"Gambia, The",GMB,"Unemployment, total (% of total labor force)",SL.UEM.TOTL.ZS,..,7.19999980926514,7.09999990463257,7.09999990463257,7.09999990463257,7.19999980926514,7.09999990463257,7.09999990463257,7.09999990463257,7.09999990463257,7.19999980926514,7.19999980926514,7.30000019073486,7.09999990463257,7.09999990463257,7.19999980926514,7.09999990463257,7.09999990463257,7.09999990463257,7,7,7.19999980926514,7,7,7,..
Georgia,GEO,"Unemployment, total (% of total labor force)",SL.UEM.TOTL.ZS,..,13.3000001907349,13.3000001907349,13.3000001907349,13.1999998092651,14.3999996185303,12.3000001907349,12.1999998092651,12.3999996185303,13.8000001907349,10.8000001907349,11.1999998092651,12.6000003814697,11.5,12.6000003814697,13.8000001907349,13.6000003814697,13.3000001907349,16.5,16.8999996185303,16.2999992370605,15.1000003814697,15,14.6000003814697,13.3999996185303,..
Germany,DEU,"Unemployment, total (% of total labor force)",SL.UEM.TOTL.ZS,..,5.59999990463257,6.59999990463257,7.90000009536743,8.39999961853027,8.10000038146973,8.89999961853027,9.80000019073486,9.19999980926514,8.39999961853027,7.69999980926514,7.80000019073486,8.60000038146973,9.30000019073486,10.3000001907349,11.1000003814697,10.3000001907349,8.60000038146973,7.5,7.69999980926514,7.09999990463257,5.90000009536743,5.40000009536743,5.30000019073486,5,..
Ghana,GHA,"Unemployment, total (% of total labor force)",SL.UEM.TOTL.ZS,..,8.19999980926514,4.69999980926514,9.5,5.59999990463257,3.20000004768372,9.60000038146973,7.19999980926514,8.19999980926514,10.1000003814697,10.3999996185303,10,9.80000019073486,8.10000038146973,6.90000009536743,3.79999995231628,3.59999990463257,2.79999995231628,4.30000019073486,2.20000004768372,5.30000019073486,4.59999990463257,3.59999990463257,1.79999995231628,2.40000009536743,..
Gibraltar,GIB,"Unemployment, total (% of total labor force)",SL.UEM.TOTL.ZS,..,..,..,..,..,..,..,..,..,..,..,..,..,..,..,..,..,..,..,..,..,..,..,..,..,..
Greece,GRC,"Unemployment, total (% of total labor force)",SL.UEM.TOTL.ZS,..,7.69999980926514,7.80000019073486,9,8.89999961853027,9.10000038146973,9.69999980926514,9.60000038146973,10.8000001907349,11.6999998092651,11.1000003814697,10.1999998092651,10.3000001907349,9.69999980926514,10.5,9.80000019073486,8.89999961853027,8.30000019073486,7.69999980926514,9.5,12.5,17.7000007629395,24.2000007629395,27.2000007629395,26.2999992370605,..
Greenland,GRL,"Unemployment, total (% of total labor force)",SL.UEM.TOTL.ZS,..,..,..,..,..,..,..,..,..,..,..,..,..,..,..,..,..,..,..,..,..,..,..,..,..,..
Grenada,GRD,"Unemployment, total (% of total labor force)",SL.UEM.TOTL.ZS,..,..,..,..,..,..,..,..,..,..,..,..,..,..,..,..,..,..,..,..,..,..,..,..,..,..
Guam,GUM,"Unemployment, total (% of total labor force)",SL.UEM.TOTL.ZS,..,..,..,..,..,..,..,..,..,..,..,..,..,..,..,..,..,..,..,..,..,..,..,..,..,..
Guatemala,GTM,"Unemployment, total (% of total labor force)",SL.UEM.TOTL.ZS,..,3.20000004768372,3.29999995231628,2.70000004768372,2.59999990463257,3.5,3.5,3.90000009536743,3.20000004768372,1.89999997615814,1.39999997615814,1.29999995231628,3.09999990463257,2.79999995231628,3.09999990463257,2.40000009536743,1.79999995231628,2.5,2.79999995231628,3.20000004768372,3.70000004768372,4.09999990463257,2.90000009536743,3,2.90000009536743,..
Guinea,GIN,"Unemployment, total (% of total labor force)",SL.UEM.TOTL.ZS,..,2,2,2.40000009536743,3.09999990463257,2.90000009536743,2.59999990463257,2.40000009536743,2.29999995231628,2.09999990463257,2,1.89999997615814,2,2,2,2,2,2,2,1.60000002384186,1.60000002384186,1.70000004768372,1.70000004768372,1.70000004768372,1.79999995231628,..
Guinea-Bissau,GNB,"Unemployment, total (% of total labor force)",SL.UEM.TOTL.ZS,..,6.69999980926514,6.80000019073486,6.90000009536743,6.90000009536743,7,6.90000009536743,6.90000009536743,7.19999980926514,6.80000019073486,6.80000019073486,6.80000019073486,6.90000009536743,6.90000009536743,6.90000009536743,6.80000019073486,6.90000009536743,6.80000019073486,6.80000019073486,6.80000019073486,6.80000019073486,6.80000019073486,6.90000009536743,6.80000019073486,6.90000009536743,..
Guyana,GUY,"Unemployment, total (% of total labor force)",SL.UEM.TOTL.ZS,..,12,11.8999996185303,12,11.8999996185303,11.8000001907349,11.6999998092651,11.6000003814697,11.5,11.5,11.5,11.6999998092651,11.8999996185303,12.3000001907349,11.8999996185303,12.6000003814697,11.1999998092651,10.8000001907349,11.8000001907349,11.5,11.3000001907349,11.1000003814697,11.1999998092651,11.1000003814697,11.1000003814697,..
Haiti,HTI,"Unemployment, total (% of total labor force)",SL.UEM.TOTL.ZS,..,11.3999996185303,11.6000003814697,11.8000001907349,12.3999996185303,10.3000001907349,10.8000001907349,10.8999996185303,10.8999996185303,7.19999980926514,7.40000009536743,7.59999990463257,7.59999990463257,7.5,8,7.40000009536743,7.30000019073486,7.19999980926514,7.40000009536743,7.09999990463257,8.10000038146973,6.80000019073486,7,6.80000019073486,6.80000019073486,..
Heavily indebted poor countries (HIPC),HPC,"Unemployment, total (% of total labor force)",SL.UEM.TOTL.ZS,..,7.34451622716912,7.25697045326821,7.36535005359896,7.4339684111926,7.44875967575402,7.37625662455885,7.32348669932615,7.40600441837531,7.55859701361053,7.58087357282697,7.51023075405529,7.24858458962396,7.2088511727284,6.94699116630068,6.67704848987855,6.9046192566746,6.61541875493846,6.75321228418962,6.67179264424515,6.77437844568534,6.78883142934139,6.75806980993827,6.56165824689378,6.59641401255623,..
High income,HIC,"Unemployment, total (% of total labor force)",SL.UEM.TOTL.ZS,..,6.95866476442602,7.54252643711944,8.04816098817769,7.95163562776415,7.53870657676921,7.50912111253734,7.25161815435607,7.16199907730126,6.96848480865664,6.58579466247816,6.5496889036932,7.07614346138361,7.17291436504615,6.99843235412775,6.71649264118516,6.1804686483063,5.65128554940873,5.92063841560469,8.06250560159167,8.35481126817609,8.01623510160321,8.12737189663502,8.00473816624072,7.36914162756959,..
Honduras,HND,"Unemployment, total (% of total labor force)",SL.UEM.TOTL.ZS,..,4.69999980926514,3.20000004768372,3.20000004768372,3.20000004768372,3.20000004768372,4.40000009536743,3.29999995231628,4,3.90000009536743,3.90000009536743,4.09999990463257,3.90000009536743,5.19999980926514,6,4.19999980926514,3.09999990463257,2.90000009536743,3.09999990463257,3.29999995231628,4.80000019073486,4.40000009536743,4,3.90000009536743,3.90000009536743,..
"Hong Kong SAR, China",HKG,"Unemployment, total (% of total labor force)",SL.UEM.TOTL.ZS,..,1.79999995231628,2,2,1.89999997615814,3.20000004768372,2.79999995231628,2.20000004768372,4.59999990463257,6.19999980926514,4.90000009536743,5.09999990463257,7.30000019073486,7.90000009536743,6.69999980926514,5.59999990463257,4.80000019073486,4,3.59999990463257,5.19999980926514,4.30000019073486,3.40000009536743,3.29999995231628,3.29999995231628,3.20000004768372,..
Hungary,HUN,"Unemployment, total (% of total labor force)",SL.UEM.TOTL.ZS,..,11.6000003814697,9.89999961853027,12.1000003814697,10.8000001907349,10.1999998092651,9.89999961853027,8.69999980926514,7.80000019073486,7,6.40000009536743,5.69999980926514,5.80000019073486,5.90000009536743,6.09999990463257,7.19999980926514,7.5,7.40000009536743,7.80000019073486,10,11.1999998092651,10.8999996185303,10.8999996185303,10.1999998092651,7.80000019073486,..
Iceland,ISL,"Unemployment, total (% of total labor force)",SL.UEM.TOTL.ZS,..,2.5,4.30000019073486,5.30000019073486,5.30000019073486,4.90000009536743,3.70000004768372,3.90000009536743,2.70000004768372,2,2.29999995231628,2.29999995231628,3.29999995231628,3.40000009536743,3.09999990463257,2.59999990463257,3,2.29999995231628,3,7.19999980926514,7.59999990463257,7.09999990463257,6,5.59999990463257,5,..
India,IND,"Unemployment, total (% of total labor force)",SL.UEM.TOTL.ZS,..,4.30000019073486,4.19999980926514,4.30000019073486,3.70000004768372,4,4,4.19999980926514,4.09999990463257,4.40000009536743,4.30000019073486,4,4.30000019073486,3.90000009536743,3.90000009536743,4.40000009536743,4.30000019073486,3.70000004768372,4.09999990463257,3.90000009536743,3.5,3.5,3.59999990463257,3.59999990463257,3.59999990463257,..
Indonesia,IDN,"Unemployment, total (% of total labor force)",SL.UEM.TOTL.ZS,..,6.19999980926514,2.79999995231628,4.30000019073486,5,3.90000009536743,4.40000009536743,4.69999980926514,5.5,6.30000019073486,6.09999990463257,8.10000038146973,9.10000038146973,9.5,9.89999961853027,11.1999998092651,10.3000001907349,9.10000038146973,8.39999961853027,7.90000009536743,7.09999990463257,6.59999990463257,6.09999990463257,6.30000019073486,6.19999980926514,..
"Iran, Islamic Rep.",IRN,"Unemployment, total (% of total labor force)",SL.UEM.TOTL.ZS,..,11.1000003814697,12.3999996185303,12.1999998092651,12,11.8999996185303,13.1000003814697,11.5,12.1000003814697,11.3000001907349,12,12.8000001907349,12.8000001907349,12.1999998092651,10.3000001907349,12.1000003814697,11.6000003814697,10.6000003814697,10.5,12,13.5,13.3000001907349,13.1000003814697,12.8999996185303,12.8000001907349,..
Iraq,IRQ,"Unemployment, total (% of total labor force)",SL.UEM.TOTL.ZS,..,19.7999992370605,19.7999992370605,19.7000007629395,19.5,19.3999996185303,19.2999992370605,17.6000003814697,19.2000007629395,18.1000003814697,18.2000007629395,18.2000007629395,18.3999996185303,29.8999996185303,28.7000007629395,18,17.5,16.8999996185303,15.3000001907349,15.1999998092651,15.1999998092651,15.1999998092651,15.1999998092651,15.1000003814697,16.3999996185303,..
Ireland,IRL,"Unemployment, total (% of total labor force)",SL.UEM.TOTL.ZS,..,15.8000001907349,15,15.6000003814697,14.6000003814697,12,11.6999998092651,10.1999998092651,7.69999980926514,5.80000019073486,4.30000019073486,3.70000004768372,4.19999980926514,4.5,4.5,4.30000019073486,4.40000009536743,4.59999990463257,6,12,13.8999996185303,14.6000003814697,14.6999998092651,13.1000003814697,11.6000003814697,..
Isle of Man,IMN,"Unemployment, total (% of total labor force)",SL.UEM.TOTL.ZS,..,..,..,..,..,..,..,..,..,..,..,..,..,..,..,..,..,..,..,..,..,..,..,..,..,..
Israel,ISR,"Unemployment, total (% of total labor force)",SL.UEM.TOTL.ZS,..,10.6000003814697,11.1999998092651,10,7.80000019073486,6.90000009536743,6.69999980926514,7.69999980926514,8.5,8.89999961853027,8.80000019073486,9.30000019073486,10.3000001907349,10.6999998092651,10.3999996185303,9,8.39999961853027,7.30000019073486,6.09999990463257,7.5,6.59999990463257,5.59999990463257,6.90000009536743,6.30000019073486,6.09999990463257,..
Italy,ITA,"Unemployment, total (% of total labor force)",SL.UEM.TOTL.ZS,..,10.1000003814697,9.30000019073486,10.1999998092651,11.1000003814697,11.6999998092651,11.8999996185303,12,12.1000003814697,11.6999998092651,10.8000001907349,9.60000038146973,9.19999980926514,8.89999961853027,7.90000009536743,7.69999980926514,6.80000019073486,6.09999990463257,6.69999980926514,7.80000019073486,8.39999961853027,8.39999961853027,10.6999998092651,12.1999998092651,12.5,..
Jamaica,JAM,"Unemployment, total (% of total labor force)",SL.UEM.TOTL.ZS,..,15.6999998092651,15.3999996185303,16.2999992370605,15.3999996185303,16.2000007629395,16,16.5,15.5,15.6999998092651,15.5,15,14.3000001907349,11.6999998092651,11.3999996185303,10.8999996185303,9.60000038146973,9.39999961853027,10.6000003814697,11.3999996185303,12.3999996185303,12.6999998092651,13.6999998092651,15,13.1999998092651,..
Japan,JPN,"Unemployment, total (% of total labor force)",SL.UEM.TOTL.ZS,..,2.09999990463257,2.20000004768372,2.5,2.90000009536743,3.20000004768372,3.40000009536743,3.40000009536743,4.09999990463257,4.69999980926514,4.80000019073486,5,5.40000009536743,5.19999980926514,4.69999980926514,4.40000009536743,4.09999990463257,3.90000009536743,4,5,5,4.5,4.30000019073486,4,3.70000004768372,..
Jordan,JOR,"Unemployment, total (% of total labor force)",SL.UEM.TOTL.ZS,..,15.3999996185303,17.5,19.7000007629395,18.2999992370605,14.6000003814697,13.6999998092651,11.8000001907349,12.5,11.5,13.6999998092651,15.8000001907349,16.2000007629395,15.3999996185303,12.3999996185303,14.8999996185303,14,13.1000003814697,12.6999998092651,12.8999996185303,12.5,12.8999996185303,12.1999998092651,12.6000003814697,11.1000003814697,..
Kazakhstan,KAZ,"Unemployment, total (% of total labor force)",SL.UEM.TOTL.ZS,..,9.5,11.3999996185303,10.1000003814697,7.5,11,13,13,13.1000003814697,13.5,12.8000001907349,10.3999996185303,9.30000019073486,8.80000019073486,8.39999961853027,8.10000038146973,7.80000019073486,7.30000019073486,6.59999990463257,6.59999990463257,5.80000019073486,5.40000009536743,5.30000019073486,5.19999980926514,4.09999990463257,..
Kenya,KEN,"Unemployment, total (% of total labor force)",SL.UEM.TOTL.ZS,..,10.1000003814697,10.1999998092651,10.1000003814697,10,9.89999961853027,9.89999961853027,9.89999961853027,9.80000019073486,9.80000019073486,9.80000019073486,9.69999980926514,9.69999980926514,9.60000038146973,9.60000038146973,9.5,9.5,9.39999961853027,9.39999961853027,9.39999961853027,9.30000019073486,9.19999980926514,9.19999980926514,9.10000038146973,9.19999980926514,..
Kiribati,KIR,"Unemployment, total (% of total labor force)",SL.UEM.TOTL.ZS,..,..,..,..,..,..,..,..,..,..,..,..,..,..,..,..,..,..,..,..,..,..,..,..,..,..
"Korea, Dem. People’s Rep.",PRK,"Unemployment, total (% of total labor force)",SL.UEM.TOTL.ZS,..,3.20000004768372,3.09999990463257,2.90000009536743,2.70000004768372,2.59999990463257,4.5,4.40000009536743,4.59999990463257,4.30000019073486,4.19999980926514,4.40000009536743,4.30000019073486,4.30000019073486,4.19999980926514,4.19999980926514,4.19999980926514,4.09999990463257,4.19999980926514,4.40000009536743,4.09999990463257,4.09999990463257,4.19999980926514,4.09999990463257,4.09999990463257,..
"Korea, Rep.",KOR,"Unemployment, total (% of total labor force)",SL.UEM.TOTL.ZS,..,2.40000009536743,2.5,2.90000009536743,2.5,2.09999990463257,2,2.59999990463257,7,6.30000019073486,4.40000009536743,4,3.29999995231628,3.59999990463257,3.70000004768372,3.70000004768372,3.40000009536743,3.20000004768372,3.20000004768372,3.59999990463257,3.70000004768372,3.40000009536743,3.20000004768372,3.09999990463257,3.5,..
Kosovo,XKX,"Unemployment, total (% of total labor force)",SL.UEM.TOTL.ZS,..,..,..,..,..,..,..,..,..,..,..,..,..,..,..,..,..,..,..,..,..,..,..,..,..,..
Kuwait,KWT,"Unemployment, total (% of total labor force)",SL.UEM.TOTL.ZS,..,1.20000004768372,1,0.800000011920929,0.699999988079071,0.699999988079071,0.699999988079071,0.699999988079071,0.699999988079071,0.699999988079071,0.800000011920929,0.800000011920929,1.10000002384186,1.29999995231628,1.70000004768372,2,1.29999995231628,1.5,1.79999995231628,1.60000002384186,1.79999995231628,3.59999990463257,3.40000009536743,3.20000004768372,3,..
Kyrgyz Republic,KGZ,"Unemployment, total (% of total labor force)",SL.UEM.TOTL.ZS,..,8.60000038146973,8.60000038146973,8.69999980926514,8.39999961853027,8.69999980926514,8.69999980926514,8.30000019073486,9.69999980926514,8.19999980926514,7.5,7.80000019073486,12.5,9.89999961853027,8.5,8.10000038146973,8.30000019073486,8.19999980926514,8.19999980926514,8.39999961853027,8.60000038146973,8.5,8.39999961853027,8.30000019073486,8.10000038146973,..
Lao PDR,LAO,"Unemployment, total (% of total labor force)",SL.UEM.TOTL.ZS,..,2.20000004768372,2.40000009536743,2.5,2.5,2.59999990463257,1.89999997615814,2,2,1.89999997615814,1.89999997615814,1.89999997615814,1.79999995231628,2.09999990463257,2.40000009536743,1.39999997615814,1.39999997615814,1.39999997615814,1.39999997615814,1.39999997615814,1.39999997615814,1.39999997615814,1.39999997615814,1.29999995231628,1.39999997615814,..
Latin America & Caribbean,LCN,"Unemployment, total (% of total labor force)",SL.UEM.TOTL.ZS,..,6.85157735526545,6.49449662570664,6.78799661887177,7.02531753426256,8.07390937661017,8.22270400668214,7.88451463187184,8.08777560200723,8.66483200987044,8.81279209403505,8.7896100191135,9.08789665417069,9.11556139355386,8.49162516718983,8.0307137322282,7.34334002348533,6.89732395264802,6.45197452128377,7.52293749783492,7.27585527965963,6.67068210373375,6.25337216273765,6.2868985282729,6.57724193704992,..
Latin America & Caribbean (excluding high income),LAC,"Unemployment, total (% of total labor force)",SL.UEM.TOTL.ZS,..,6.69830609251327,6.30754286135336,6.60346313285812,6.88921628448926,8.00687582068311,8.19052761167739,7.85760591504194,8.07703709900949,8.59032301429547,8.77115634201325,8.75257672602442,9.07390408721471,9.11902696554345,8.47563638734652,8.00590701813457,7.29187305518883,6.85624284964862,6.38033318219977,7.42270528469033,7.205331221703,6.61562331596635,6.20516203732135,6.2534211889659,6.54397902647984,..
Latvia,LVA,"Unemployment, total (% of total labor force)",SL.UEM.TOTL.ZS,..,13.3000001907349,12.8999996185303,12.6000003814697,10.8999996185303,12,12.6000003814697,14.6999998092651,14.5,13.8000001907349,14.1999998092651,13.1000003814697,13.1999998092651,10.6000003814697,9.89999961853027,8.89999961853027,6.80000019073486,6,7.40000009536743,17.1000003814697,18.7000007629395,16.2000007629395,14.8999996185303,11.8999996185303,10,..
Least developed countries: UN classification,LDC,"Unemployment, total (% of total labor force)",SL.UEM.TOTL.ZS,..,6.06515021097789,5.9711032382498,5.92029008230315,6.07327330152397,6.22725292157351,5.88511513512084,6.06806758135019,6.01741216239518,6.06199361560387,6.18233811840063,6.17040795856614,5.99776690974293,6.18259730283905,6.10459800568895,6.01659854551156,6.16288894161203,5.98198620277022,6.10558435462429,6.2195067641142,6.16154968777954,6.21138817490997,6.22046382468773,6.15074560219327,6.12631790010647,..
Lebanon,LBN,"Unemployment, total (% of total labor force)",SL.UEM.TOTL.ZS,..,8.39999961853027,8.39999961853027,8,7.90000009536743,8.10000038146973,8.39999961853027,6.19999980926514,8.30000019073486,8.60000038146973,8.89999961853027,8.19999980926514,8.19999980926514,8.5,7.90000009536743,8.19999980926514,8.39999961853027,9,7.19999980926514,6.19999980926514,6.19999980926514,6.19999980926514,6.19999980926514,6.19999980926514,6.40000009536743,..
Lesotho,LSO,"Unemployment, total (% of total labor force)",SL.UEM.TOTL.ZS,..,34.9000015258789,36.7000007629395,38.5999984741211,26.7000007629395,32.5999984741211,28.6000003814697,39.2999992370605,33.4000015258789,27.2999992370605,26.6000003814697,36.9000015258789,33,38.5999984741211,36,36.4000015258789,32.5,26.3999996185303,25.2999992370605,28.5,28.2999992370605,30.2000007629395,27.2000007629395,24.6000003814697,26.2000007629395,..
Liberia,LBR,"Unemployment, total (% of total labor force)",SL.UEM.TOTL.ZS,..,3.79999995231628,3.79999995231628,3.70000004768372,3.79999995231628,3.90000009536743,4.09999990463257,4.09999990463257,4.19999980926514,4.19999980926514,4.19999980926514,4.19999980926514,4.19999980926514,4.09999990463257,4,4.90000009536743,4.09999990463257,5.59999990463257,5.09999990463257,4.59999990463257,3.70000004768372,3.70000004768372,3.70000004768372,3.70000004768372,3.79999995231628,..
Libya,LBY,"Unemployment, total (% of total labor force)",SL.UEM.TOTL.ZS,..,18.7999992370605,18.7999992370605,18.8999996185303,19,19,19.2999992370605,19.3999996185303,19.6000003814697,19.7000007629395,19.7000007629395,19.7000007629395,19.7000007629395,19.7000007629395,19.6000003814697,19.5,19.2999992370605,19.1000003814697,18.7999992370605,18.6000003814697,18.5,17.7000007629395,19.2000007629395,19.2000007629395,19.2000007629395,..
Liechtenstein,LIE,"Unemployment, total (% of total labor force)",SL.UEM.TOTL.ZS,..,..,..,..,..,..,..,..,..,..,..,..,..,..,..,..,..,..,..,..,..,..,..,..,..,..
Lithuania,LTU,"Unemployment, total (% of total labor force)",SL.UEM.TOTL.ZS,..,15.6999998092651,9.80000019073486,12.8000001907349,17.3999996185303,17.1000003814697,15.6000003814697,14.1000003814697,13.6999998092651,13.3999996185303,15.8999996185303,16.7999992370605,13,12.8999996185303,11.3000001907349,8.30000019073486,5.59999990463257,4.30000019073486,5.80000019073486,13.6999998092651,17.7999992370605,15.3000001907349,13.1999998092651,11.8000001907349,11.3000001907349,..
Low & middle income,LMY,"Unemployment, total (% of total labor force)",SL.UEM.TOTL.ZS,..,6.13411403454681,5.48076239978295,5.6428784596144,5.59395593546503,5.78306040056233,5.87514762834915,5.99752981296137,6.21150962795708,6.37076520886078,6.30288435367656,6.31548266244449,6.35819034446499,6.28834709005344,6.16009274058028,6.03852890468077,5.83919026196995,5.44734867715598,5.64306643506363,5.86576878562764,5.63478045930369,5.56761451699335,5.54711094253316,5.57448671895358,5.63612139168657,..
Low income,LIC,"Unemployment, total (% of total labor force)",SL.UEM.TOTL.ZS,..,6.02040168027984,6.0260801462735,5.93643629439123,6.19654169421011,6.45576151123007,6.34512620639891,6.41899176400181,6.5082328909293,6.44326554473852,6.48967408136292,6.40901227916596,6.12859410181091,6.0561007130711,5.87513920777379,5.78642973530996,6.0964141582025,5.84343543301836,5.9963325172452,6.03717130344493,6.00321567013134,6.06919295991658,6.10046203016943,5.98345752984665,5.9837571894374,..
Lower middle income,LMC,"Unemployment, total (% of total labor force)",SL.UEM.TOTL.ZS,..,5.66927563202995,5.20121861735308,5.48168310820919,5.13972019649023,5.1046402222141,5.17562438502093,5.41797939554141,5.50426187374823,5.74903134303969,5.82859518965328,5.96088182032982,6.17416383118887,6.0611180855388,6.0748032752203,6.18306381320828,5.94125158265895,5.42198647659932,5.54024225093553,5.52814045491884,5.2530073443997,5.25426910543802,5.20650173047192,5.2341556501664,5.25426869954446,..
Luxembourg,LUX,"Unemployment, total (% of total labor force)",SL.UEM.TOTL.ZS,..,1.5,2,2.29999995231628,3.5,2.90000009536743,3.29999995231628,2.5,2.79999995231628,2.40000009536743,2.29999995231628,1.79999995231628,2.59999990463257,3.70000004768372,5.09999990463257,4.5,4.69999980926514,4.09999990463257,5.09999990463257,5.09999990463257,4.40000009536743,4.90000009536743,5.09999990463257,5.90000009536743,6.09999990463257,..
"Macao SAR, China",MAC,"Unemployment, total (% of total labor force)",SL.UEM.TOTL.ZS,..,3,2.29999995231628,2,2.40000009536743,3.59999990463257,4.19999980926514,3.09999990463257,4.5,6.30000019073486,6.69999980926514,6.5,6.40000009536743,6.09999990463257,4.90000009536743,4.19999980926514,3.70000004768372,3,3,3.5,2.79999995231628,2.59999990463257,2,1.79999995231628,1.5,..
"Macedonia, FYR",MKD,"Unemployment, total (% of total labor force)",SL.UEM.TOTL.ZS,..,30.2000007629395,30,29.5,31.6000003814697,31.8999996185303,34,36,34.5,32.4000015258789,32.2000007629395,30.5,31.8999996185303,36.7000007629395,37.2000007629395,37.2999992370605,36,34.9000015258789,33.7999992370605,32.2000007629395,32,31.3999996185303,31,29,27.8999996185303,..
Madagascar,MDG,"Unemployment, total (% of total labor force)",SL.UEM.TOTL.ZS,..,2.90000009536743,3.20000004768372,3,3.59999990463257,3.09999990463257,3,2.70000004768372,2.59999990463257,2.59999990463257,2.59999990463257,4,4.40000009536743,5,3.79999995231628,2.59999990463257,3.90000009536743,4.09999990463257,4.30000019073486,4.80000019073486,3.59999990463257,3.59999990463257,3.59999990463257,3.59999990463257,3.59999990463257,..
Malawi,MWI,"Unemployment, total (% of total labor force)",SL.UEM.TOTL.ZS,..,7.19999980926514,7.5,7.19999980926514,7.59999990463257,7.19999980926514,7.30000019073486,7.30000019073486,7.40000009536743,7.5,7.59999990463257,7.80000019073486,7.69999980926514,7.69999980926514,7.80000019073486,7.90000009536743,7.80000019073486,7.5,7.5,7.5,7.5,7.59999990463257,7.59999990463257,7.59999990463257,7.5,..
Malaysia,MYS,"Unemployment, total (% of total labor force)",SL.UEM.TOTL.ZS,..,3.29999995231628,3.70000004768372,4.09999990463257,3.79999995231628,3.09999990463257,2.5,2.40000009536743,3.20000004768372,3.40000009536743,3,3.5,3.5,3.59999990463257,3.5,3.5,3.29999995231628,3.20000004768372,3.29999995231628,3.70000004768372,3.40000009536743,3.09999990463257,3,3.20000004768372,2,..
Maldives,MDV,"Unemployment, total (% of total labor force)",SL.UEM.TOTL.ZS,..,10,10.1000003814697,10.1999998092651,9.69999980926514,9.80000019073486,10.1000003814697,10.3999996185303,10.5,10.3000001907349,10.8000001907349,11.5,12.1000003814697,12.8000001907349,12.6999998092651,13.5,14.3999996185303,12.6000003814697,12.6000003814697,12.1999998092651,11.6999998092651,11.6000003814697,11.6999998092651,11.3000001907349,11.6000003814697,..
Mali,MLI,"Unemployment, total (% of total labor force)",SL.UEM.TOTL.ZS,..,8.39999961853027,8.60000038146973,8.60000038146973,8.69999980926514,8.89999961853027,8.60000038146973,8.30000019073486,8.5,8.19999980926514,8.30000019073486,8.30000019073486,8.39999961853027,8.60000038146973,8.80000019073486,8.5,8.30000019073486,8.5,8.39999961853027,8.5,8.10000038146973,8.10000038146973,8.10000038146973,8.10000038146973,8.10000038146973,..
Malta,MLT,"Unemployment, total (% of total labor force)",SL.UEM.TOTL.ZS,..,6.80000019073486,6.19999980926514,7,7,7.30000019073486,7.09999990463257,7.09999990463257,6.30000019073486,7,6.30000019073486,7.09999990463257,6.90000009536743,7.5,7.30000019073486,7.30000019073486,6.90000009536743,6.5,6,6.90000009536743,6.90000009536743,6.5,6.40000009536743,6.5,5.90000009536743,..
Marshall Islands,MHL,"Unemployment, total (% of total labor force)",SL.UEM.TOTL.ZS,..,..,..,..,..,..,..,..,..,..,..,..,..,..,..,..,..,..,..,..,..,..,..,..,..,..
Mauritania,MRT,"Unemployment, total (% of total labor force)",SL.UEM.TOTL.ZS,..,31.8999996185303,32,32,32.0999984741211,32.2000007629395,32.2000007629395,32.2999992370605,32.2999992370605,32.2999992370605,32.4000015258789,32.4000015258789,32.4000015258789,32.5,32.5,32.0999984741211,31.7999992370605,31.3999996185303,31.2000007629395,31.1000003814697,31.1000003814697,31.1000003814697,31.1000003814697,31.1000003814697,31,..
Mauritius,MUS,"Unemployment, total (% of total labor force)",SL.UEM.TOTL.ZS,..,9.5,9.39999961853027,9.30000019073486,9.19999980926514,9.39999961853027,8.80000019073486,8.30000019073486,8.60000038146973,9,7.80000019073486,6.80000019073486,7.19999980926514,7.69999980926514,8.5,9.60000038146973,9.10000038146973,8.5,7.19999980926514,7.30000019073486,7.69999980926514,7.90000009536743,8.69999980926514,8,7.69999980926514,..
Mexico,MEX,"Unemployment, total (% of total labor force)",SL.UEM.TOTL.ZS,..,3,3.09999990463257,3.20000004768372,4.19999980926514,6.90000009536743,5.19999980926514,4.09999990463257,3.59999990463257,2.5,2.59999990463257,2.5,2.90000009536743,3,3.70000004768372,3.5,3.20000004768372,3.40000009536743,3.5,5.19999980926514,5.19999980926514,5.30000019073486,4.90000009536743,4.90000009536743,4.90000009536743,..
"Micronesia, Fed. Sts.",FSM,"Unemployment, total (% of total labor force)",SL.UEM.TOTL.ZS,..,..,..,..,..,..,..,..,..,..,..,..,..,..,..,..,..,..,..,..,..,..,..,..,..,..
Middle East & North Africa,MEA,"Unemployment, total (% of total labor force)",SL.UEM.TOTL.ZS,..,12.0080661798045,12.5616969123571,12.7377308477789,12.9005313415252,13.138272548303,13.2255681120488,12.5018430141202,12.7948314923589,11.9751326229881,12.9372653751444,12.931403669918,12.9887000538026,13.3119843499169,12.2993903413167,11.7857206468887,10.9435816451669,10.3335125083619,9.92499780094048,10.0986299302209,10.3838772749643,11.2162294035335,11.3002324903469,11.203118881701,11.2629719393629,..
Middle East & North Africa (excluding high income),MNA,"Unemployment, total (% of total labor force)",SL.UEM.TOTL.ZS,..,12.9411604616314,13.4930186940141,13.7404824718366,14.1042415354391,14.5082517606393,14.5493411283772,13.6494455230317,13.933459484548,13.1169239498622,14.2452902906833,14.2235496475392,14.2350139299091,14.5704830609359,13.4061763025518,12.8836196860007,11.9560758160106,11.373024893186,11.0330996389495,11.2208122545306,11.6461830149317,12.670230145799,12.8118858065101,12.7643273100093,12.884020055839,..
Middle income,MIC,"Unemployment, total (% of total labor force)",SL.UEM.TOTL.ZS,..,6.14298177702996,5.43782614770006,5.61950555679592,5.54547439494363,5.72837240857091,5.83669210416461,5.96275284618707,6.18677115349918,6.36468708476859,6.28700247627583,6.30743339274341,6.37821207942194,6.30884489050093,6.18553381506234,6.0612964938997,5.81555029787979,5.41030749675733,5.60941211592375,5.84912019191685,5.59823255845205,5.51709537610361,5.49037439415647,5.53189768872597,5.59928752195828,..
Moldova,MDA,"Unemployment, total (% of total labor force)",SL.UEM.TOTL.ZS,..,7.59999990463257,6.90000009536743,6.30000019073486,6.5,6.59999990463257,6.5,3.29999995231628,5.59999990463257,11.1000003814697,8.5,7.30000019073486,6.80000019073486,7.90000009536743,8.10000038146973,7.30000019073486,7.40000009536743,5.09999990463257,4,6.40000009536743,7.40000009536743,6.69999980926514,5.59999990463257,5.09999990463257,3.40000009536743,..
Monaco,MCO,"Unemployment, total (% of total labor force)",SL.UEM.TOTL.ZS,..,..,..,..,..,..,..,..,..,..,..,..,..,..,..,..,..,..,..,..,..,..,..,..,..,..
Mongolia,MNG,"Unemployment, total (% of total labor force)",SL.UEM.TOTL.ZS,..,5.90000009536743,5.90000009536743,6.09999990463257,6.30000019073486,7.30000019073486,6.19999980926514,6.30000019073486,6.19999980926514,6.19999980926514,6.09999990463257,6.09999990463257,6.19999980926514,6.80000019073486,7.09999990463257,6.90000009536743,5.90000009536743,7.19999980926514,5.59999990463257,5.90000009536743,6.5,4.80000019073486,5,5,4.80000019073486,..
Montenegro,MNE,"Unemployment, total (% of total labor force)",SL.UEM.TOTL.ZS,..,18.6000003814697,19.2999992370605,20.1000003814697,21.5,19.5,19.8999996185303,21,20.3999996185303,21.2000007629395,19.7000007629395,21,21,21.1000003814697,19.2999992370605,19.5,18.2000007629395,19.3999996185303,16.7999992370605,19.1000003814697,19.7000007629395,19.7000007629395,19.6000003814697,19.5,19.1000003814697,..
Morocco,MAR,"Unemployment, total (% of total labor force)",SL.UEM.TOTL.ZS,..,12.5,13,13.5,14,14.6999998092651,15.3000001907349,15.8999996185303,16.6000003814697,13.8999996185303,13.6000003814697,12.5,11.6000003814697,11.8999996185303,10.8000001907349,11,9.69999980926514,9.80000019073486,9.60000038146973,9.10000038146973,9.10000038146973,8.89999961853027,9,9.19999980926514,10.1999998092651,..
Mozambique,MOZ,"Unemployment, total (% of total labor force)",SL.UEM.TOTL.ZS,..,23.8999996185303,24.3999996185303,23.7000007629395,23.7999992370605,23.8999996185303,23.2999992370605,23.3999996185303,23.2000007629395,23.2000007629395,23.2999992370605,22.7999992370605,22.7999992370605,22.7000007629395,22.7000007629395,22.6000003814697,22.6000003814697,22.6000003814697,22.6000003814697,22.6000003814697,22.6000003814697,22.6000003814697,22.6000003814697,22.5,22.6000003814697,..
Myanmar,MMR,"Unemployment, total (% of total labor force)",SL.UEM.TOTL.ZS,..,3.90000009536743,3.79999995231628,3.79999995231628,3.79999995231628,3.79999995231628,3.79999995231628,3.79999995231628,4,3.59999990463257,3.5,3.5,3.5,3.40000009536743,3.40000009536743,3.40000009536743,3.40000009536743,3.29999995231628,3.5,3.5,3.40000009536743,3.40000009536743,3.29999995231628,3.29999995231628,3.29999995231628,..
Namibia,NAM,"Unemployment, total (% of total labor force)",SL.UEM.TOTL.ZS,..,19,19,19.1000003814697,19.3999996185303,19.5,19.5,19.5,19.6000003814697,19.7999992370605,20.2999992370605,21.5,19.1000003814697,18.7999992370605,21.8999996185303,20.2000007629395,21.7000007629395,19.3999996185303,37.5999984741211,29.7000007629395,22.1000003814697,19.7999992370605,16.7000007629395,19,18.6000003814697,..
Nauru,NRU,"Unemployment, total (% of total labor force)",SL.UEM.TOTL.ZS,..,..,..,..,..,..,..,..,..,..,..,..,..,..,..,..,..,..,..,..,..,..,..,..,..,..
Nepal,NPL,"Unemployment, total (% of total labor force)",SL.UEM.TOTL.ZS,..,2.20000004768372,2.09999990463257,2.20000004768372,2.29999995231628,2.5,4.5,3.79999995231628,3.09999990463257,1.79999995231628,2.40000009536743,3.5,2.70000004768372,2,2,2.29999995231628,2.29999995231628,2.29999995231628,2.70000004768372,2.70000004768372,2.70000004768372,2.70000004768372,2.70000004768372,2.70000004768372,2.70000004768372,..
Netherlands,NLD,"Unemployment, total (% of total labor force)",SL.UEM.TOTL.ZS,..,7.30000019073486,5.59999990463257,6.30000019073486,7.19999980926514,7.19999980926514,6.40000009536743,5.5,4.40000009536743,3.59999990463257,2.70000004768372,2.09999990463257,2.59999990463257,3.59999990463257,4.59999990463257,4.69999980926514,3.90000009536743,3.20000004768372,2.79999995231628,3.40000009536743,4.5,4.40000009536743,5.30000019073486,6.69999980926514,6.90000009536743,..
New Caledonia,NCL,"Unemployment, total (% of total labor force)",SL.UEM.TOTL.ZS,..,..,..,..,..,..,..,..,..,..,..,..,..,..,..,..,..,..,..,..,..,..,..,..,..,..
New Zealand,NZL,"Unemployment, total (% of total labor force)",SL.UEM.TOTL.ZS,..,10.6000003814697,10.6000003814697,9.80000019073486,8.39999961853027,6.5,6.30000019073486,6.80000019073486,7.69999980926514,7,6.19999980926514,5.40000009536743,5.30000019073486,4.80000019073486,4,3.79999995231628,3.90000009536743,3.70000004768372,4.19999980926514,6.09999990463257,6.5,6.5,6.90000009536743,6.19999980926514,5.59999990463257,..
Nicaragua,NIC,"Unemployment, total (% of total labor force)",SL.UEM.TOTL.ZS,..,4.69999980926514,4.69999980926514,4.69999980926514,4.09999990463257,4.90000009536743,4.40000009536743,4,4.59999990463257,5.09999990463257,6.19999980926514,5.90000009536743,5.59999990463257,8,6.69999980926514,5.59999990463257,5.30000019073486,5,6.19999980926514,7,8,7.80000019073486,7.09999990463257,5.30000019073486,5.30000019073486,..
Niger,NER,"Unemployment, total (% of total labor force)",SL.UEM.TOTL.ZS,..,5.09999990463257,5.09999990463257,5.09999990463257,5.09999990463257,5.09999990463257,5.09999990463257,5.09999990463257,5.09999990463257,5,5,5,5,5,5,5.09999990463257,5.09999990463257,5.09999990463257,5.09999990463257,5.09999990463257,5.09999990463257,5.09999990463257,5.09999990463257,5.09999990463257,5.09999990463257,..
Nigeria,NGA,"Unemployment, total (% of total labor force)",SL.UEM.TOTL.ZS,..,7.40000009536743,7.40000009536743,7.40000009536743,7.40000009536743,7.5,7.5,7.5,7.5,7.5,7.59999990463257,7.59999990463257,7.69999980926514,7.59999990463257,7.69999980926514,7.59999990463257,7.59999990463257,7.59999990463257,7.59999990463257,7.59999990463257,7.59999990463257,7.59999990463257,7.5,7.5,7.5,..
North America,NAC,"Unemployment, total (% of total labor force)",SL.UEM.TOTL.ZS,..,7.25085751025784,7.96483137362869,7.4441686567412,6.6198401017377,6.07636990910471,5.90404174207014,5.40359963842728,4.96490342746077,4.62691664750651,4.36812872516945,5.0400822362182,6.08354238728058,6.25568158639335,5.76707502923787,5.35580606753688,4.86609838850397,4.8364637477873,5.92109372345794,9.28345947591992,9.51784799211326,8.82769773392105,8.09199436326971,7.36735150099587,6.27637450692411,..
Northern Mariana Islands,MNP,"Unemployment, total (% of total labor force)",SL.UEM.TOTL.ZS,..,..,..,..,..,..,..,..,..,..,..,..,..,..,..,..,..,..,..,..,..,..,..,..,..,..
Norway,NOR,"Unemployment, total (% of total labor force)",SL.UEM.TOTL.ZS,..,5.40000009536743,5.90000009536743,6,5.30000019073486,4.90000009536743,4.80000019073486,3.90000009536743,3.20000004768372,3.20000004768372,3.40000009536743,3.40000009536743,3.90000009536743,4.40000009536743,4.40000009536743,4.59999990463257,3.40000009536743,2.5,2.59999990463257,3.20000004768372,3.59999990463257,3.29999995231628,3.20000004768372,3.5,3.40000009536743,..
OECD members,OED,"Unemployment, total (% of total labor force)",SL.UEM.TOTL.ZS,..,6.72680737153503,7.30743972876945,7.78251124474059,7.76190788300792,7.51151224361881,7.32377017640445,7.01657957273229,6.87781750666989,6.65874065809992,6.2553650591985,6.27295386570657,6.87967948841831,6.97971423975322,6.89699508597812,6.63246268026065,6.10945860886761,5.66968227327641,5.9735706327233,8.1809445183277,8.36035308748723,7.97518431633858,8.02171979578607,7.96348211047973,..,..
Oman,OMN,"Unemployment, total (% of total labor force)",SL.UEM.TOTL.ZS,..,7,6.69999980926514,6.5,6.40000009536743,6.5,6.69999980926514,7,7.40000009536743,7.69999980926514,8,8.10000038146973,8,7.90000009536743,7.80000019073486,7.80000019073486,7.80000019073486,7.80000019073486,7.69999980926514,7.69999980926514,7.59999990463257,7.5,7.40000009536743,7.30000019073486,7.19999980926514,..
Pakistan,PAK,"Unemployment, total (% of total labor force)",SL.UEM.TOTL.ZS,..,5.90000009536743,5.19999980926514,4.30000019073486,4.30000019073486,5,5.30000019073486,5.80000019073486,5.69999980926514,6.09999990463257,7.19999980926514,7.40000009536743,7.80000019073486,7.69999980926514,7.40000009536743,7.09999990463257,6.09999990463257,5.09999990463257,5,5.19999980926514,5.09999990463257,5.09999990463257,5.09999990463257,5.09999990463257,5.19999980926514,..
Palau,PLW,"Unemployment, total (% of total labor force)",SL.UEM.TOTL.ZS,..,..,..,..,..,..,..,..,..,..,..,..,..,..,..,..,..,..,..,..,..,..,..,..,..,..
Panama,PAN,"Unemployment, total (% of total labor force)",SL.UEM.TOTL.ZS,..,16.1000003814697,14.6999998092651,13.3000001907349,14,14,14.5,13.3999996185303,14,11.8000001907349,13.5,14,13.5,13,11.6999998092651,9.80000019073486,8.69999980926514,6.40000009536743,5.59999990463257,6.59999990463257,6.5,4.5,4,4.09999990463257,4.30000019073486,..
Papua New Guinea,PNG,"Unemployment, total (% of total labor force)",SL.UEM.TOTL.ZS,..,2.70000004768372,2.59999990463257,2.40000009536743,2.70000004768372,3,2.70000004768372,3,2.70000004768372,2.79999995231628,2.90000009536743,2.79999995231628,2.79999995231628,2.70000004768372,2.79999995231628,2.70000004768372,2.70000004768372,2.5,2.5,2.5,2.5,2.40000009536743,2.5,2.5,2.5,..
Paraguay,PRY,"Unemployment, total (% of total labor force)",SL.UEM.TOTL.ZS,..,6.5,5,7,6.19999980926514,3.40000009536743,4.40000009536743,5.30000019073486,5.30000019073486,6.59999990463257,7.59999990463257,7.59999990463257,10.6999998092651,7.90000009536743,7.40000009536743,5.80000019073486,6.69999980926514,5.59999990463257,5.59999990463257,6.5,5.69999980926514,4.30000019073486,4.90000009536743,5,4.5,..
Peru,PER,"Unemployment, total (% of total labor force)",SL.UEM.TOTL.ZS,..,6,4.90000009536743,7.09999990463257,5.40000009536743,5.5,6.5,5.30000019073486,4.90000009536743,6.30000019073486,6.40000009536743,5.09999990463257,5.69999980926514,6.09999990463257,5.19999980926514,5.19999980926514,4.59999990463257,4.5,4.5,4.40000009536743,4,3.90000009536743,3.59999990463257,4,4.19999980926514,..
Philippines,PHL,"Unemployment, total (% of total labor force)",SL.UEM.TOTL.ZS,..,9,8.60000038146973,8.89999961853027,8.39999961853027,8.39999961853027,7.40000009536743,7.90000009536743,9.39999961853027,9.39999961853027,11.1999998092651,11,11.5,11.1999998092651,11.8999996185303,7.69999980926514,8,7.40000009536743,7.30000019073486,7.5,7.30000019073486,7,7,7.09999990463257,7.09999990463257,..
Poland,POL,"Unemployment, total (% of total labor force)",SL.UEM.TOTL.ZS,..,11.3000001907349,13.3000001907349,14,14.3999996185303,13.3000001907349,12.3999996185303,11.1999998092651,10.6999998092651,12.5,16.1000003814697,18.2000007629395,19.8999996185303,19.6000003814697,19,17.7000007629395,13.8000001907349,9.60000038146973,7.09999990463257,8.19999980926514,9.60000038146973,9.60000038146973,10.1000003814697,10.3999996185303,9.19999980926514,..
Portugal,PRT,"Unemployment, total (% of total labor force)",SL.UEM.TOTL.ZS,..,3.90000009536743,3.90000009536743,5.30000019073486,6.5,6.80000019073486,6.80000019073486,6.30000019073486,4.90000009536743,4.40000009536743,3.90000009536743,4,5,6.30000019073486,6.69999980926514,7.59999990463257,7.69999980926514,8,7.59999990463257,9.5,10.8000001907349,12.6999998092651,15.6000003814697,16.5,14.1999998092651,..
Puerto Rico,PRI,"Unemployment, total (% of total labor force)",SL.UEM.TOTL.ZS,..,17.1000003814697,17.2000007629395,17.2999992370605,14.8000001907349,14.1000003814697,13.8999996185303,14.1000003814697,13.8000001907349,12.1000003814697,10.3000001907349,11.6000003814697,12.1000003814697,12,10.5,11.5,11.1999998092651,11.1000003814697,11.8000001907349,15.1000003814697,16.2000007629395,15.8000001907349,14.6000003814697,14.6999998092651,14.3000001907349,..
Qatar,QAT,"Unemployment, total (% of total labor force)",SL.UEM.TOTL.ZS,..,0.5,0.200000002980232,0.300000011920929,0.400000005960464,0.400000005960464,0.5,0.600000023841858,0.300000011920929,0.5,1,0.800000011920929,0.699999988079071,1.10000002384186,1.5,1.10000002384186,0.899999976158142,0.5,0.300000011920929,0.300000011920929,0.400000005960464,0.600000023841858,0.5,0.300000011920929,0.300000011920929,..
Romania,ROU,"Unemployment, total (% of total labor force)",SL.UEM.TOTL.ZS,..,7.80000019073486,8.60000038146973,8.39999961853027,8.19999980926514,8,6.69999980926514,5.5,5.59999990463257,6.19999980926514,7,6.59999990463257,8.10000038146973,7,7.69999980926514,7.19999980926514,7.30000019073486,6.40000009536743,5.80000019073486,6.90000009536743,7.30000019073486,7.40000009536743,7,7.30000019073486,7,..
Russian Federation,RUS,"Unemployment, total (% of total labor force)",SL.UEM.TOTL.ZS,..,12.1999998092651,5.19999980926514,5.90000009536743,8.10000038146973,9.39999961853027,9.69999980926514,11.8000001907349,13.3000001907349,13,10.6000003814697,9,7.90000009536743,8.19999980926514,7.80000019073486,7.09999990463257,7.09999990463257,6,6.19999980926514,8.30000019073486,7.30000019073486,6.5,5.5,5.5,5.09999990463257,..
Rwanda,RWA,"Unemployment, total (% of total labor force)",SL.UEM.TOTL.ZS,..,0.600000023841858,0.600000023841858,0.600000023841858,0.600000023841858,0.600000023841858,0.600000023841858,0.600000023841858,0.600000023841858,0.600000023841858,0.600000023841858,0.600000023841858,0.600000023841858,0.600000023841858,0.600000023841858,0.600000023841858,0.600000023841858,0.600000023841858,0.600000023841858,0.600000023841858,0.600000023841858,0.600000023841858,0.600000023841858,0.600000023841858,0.600000023841858,..
Samoa,WSM,"Unemployment, total (% of total labor force)",SL.UEM.TOTL.ZS,..,..,..,..,..,..,..,..,..,..,..,..,..,..,..,..,..,..,..,..,..,..,..,..,..,..
San Marino,SMR,"Unemployment, total (% of total labor force)",SL.UEM.TOTL.ZS,..,..,..,..,..,..,..,..,..,..,..,..,..,..,..,..,..,..,..,..,..,..,..,..,..,..
Sao Tome and Principe,STP,"Unemployment, total (% of total labor force)",SL.UEM.TOTL.ZS,..,..,..,..,..,..,..,..,..,..,..,..,..,..,..,..,..,..,..,..,..,..,..,..,..,..
Saudi Arabia,SAU,"Unemployment, total (% of total labor force)",SL.UEM.TOTL.ZS,..,6.59999990463257,6,5.90000009536743,4.90000009536743,5.40000009536743,6,6.19999980926514,6.40000009536743,4.30000019073486,4.59999990463257,4.59999990463257,5.19999980926514,5.90000009536743,5.90000009536743,5.90000009536743,6.30000019073486,5.69999980926514,5.09999990463257,5.40000009536743,5.40000009536743,5.80000019073486,5.59999990463257,5.69999980926514,5.59999990463257,..
Senegal,SEN,"Unemployment, total (% of total labor force)",SL.UEM.TOTL.ZS,..,10.6000003814697,8.39999961853027,8.69999980926514,9,9.30000019073486,10.5,10.3999996185303,9.10000038146973,8.89999961853027,10.3999996185303,9.69999980926514,5.69999980926514,8.69999980926514,9.10000038146973,9.19999980926514,10,8.80000019073486,9.39999961853027,9.89999961853027,9.10000038146973,10.3999996185303,10.3000001907349,10.3000001907349,10,..
Serbia,SRB,"Unemployment, total (% of total labor force)",SL.UEM.TOTL.ZS,..,12.6000003814697,14,17,22.5,13.3999996185303,13.1999998092651,13.8000001907349,13.6999998092651,13.6999998092651,12.6000003814697,12.8000001907349,13.8000001907349,15.1999998092651,18.5,20.7999992370605,20.7999992370605,18.1000003814697,13.6000003814697,16.6000003814697,19.2000007629395,23,23.8999996185303,22.1000003814697,22.2000007629395,..
Seychelles,SYC,"Unemployment, total (% of total labor force)",SL.UEM.TOTL.ZS,..,..,..,..,..,..,..,..,..,..,..,..,..,..,..,..,..,..,..,..,..,..,..,..,..,..
Sierra Leone,SLE,"Unemployment, total (% of total labor force)",SL.UEM.TOTL.ZS,..,3.40000009536743,3.40000009536743,3.40000009536743,3.40000009536743,3.40000009536743,3.40000009536743,3.40000009536743,3.40000009536743,3.40000009536743,3.29999995231628,3.29999995231628,3.29999995231628,3.40000009536743,3.40000009536743,3.40000009536743,3.40000009536743,3.40000009536743,3.40000009536743,3.40000009536743,3.40000009536743,3.40000009536743,3.40000009536743,3.40000009536743,3.29999995231628,..
Singapore,SGP,"Unemployment, total (% of total labor force)",SL.UEM.TOTL.ZS,..,2.90000009536743,2.20000004768372,2.09999990463257,2.20000004768372,2.20000004768372,2.20000004768372,2,3.5,3.79999995231628,3.70000004768372,3.70000004768372,4.80000019073486,5.19999980926514,4.40000009536743,4.09999990463257,3.59999990463257,3,3.20000004768372,4.30000019073486,3.09999990463257,2.90000009536743,2.79999995231628,2.79999995231628,3,..
Sint Maarten (Dutch part),SXM,"Unemployment, total (% of total labor force)",SL.UEM.TOTL.ZS,..,..,..,..,..,..,..,..,..,..,..,..,..,..,..,..,..,..,..,..,..,..,..,..,..,..
Slovak Republic,SVK,"Unemployment, total (% of total labor force)",SL.UEM.TOTL.ZS,..,10.8000001907349,11.1000003814697,12.1999998092651,13.6999998092651,13.1000003814697,11.3000001907349,11.8999996185303,12.6000003814697,16.3999996185303,18.7999992370605,19.2999992370605,18.6000003814697,17.5,18.1000003814697,16.2000007629395,13.3000001907349,11,9.60000038146973,12.1000003814697,14.3999996185303,13.5,13.8999996185303,14.1999998092651,13.3000001907349,..
Slovenia,SVN,"Unemployment, total (% of total labor force)",SL.UEM.TOTL.ZS,..,5.40000009536743,4.90000009536743,8.69999980926514,8.19999980926514,7.19999980926514,6.90000009536743,6.59999990463257,7.40000009536743,7.30000019073486,6.90000009536743,5.69999980926514,6.30000019073486,6.69999980926514,6.30000019073486,6.5,6,4.80000019073486,4.40000009536743,5.90000009536743,7.19999980926514,8.19999980926514,8.80000019073486,10.1999998092651,9.5,..
Solomon Islands,SLB,"Unemployment, total (% of total labor force)",SL.UEM.TOTL.ZS,..,4,3.79999995231628,4.09999990463257,4,4,4.19999980926514,4.30000019073486,4.19999980926514,4.19999980926514,4.69999980926514,4.40000009536743,4.19999980926514,3.90000009536743,3.79999995231628,3.59999990463257,3.79999995231628,3.79999995231628,3.70000004768372,4.09999990463257,3.70000004768372,3.59999990463257,3.79999995231628,3.79999995231628,3.90000009536743,..
Somalia,SOM,"Unemployment, total (% of total labor force)",SL.UEM.TOTL.ZS,..,6.90000009536743,6.90000009536743,6.90000009536743,6.90000009536743,6.90000009536743,6.80000019073486,6.80000019073486,6.90000009536743,6.90000009536743,6.90000009536743,6.80000019073486,6.90000009536743,6.90000009536743,6.90000009536743,6.90000009536743,6.90000009536743,6.90000009536743,6.90000009536743,6.90000009536743,6.90000009536743,6.90000009536743,6.90000009536743,6.90000009536743,6.90000009536743,..
South Africa,ZAF,"Unemployment, total (% of total labor force)",SL.UEM.TOTL.ZS,..,24.5,23.7000007629395,25.2999992370605,20,16.8999996185303,21,22.8999996185303,25,25.3999996185303,26.7000007629395,25.3999996185303,27.2000007629395,27.1000003814697,24.7000007629395,23.7999992370605,22.6000003814697,22.2999992370605,22.7000007629395,23.7000007629395,24.7000007629395,24.7000007629395,25,24.6000003814697,25.1000003814697,..
South Asia,SAS,"Unemployment, total (% of total labor force)",SL.UEM.TOTL.ZS,..,4.49895425642084,4.31678753292775,4.31316591150426,3.81920965899831,4.08050381790945,4.09037826752691,4.30183026040659,4.14006501233812,4.43247499845118,4.45988197653577,4.28479399086371,4.54017856039127,4.30315534337072,4.31017860188782,4.65000295764422,4.47667205620961,3.93859181254715,4.24984995371996,4.18990867728126,3.82373945776303,3.82125979342226,3.89254620703398,3.90867761218212,3.89877071797586,..
South Sudan,SSD,"Unemployment, total (% of total labor force)",SL.UEM.TOTL.ZS,..,..,..,..,..,..,..,..,..,..,..,..,..,..,..,..,..,..,..,..,..,..,..,..,..,..
Spain,ESP,"Unemployment, total (% of total labor force)",SL.UEM.TOTL.ZS,..,16.3999996185303,18.3999996185303,22.7999992370605,24.2999992370605,23.1000003814697,22.5,21.1000003814697,19,15.8999996185303,14.1999998092651,10.6999998092651,11.6000003814697,11.5,11.1999998092651,9.30000019073486,8.60000038146973,8.39999961853027,11.5,18.1000003814697,20.2000007629395,21.7000007629395,25.2000007629395,26.2999992370605,24.7000007629395,..
Sri Lanka,LKA,"Unemployment, total (% of total labor force)",SL.UEM.TOTL.ZS,..,14.6999998092651,14.1999998092651,13.6999998092651,13,12.1999998092651,11.3000001907349,10.6000003814697,9.10000038146973,8.89999961853027,7.69999980926514,7.90000009536743,8.80000019073486,8.19999980926514,8.39999961853027,7.69999980926514,6.5,6,5.19999980926514,5.90000009536743,4.90000009536743,4.19999980926514,4,4.40000009536743,4.59999990463257,..
St. Kitts and Nevis,KNA,"Unemployment, total (% of total labor force)",SL.UEM.TOTL.ZS,..,..,..,..,..,..,..,..,..,..,..,..,..,..,..,..,..,..,..,..,..,..,..,..,..,..
St. Lucia,LCA,"Unemployment, total (% of total labor force)",SL.UEM.TOTL.ZS,..,..,..,..,..,..,..,..,..,..,..,..,..,..,..,..,..,..,..,..,..,..,..,..,..,..
St. Martin (French part),MAF,"Unemployment, total (% of total labor force)",SL.UEM.TOTL.ZS,..,..,..,..,..,..,..,..,..,..,..,..,..,..,..,..,..,..,..,..,..,..,..,..,..,..
St. Vincent and the Grenadines,VCT,"Unemployment, total (% of total labor force)",SL.UEM.TOTL.ZS,..,..,..,..,..,..,..,..,..,..,..,..,..,..,..,..,..,..,..,..,..,..,..,..,..,..
Sub-Saharan Africa,SSF,"Unemployment, total (% of total labor force)",SL.UEM.TOTL.ZS,..,8.71654309505651,8.60384711237914,8.80160071394329,8.44779101251449,8.33452645506835,8.52387557611418,8.69146132710672,8.86005291554161,9.01243345256635,9.11331995228114,8.96674754521914,8.84859272189007,8.7404388706216,8.36099368109515,8.11414306626242,8.21629187986037,7.94435188395324,8.14805872027761,8.09924062085514,8.10270303155631,8.11830883837903,8.09193035560965,7.91228155490581,7.9700899092069,..
Sub-Saharan Africa (excluding high income),SSA,"Unemployment, total (% of total labor force)",SL.UEM.TOTL.ZS,..,8.71654309505651,8.60384711237915,8.80160071394329,8.44779101251449,8.33452645506835,8.52387557611418,8.69146132710672,8.86005291554161,9.01243345256635,9.11331995228114,8.96674754521914,8.84859272189007,8.7404388706216,8.36099368109515,8.11414306626242,8.21629187986037,7.94435188395324,8.14805872027761,8.09924062085514,8.10270303155631,8.11830883837903,8.09193035560965,7.91228155490581,7.9700899092069,..
Sudan,SDN,"Unemployment, total (% of total labor force)",SL.UEM.TOTL.ZS,..,15.1000003814697,14.8999996185303,15,14.8999996185303,14.8999996185303,14.8999996185303,15.3000001907349,15,15,15,14.8000001907349,14.8000001907349,14.8000001907349,14.8000001907349,14.6999998092651,14.8000001907349,14.6999998092651,14.8000001907349,14.6000003814697,14.6000003814697,14.6000003814697,14.6000003814697,14.6000003814697,14.8000001907349,..
Suriname,SUR,"Unemployment, total (% of total labor force)",SL.UEM.TOTL.ZS,..,10.6000003814697,17.2999992370605,14.6999998092651,12.6999998092651,8.39999961853027,10.8999996185303,10.5,10.6000003814697,13.8000001907349,14.8000001907349,6.19999980926514,7,14.8999996185303,9.80000019073486,6.30000019073486,10.3999996185303,6.5,5.80000019073486,9,7.59999990463257,6.90000009536743,6.30000019073486,4.80000019073486,5.59999990463257,..
Swaziland,SWZ,"Unemployment, total (% of total labor force)",SL.UEM.TOTL.ZS,..,22.8999996185303,22.7000007629395,22.6000003814697,22.5,21.7000007629395,22,22.5,22.6000003814697,22.6000003814697,22.7000007629395,22.7999992370605,22.7999992370605,22.7999992370605,22.8999996185303,22.8999996185303,22.8999996185303,23,23,22.8999996185303,22.7999992370605,22.7000007629395,22.5,22.2999992370605,22.2999992370605,..
Sweden,SWE,"Unemployment, total (% of total labor force)",SL.UEM.TOTL.ZS,..,3.29999995231628,5.80000019073486,9.5,9.80000019073486,9.30000019073486,10.1000003814697,10.1999998092651,8.5,7.30000019073486,5.90000009536743,5.09999990463257,5.30000019073486,5.90000009536743,6.59999990463257,7.80000019073486,7.09999990463257,6.19999980926514,6.30000019073486,8.39999961853027,8.69999980926514,7.80000019073486,8.10000038146973,8.10000038146973,8,..
Switzerland,CHE,"Unemployment, total (% of total labor force)",SL.UEM.TOTL.ZS,..,1.70000004768372,2.79999995231628,3.70000004768372,3.79999995231628,3.29999995231628,3.70000004768372,4.09999990463257,3.59999990463257,3.09999990463257,2.70000004768372,2.5,2.90000009536743,4.09999990463257,4.30000019073486,4.40000009536743,4,3.59999990463257,3.40000009536743,4.09999990463257,4.5,4,4.19999980926514,4.40000009536743,4.5,..
Syrian Arab Republic,SYR,"Unemployment, total (% of total labor force)",SL.UEM.TOTL.ZS,..,9.39999961853027,9.60000038146973,7.40000009536743,7.40000009536743,7.19999980926514,9.5,9.5,7.19999980926514,7.59999990463257,9.5,11.6000003814697,11.6999998092651,10.3000001907349,9.80000019073486,9.19999980926514,8.19999980926514,8.39999961853027,10.8999996185303,8.10000038146973,8.39999961853027,11.5,11.3999996185303,11.3000001907349,10.8000001907349,..
Tajikistan,TJK,"Unemployment, total (% of total labor force)",SL.UEM.TOTL.ZS,..,11.6999998092651,11.6000003814697,11.6999998092651,11.3000001907349,11.6999998092651,11.1999998092651,11.3000001907349,11.6999998092651,11.8999996185303,11.8999996185303,12,12.3999996185303,12.1999998092651,12.1000003814697,11.8000001907349,11.8000001907349,11.6999998092651,11.3000001907349,11.5,11.6000003814697,11.3999996185303,11.1000003814697,11.1999998092651,10.8999996185303,..
Tanzania,TZA,"Unemployment, total (% of total labor force)",SL.UEM.TOTL.ZS,..,3.59999990463257,3.5,3.70000004768372,3.79999995231628,4.69999980926514,5,4.59999990463257,4.80000019073486,4.59999990463257,5.09999990463257,5.09999990463257,3.59999990463257,3.5,3,2.5,4.30000019073486,2,2.5,2.5,3,3.5,3.20000004768372,2.90000009536743,3.09999990463257,..
Thailand,THA,"Unemployment, total (% of total labor force)",SL.UEM.TOTL.ZS,..,2.70000004768372,1.39999997615814,1.5,1.29999995231628,1.20000004768372,1.10000002384186,0.899999976158142,3.40000009536743,3,2.40000009536743,2.59999990463257,1.79999995231628,1.5,1.5,1.29999995231628,1.20000004768372,1.20000004768372,1.20000004768372,1.5,1,0.699999988079071,0.699999988079071,0.699999988079071,0.899999976158142,..
Timor-Leste,TLS,"Unemployment, total (% of total labor force)",SL.UEM.TOTL.ZS,..,7.5,7.30000019073486,7.09999990463257,6.90000009536743,6.80000019073486,6.69999980926514,6.69999980926514,7.19999980926514,6.69999980926514,6.5,9.89999961853027,9.19999980926514,8.5,7.90000009536743,7.19999980926514,6.5,6.69999980926514,5.90000009536743,5.19999980926514,3.90000009536743,3.70000004768372,4.09999990463257,4.30000019073486,4.69999980926514,..
Togo,TGO,"Unemployment, total (% of total labor force)",SL.UEM.TOTL.ZS,..,7.09999990463257,7.19999980926514,7.40000009536743,7,7.09999990463257,7.09999990463257,7.09999990463257,7.19999980926514,7.19999980926514,7.19999980926514,7.19999980926514,7.19999980926514,7.09999990463257,7.09999990463257,7.09999990463257,7.09999990463257,7.09999990463257,7.09999990463257,7,7,7,7,6.90000009536743,6.90000009536743,..
Tonga,TON,"Unemployment, total (% of total labor force)",SL.UEM.TOTL.ZS,..,..,..,..,..,..,..,..,..,..,..,..,..,..,..,..,..,..,..,..,..,..,..,..,..,..
Trinidad and Tobago,TTO,"Unemployment, total (% of total labor force)",SL.UEM.TOTL.ZS,..,18.5,19.6000003814697,19.7999992370605,18.3999996185303,17.2000007629395,16.2999992370605,15,14.1999998092651,13.1000003814697,12.1000003814697,10.8000001907349,10.3999996185303,10.5,8.30000019073486,8,6.30000019073486,5.5,4.59999990463257,5.30000019073486,5.90000009536743,4.69999980926514,5,3.59999990463257,4,..
Tunisia,TUN,"Unemployment, total (% of total labor force)",SL.UEM.TOTL.ZS,..,16.7999992370605,15.6999998092651,14.6999998092651,15.3999996185303,14.5,15.1999998092651,15.8999996185303,17.2999992370605,16,15.6999998092651,15.1000003814697,15.3000001907349,14.5,13.8999996185303,14.1999998092651,12.5,12.3999996185303,12.3999996185303,13.3000001907349,13,18.2999992370605,14,13.3000001907349,13.3000001907349,..
Turkey,TUR,"Unemployment, total (% of total labor force)",SL.UEM.TOTL.ZS,..,8.19999980926514,8.5,9,8.60000038146973,7.59999990463257,6.59999990463257,6.80000019073486,6.90000009536743,7.69999980926514,6.5,8.39999961853027,10.3999996185303,10.5,10.8000001907349,10.6000003814697,10.1999998092651,10.3000001907349,11,14,11.8999996185303,9.80000019073486,9.19999980926514,8.69999980926514,9.19999980926514,..
Turkmenistan,TKM,"Unemployment, total (% of total labor force)",SL.UEM.TOTL.ZS,..,11,10.8999996185303,10.8999996185303,10.8999996185303,10.8999996185303,10.5,10.3000001907349,10.8999996185303,11.1999998092651,11.1999998092651,11.3000001907349,11.1000003814697,11.1999998092651,11.1000003814697,11.1000003814697,11,11,11.1000003814697,10.8000001907349,10.8999996185303,11,10.8000001907349,10.6999998092651,10.5,..
Turks and Caicos Islands,TCA,"Unemployment, total (% of total labor force)",SL.UEM.TOTL.ZS,..,..,..,..,..,..,..,..,..,..,..,..,..,..,..,..,..,..,..,..,..,..,..,..,..,..
Tuvalu,TUV,"Unemployment, total (% of total labor force)",SL.UEM.TOTL.ZS,..,..,..,..,..,..,..,..,..,..,..,..,..,..,..,..,..,..,..,..,..,..,..,..,..,..
Uganda,UGA,"Unemployment, total (% of total labor force)",SL.UEM.TOTL.ZS,..,3,2.90000009536743,2.70000004768372,3.20000004768372,2.70000004768372,2.20000004768372,2.79999995231628,2.79999995231628,2.79999995231628,2.79999995231628,2.40000009536743,3.5,3.20000004768372,2.5,2,3.59999990463257,3,3.59999990463257,4.19999980926514,4.19999980926514,4.19999980926514,4.19999980926514,4.19999980926514,3.79999995231628,..
Ukraine,UKR,"Unemployment, total (% of total labor force)",SL.UEM.TOTL.ZS,..,6.80000019073486,7.5,8.69999980926514,7,5.59999990463257,7.59999990463257,8.89999961853027,11.3000001907349,11.6000003814697,11.6000003814697,10.8999996185303,9.60000038146973,9.10000038146973,8.60000038146973,7.19999980926514,6.80000019073486,6.40000009536743,6.40000009536743,8.80000019073486,8.10000038146973,7.90000009536743,7.5,7.19999980926514,7.69999980926514,..
United Arab Emirates,ARE,"Unemployment, total (% of total labor force)",SL.UEM.TOTL.ZS,..,3,3,3.09999990463257,2,1.79999995231628,2.59999990463257,2.5,3.09999990463257,3.09999990463257,2.29999995231628,3.20000004768372,3.20000004768372,2.70000004768372,3.09999990463257,3.09999990463257,3.29999995231628,3.40000009536743,4,4.19999980926514,4.19999980926514,4.09999990463257,4,3.79999995231628,3.59999990463257,..
United Kingdom,GBR,"Unemployment, total (% of total labor force)",SL.UEM.TOTL.ZS,..,8.5,9.89999961853027,10.5,9.80000019073486,8.69999980926514,8.30000019073486,7.19999980926514,6.19999980926514,6,5.59999990463257,4.80000019073486,5.19999980926514,4.90000009536743,4.69999980926514,4.80000019073486,5.5,5.40000009536743,5.40000009536743,7.80000019073486,7.90000009536743,7.80000019073486,8,7.5,6.30000019073486,..
United States,USA,"Unemployment, total (% of total labor force)",SL.UEM.TOTL.ZS,..,6.90000009536743,7.59999990463257,7,6.19999980926514,5.69999980926514,5.5,5,4.59999990463257,4.30000019073486,4.09999990463257,4.80000019073486,5.90000009536743,6.09999990463257,5.59999990463257,5.19999980926514,4.69999980926514,4.69999980926514,5.90000009536743,9.39999961853027,9.69999980926514,9,8.19999980926514,7.40000009536743,6.19999980926514,..
Upper middle income,UMC,"Unemployment, total (% of total labor force)",SL.UEM.TOTL.ZS,..,6.48505405015142,5.6097562457695,5.72085709056813,5.84706369024916,6.19496325889561,6.33516293697793,6.37486159117634,6.70747174496444,6.83800723580367,6.64147107350609,6.5791301375712,6.53973342119383,6.5075092636704,6.27531398372247,5.96129142064727,5.71190669507246,5.40065935762025,5.66674961650325,6.11653121119848,5.88738890293714,5.73788624979161,5.72958693390137,5.78533177228639,5.89601956720316,..
Uruguay,URY,"Unemployment, total (% of total labor force)",SL.UEM.TOTL.ZS,..,7,7.30000019073486,7.5,7.5,10.6999998092651,10.8999996185303,9.39999961853027,8.80000019073486,9.80000019073486,10.6999998092651,9.69999980926514,8.60000038146973,7.59999990463257,7.59999990463257,8.5,10.6000003814697,9.19999980926514,7.59999990463257,7.30000019073486,7.19999980926514,6.30000019073486,6.5,6.59999990463257,7,..
Uzbekistan,UZB,"Unemployment, total (% of total labor force)",SL.UEM.TOTL.ZS,..,10.8999996185303,10.8999996185303,10.8999996185303,10.8999996185303,10.8999996185303,10.8000001907349,10.8999996185303,10.8999996185303,10.8999996185303,10.8999996185303,10.8999996185303,10.8000001907349,10.8999996185303,11,10.8999996185303,11,11,11,11,10.8999996185303,10.8999996185303,10.8000001907349,10.8000001907349,10.6000003814697,..
Vanuatu,VUT,"Unemployment, total (% of total labor force)",SL.UEM.TOTL.ZS,..,..,..,..,..,..,..,..,..,..,..,..,..,..,..,..,..,..,..,..,..,..,..,..,..,..
"Venezuela, RB",VEN,"Unemployment, total (% of total labor force)",SL.UEM.TOTL.ZS,..,9.5,7.69999980926514,6.69999980926514,8.60000038146973,10.1999998092651,12.3999996185303,10.6000003814697,11,14.5,13.1999998092651,12.8000001907349,16.2000007629395,16.7999992370605,15,11.3999996185303,9.30000019073486,7.5,6.90000009536743,7.80000019073486,8.60000038146973,8.30000019073486,8.10000038146973,7.5,8.60000038146973,..
Vietnam,VNM,"Unemployment, total (% of total labor force)",SL.UEM.TOTL.ZS,..,2.5,2.70000004768372,3,2.5,2.09999990463257,1.89999997615814,2.90000009536743,2.29999995231628,2.29999995231628,2.29999995231628,2.79999995231628,2.09999990463257,2.29999995231628,2.09999990463257,2.09999990463257,2.29999995231628,2.29999995231628,2.40000009536743,2.59999990463257,2.59999990463257,2,1.79999995231628,2.20000004768372,2.29999995231628,..
Virgin Islands (U.S.),VIR,"Unemployment, total (% of total labor force)",SL.UEM.TOTL.ZS,..,..,..,..,..,..,..,..,..,..,..,..,..,..,..,..,..,..,..,..,..,..,..,..,..,..
West Bank and Gaza,PSE,"Unemployment, total (% of total labor force)",SL.UEM.TOTL.ZS,..,15.6999998092651,29.1000003814697,16.6000003814697,26.8999996185303,21.6000003814697,23.7999992370605,20.2999992370605,14.3999996185303,11.8000001907349,14.1000003814697,24.8999996185303,30.7000007629395,29.6000003814697,26.7999992370605,26,23.6000003814697,21.6000003814697,26,24.5,23.7000007629395,21,23,23.3999996185303,26.2000007629395,..
World,WLD,"Unemployment, total (% of total labor force)",SL.UEM.TOTL.ZS,..,6.29901321532418,5.88835239596257,6.11355402934268,6.0515230634961,6.12106165963567,6.18759065171808,6.23589194593071,6.39086549625135,6.48235329763071,6.35534479907825,6.35850441497243,6.4889553406105,6.44803314987224,6.31030378178656,6.15932066298237,5.89997626027573,5.48362696436572,5.6924500657396,6.25437159868707,6.11365618361414,5.99469009955319,5.99481616391903,5.99341814950671,5.93229864405431,..
"Yemen, Rep.",YEM,"Unemployment, total (% of total labor force)",SL.UEM.TOTL.ZS,..,13.8000001907349,12.5,11.1999998092651,13.5,12.8999996185303,12.3999996185303,13.6000003814697,15,13.6000003814697,16.1000003814697,14,14,14.3000001907349,14.1999998092651,16.1000003814697,15.6999998092651,15.3000001907349,15,14.6000003814697,17.7999992370605,17.6000003814697,17.7000007629395,17.7000007629395,17.3999996185303,..
Zambia,ZMB,"Unemployment, total (% of total labor force)",SL.UEM.TOTL.ZS,..,18.8999996185303,19.1000003814697,19.7000007629395,19,18.5,15.3000001907349,14.5,12,12.1999998092651,12.8999996185303,14.5,14.6999998092651,15.1999998092651,15.3000001907349,15.8999996185303,15.6000003814697,15.1999998092651,15.6000003814697,14.8000001907349,13.1999998092651,13.1999998092651,13.1000003814697,13.1000003814697,13.3000001907349,..
Zimbabwe,ZWE,"Unemployment, total (% of total labor force)",SL.UEM.TOTL.ZS,..,5.69999980926514,5.69999980926514,5.90000009536743,5,5.5,6,6.90000009536743,6.5,6,6.30000019073486,5.09999990463257,4.80000019073486,4.5,4.19999980926514,4.59999990463257,5.09999990463257,5.09999990463257,5.69999980926514,6.40000009536743,5.5,5.40000009536743,5.30000019073486,5.30000019073486,5.40000009536743,..
,,,,,,,,,,,,,,,,,,,,,,,,,,,,,
,,,,,,,,,,,,,,,,,,,,,,,,,,,,,
,,,,,,,,,,,,,,,,,,,,,,,,,,,,,
Data from database: Education Statistics - All Indicators,,,,,,,,,,,,,,,,,,,,,,,,,,,,,
Last Updated: 10/02/2017,,,,,,,,,,,,,,,,,,,,,,,,,,,,,
