,Country Name,Country Code,Series Name,Series Code,2004 [YR2004],2005 [YR2005],2006 [YR2006],2007 [YR2007],2008 [YR2008],2009 [YR2009],2010 [YR2010],2011 [YR2011],2012 [YR2012],2013 [YR2013],2014 [YR2014],
90,Netherlands,NLD,"Foreign direct investment, net inflows (BoP, current US$)",BX.KLT.DINV.CD.WD,1.39818E+11,2.09981E+11,3.75136E+11,7.3401E+11,1.95192E+11,95931335754,1.1573E+11,3.31838E+11,2.39755E+11,3.28684E+11,1.01394E+11,2.86747E+12
133,United States,USA,"Foreign direct investment, net inflows (BoP, current US$)",BX.KLT.DINV.CD.WD,2.07877E+11,1.38327E+11,2.94288E+11,3.40065E+11,3.32734E+11,1.53788E+11,2.59344E+11,2.5741E+11,2.43011E+11,2.76978E+11,2.07367E+11,2.71119E+12
14,Brazil,BRA,"Foreign direct investment, net inflows (BoP, current US$)",BX.KLT.DINV.CD.WD,18181190855,15459981604,19378093068,44579492464,50716402711,31480932200,88452079264,1.01158E+11,86606502981,69181422947,96894980842,6.22089E+11
44,Germany,DEU,"Foreign direct investment, net inflows (BoP, current US$)",BX.KLT.DINV.CD.WD,-20444719446,59855759874,87441737296,50845049519,30926055579,56668665258,86053684912,97480731020,65464274951,67407574807,16721265607,5.9842E+11
42,France,FRA,"Foreign direct investment, net inflows (BoP, current US$)",BX.KLT.DINV.CD.WD,35581202492,85179159787,78945704920,83780962091,67999194663,18380195793,38899924638,44191741840,32950453828,31589259642,-1048274594,5.1645E+11
106,Russian Federation,RUS,"Foreign direct investment, net inflows (BoP, current US$)",BX.KLT.DINV.CD.WD,15402990000,15508050000,37594770000,55873680000,74782910000,36583100000,43167780000,55083630000,50587560000,69218890000,22031320000,4.75835E+11
110,Singapore,SGP,"Foreign direct investment, net inflows (BoP, current US$)",BX.KLT.DINV.CD.WD,24390314129,18090329984,36923890241,47733209770,12200705252,23821209700,55075864345,49155975338,56236647375,64684568049,73986661931,4.62299E+11
115,Spain,ESP,"Foreign direct investment, net inflows (BoP, current US$)",BX.KLT.DINV.CD.WD,25176365229,26720350857,32989821047,73772822154,79557788103,13478740375,41020054117,31782139561,24915158981,52287690611,35775858957,4.37477E+11
58,Ireland,IRL,"Foreign direct investment, net inflows (BoP, current US$)",BX.KLT.DINV.CD.WD,-10994234313,47028464779,22080936155,59941052660,23258563614,53935264225,37763638573,23664918435,40961642315,49960134752,86765614578,4.34366E+11
6,Australia,AUS,"Foreign direct investment, net inflows (BoP, current US$)",BX.KLT.DINV.CD.WD,42907672820,-25093141435,30551100657,44440090038,45160024271,28683266148,35210733743,65554890650,57550426823,53997299140,45978797620,4.24941E+11
117,Sub-Saharan Africa,SSF,"Foreign direct investment, net inflows (BoP, current US$)",BX.KLT.DINV.CD.WD,12293344820,19596780333,16434306081,29979272159,38968346274,36372342473,30880194344,42423599639,40417030080,40957628612,46831083087,3.55154E+11
118,Sub-Saharan Africa (excluding high income),SSA,"Foreign direct investment, net inflows (BoP, current US$)",BX.KLT.DINV.CD.WD,12255329968,19516050594,16293750388,29803344528,38788520830,36204090811,30720398969,42280358974,39803821303,40900339547,46722776081,3.53289E+11
114,South Asia,SAS,"Foreign direct investment, net inflows (BoP, current US$)",BX.KLT.DINV.CD.WD,7477232653,10835965281,25539643966,32472490181,51156328359,39636706804,31562387498,40651615041,27771786000,33514678223,40312703980,3.40932E+11
82,Mexico,MEX,"Foreign direct investment, net inflows (BoP, current US$)",BX.KLT.DINV.CD.WD,24916054094,26018159827,21147598685,32457165592,29381454305,18111810084,27262839557,24706234983,21060805585,47536863557,27507943844,3.00107E+11
55,India,IND,"Foreign direct investment, net inflows (BoP, current US$)",BX.KLT.DINV.CD.WD,5429250990,7269407226,20029119267,25227740887,43406277076,35581372930,27396885034,36498654598,23995685014,28153031270,34576643694,2.87564E+11
84,Middle East & North Africa (excluding high income),MNA,"Foreign direct investment, net inflows (BoP, current US$)",BX.KLT.DINV.CD.WD,10521887306,18170935379,30379633372,33637747266,35606364313,29219598630,25932821028,16177488832,23011638880,24035321919,22769339267,2.69463E+11
60,Italy,ITA,"Foreign direct investment, net inflows (BoP, current US$)",BX.KLT.DINV.CD.WD,20086849958,36777786839,56964903121,65987320736,-9500316173,16574423268,9937474797,34443576600,34812127.56,19530574591,17028003372,2.67865E+11
123,Switzerland,CHE,"Foreign direct investment, net inflows (BoP, current US$)",BX.KLT.DINV.CD.WD,7102294153,2664910821,53760772986,48688296543,2990936685,47658570355,17670735603,20764483835,39943494322,-24926465857,20369335535,2.36687E+11
50,Heavily indebted poor countries (HIPC),HPC,"Foreign direct investment, net inflows (BoP, current US$)",BX.KLT.DINV.CD.WD,7082357643,8155846696,10331562498,16085267536,19519737733,15910902798,21044721904,29624254922,33405769368,35089444751,33179156890,2.29429E+11
108,Saudi Arabia,SAU,"Foreign direct investment, net inflows (BoP, current US$)",BX.KLT.DINV.CD.WD,-334320000,12106749694,18317596796,24333811514,39455863929,36457666667,29232706667,16308280000,12182373333,8864693333,8011786667,2.04937E+11
7,Austria,AUT,"Foreign direct investment, net inflows (BoP, current US$)",BX.KLT.DINV.CD.WD,3892054627,81287916302,10497447196,68885359636,6310797391,14293213431,-22005597161,22974390293,5219630177,451322440.3,1715068691,1.93522E+11
21,Chile,CHL,"Foreign direct investment, net inflows (BoP, current US$)",BX.KLT.DINV.CD.WD,6847694630,7525548374,7659148331,13562872054,18627398294,13966041793,16153354561,24373585096,30561690392,21092278857,24011458729,1.84381E+11
53,Hungary,HUN,"Foreign direct investment, net inflows (BoP, current US$)",BX.KLT.DINV.CD.WD,4538099567,8505362817,18678720025,70631297039,75013000490,-2967152013,-20933508134,10506179880,10618888829,-3772123439,12961326674,1.8378E+11
71,Least developed countries: UN classification,LDC,"Foreign direct investment, net inflows (BoP, current US$)",BX.KLT.DINV.CD.WD,8837274715,5807140386,9125567610,12620075894,18631755293,15134456190,15471406935,21993467896,22236565278,23343067255,29508708738,1.82709E+11
104,Poland,POL,"Foreign direct investment, net inflows (BoP, current US$)",BX.KLT.DINV.CD.WD,13868000000,11041000000,21473000000,25031000000,14574000000,14025000000,18395000000,18485000000,7358000000,795000000,19776000000,1.64821E+11
122,Sweden,SWE,"Foreign direct investment, net inflows (BoP, current US$)",BX.KLT.DINV.CD.WD,16854649894,20782686616,22052656379,46143507533,41436553996,8960871621,625102142.5,6979353755,4273531542,1543757552,-8626915507,1.61026E+11
129,Turkey,TUR,"Foreign direct investment, net inflows (BoP, current US$)",BX.KLT.DINV.CD.WD,2785000000,10031000000,20185000000,22047000000,19851000000,8585000000,9099000000,16182000000,13628000000,12896000000,12828000000,1.48117E+11
96,Norway,NOR,"Foreign direct investment, net inflows (BoP, current US$)",BX.KLT.DINV.CD.WD,4918494986,10058759830,11877923790,24806091103,20578219685,8635762892,21634265663,10296323076,26865986947,-275285355.2,6152385999,1.45549E+11
56,Indonesia,IDN,"Foreign direct investment, net inflows (BoP, current US$)",BX.KLT.DINV.CD.WD,1896082770,8336257208,4914201435,6928480000,9318453650,4877369178,15292009411,20564938227,21200778608,23281742362,25120732060,1.41731E+11
74,Low income,LIC,"Foreign direct investment, net inflows (BoP, current US$)",BX.KLT.DINV.CD.WD,3356699944,3290260974,3557619145,6655677858,8974019034,7328148924,11150675514,17258753880,19301209722,18976246646,17356104562,1.17205E+11
66,"Korea, Rep.",KOR,"Foreign direct investment, net inflows (BoP, current US$)",BX.KLT.DINV.CD.WD,13294400000,13643200000,9161900000,8826900000,11187500000,9021900000,9497400000,9773000000,9495900000,12766600000,9273600000,1.15942E+11
64,Kazakhstan,KAZ,"Foreign direct investment, net inflows (BoP, current US$)",BX.KLT.DINV.CD.WD,5615262947,2546065710,7611168450,11972842989,16818890680,14275888207,7456117901,13760291529,13648134374,10011293285,7090689354,1.10807E+11
62,Japan,JPN,"Foreign direct investment, net inflows (BoP, current US$)",BX.KLT.DINV.CD.WD,7527948175,5459618343,-2396909736,21631204436,24624845330,12226471579,7440979284,-850717035.1,546962692.2,10648441636,19752249424,1.06611E+11
105,Portugal,PRT,"Foreign direct investment, net inflows (BoP, current US$)",BX.KLT.DINV.CD.WD,2496972203,4428914068,13198582130,6026180108,7821376697,5578899469,8455785211,9817680645,21976623038,10804886161,13114055865,1.0372E+11
132,United Arab Emirates,ARE,"Foreign direct investment, net inflows (BoP, current US$)",BX.KLT.DINV.CD.WD,10003500000,10899931926,12805990470,14186521443,5062972005,1134288135,8796769641,7152095826,8828372518,9490990320,10810074881,99171507165
125,Thailand,THA,"Foreign direct investment, net inflows (BoP, current US$)",BX.KLT.DINV.CD.WD,5860255943,8215637195,8917470351,8633903441,8561557725,6411458545,14746672920,2473685996,12899036061,15935960663,4975455660,97631094500
78,Malaysia,MYS,"Foreign direct investment, net inflows (BoP, current US$)",BX.KLT.DINV.CD.WD,4376052632,3924786635,7690731246,9071369835,7572512432,114664434.6,10885614182,15119371191,8895774251,11296278696,10619431770,89566587305
59,Israel,ISR,"Foreign direct investment, net inflows (BoP, current US$)",BX.KLT.DINV.CD.WD,2946900000,4818400000,15295500000,8798100000,10874100000,4438100000,5509600000,8727600000,8467600000,12448100000,6738000000,89062000000
4,Argentina,ARG,"Foreign direct investment, net inflows (BoP, current US$)",BX.KLT.DINV.CD.WD,4124710000,5265250000,5537340000,6473150000,9725560000,4017158925,11332718626,10839930945,15323933917,9821661858,5065335542,87526749813
41,Finland,FIN,"Foreign direct investment, net inflows (BoP, current US$)",BX.KLT.DINV.CD.WD,6771281519,10875828408,4631613504,21985066155,19403176598,-8826514767,12226437616,-6008160154,4932843235,-4940707106,17243598342,78294463350
102,Peru,PER,"Foreign direct investment, net inflows (BoP, current US$)",BX.KLT.DINV.CD.WD,1599038389,2578719365,3466531061,5490961307,6923651285,6430652961,8454627588,7664946687,11917886685,9297768037,7884539124,71709322489
131,Ukraine,UKR,"Foreign direct investment, net inflows (BoP, current US$)",BX.KLT.DINV.CD.WD,1715000000,7808000000,5604000000,10193000000,10700000000,4769000000,6451000000,7207000000,8175000000,4509000000,847000000,67978000000
94,Nigeria,NGA,"Foreign direct investment, net inflows (BoP, current US$)",BX.KLT.DINV.CD.WD,1874033035,4982533943,4854416867,6034971231,8196606673,8554840769,6026232041,8841113287,7069934205,5562873606,4655849170,66653404827
33,"Egypt, Arab Rep.",EGY,"Foreign direct investment, net inflows (BoP, current US$)",BX.KLT.DINV.CD.WD,1253300000,5375600000,10042800000,11578100000,9494600000,6711600000,6385600000,-482700000,2797700000,4192200000,4783200000,62132000000
113,South Africa,ZAF,"Foreign direct investment, net inflows (BoP, current US$)",BX.KLT.DINV.CD.WD,701422007.6,6522098178,623291744.3,6586792253,9885001293,7624489974,3693271715,4139289123,4626029122,8232518816,5791659020,58425863246
15,Bulgaria,BGR,"Foreign direct investment, net inflows (BoP, current US$)",BX.KLT.DINV.CD.WD,3072550962,4098122931,7874476255,13875270457,10296720634,3896664559,1842900000,2103810000,1788110000,1989040000,2067540000,52905205798
28,Denmark,DNK,"Foreign direct investment, net inflows (BoP, current US$)",BX.KLT.DINV.CD.WD,-8804165491,12834261392,2419919718,11809448518,2191207507,3918212678,-11766404173,13555949082,2753929972,-862218938.5,5101511954,33151652219
57,"Iran, Islamic Rep.",IRN,"Foreign direct investment, net inflows (BoP, current US$)",BX.KLT.DINV.CD.WD,3037299840,2889191670,2317538500,2017791750,1979988010,2983421910,3648972410,4276718690,4661734400,3049945000,2105494000,32968096180
27,Croatia,HRV,"Foreign direct investment, net inflows (BoP, current US$)",BX.KLT.DINV.CD.WD,1293085522,1794317620,3299038092,4567377359,5187844809,3198815037,1424108328,1417600259,1465100045,937309759.6,3959857737,28544454568
99,Pakistan,PAK,"Foreign direct investment, net inflows (BoP, current US$)",BX.KLT.DINV.CD.WD,1118000000,2201000000,4273000000,5590000000,5438000000,2338000000,2022000000,1326000000,859000000,1333000000,1867000000,28365000000
46,Greece,GRC,"Foreign direct investment, net inflows (BoP, current US$)",BX.KLT.DINV.CD.WD,2147448817,689960219.9,5409239581,1957669989,5733408744,2762586782,533689272.7,1092091924,1663327173,2945417938,2696796379,27631636820
103,Philippines,PHL,"Foreign direct investment, net inflows (BoP, current US$)",BX.KLT.DINV.CD.WD,592000000,1664000000,2707414997,2918724841,1340027563,2064620678,1070386940,2007150725,3215415155,3737371740,5739574024,27056686663
87,Morocco,MAR,"Foreign direct investment, net inflows (BoP, current US$)",BX.KLT.DINV.CD.WD,787053819,1619752454,2366000096,2806642141,2466288357,1970323920,1240625859,2521362081,2841954371,3360909924,3525625590,25506538612
88,Mozambique,MOZ,"Foreign direct investment, net inflows (BoP, current US$)",BX.KLT.DINV.CD.WD,244703873.4,122413755.6,251141650.3,416689348.4,641399415.8,930100407.8,1258453097,3663937118,5635092659,6697422432,4998799334,24860153091
25,Costa Rica,CRI,"Foreign direct investment, net inflows (BoP, current US$)",BX.KLT.DINV.CD.WD,1083718486,1528787464,1801002598,2241492021,2436112218,1614614468,1906923793,2733268840,2696295211,3205384977,3275414475,24523014551
137,"Venezuela, RB",VEN,"Foreign direct investment, net inflows (BoP, current US$)",BX.KLT.DINV.CD.WD,1489000000,2450000000,198000000,4358000000,2083000000,-1137000000,1583000000,5855000000,4986000000,2145000000,390000000,24400000000
45,Ghana,GHA,"Foreign direct investment, net inflows (BoP, current US$)",BX.KLT.DINV.CD.WD,139270000,144970000,636010000,1383177930,2714916344,2372540000,2527350000,3247588000,3294520000,3227000000,3363389444,23050731718
91,New Zealand,NZL,"Foreign direct investment, net inflows (BoP, current US$)",BX.KLT.DINV.CD.WD,2319819298,1906665964,2912645687,4335506076,2591966537,-52385533.24,286306903,1378410924,4004181181,-69519935.42,3295679654,22909276755
63,Jordan,JOR,"Foreign direct investment, net inflows (BoP, current US$)",BX.KLT.DINV.CD.WD,936812411.8,1984485190,3544005642,2622144779,2826744496,2413098592,1688394366,1486056338,1513237606,1805638280,2009304225,22829921926
24,"Congo, Rep.",COG,"Foreign direct investment, net inflows (BoP, current US$)",BX.KLT.DINV.CD.WD,88399286.1,800996241.6,1487693084,2638405260,2031879948,1273828534,928436006.5,2179856146,2151894023,2913934094,5502260247,21997582870
35,Estonia,EST,"Foreign direct investment, net inflows (BoP, current US$)",BX.KLT.DINV.CD.WD,1086502853,3127298002,2212181185,3429043145,1873250285,1865561410,2592803327,1118556804,1788040739,1079660229,1681871383,21854769362
29,Dominican Republic,DOM,"Foreign direct investment, net inflows (BoP, current US$)",BX.KLT.DINV.CD.WD,934480000,1118400000,1528700000,2252900000,2728400000,1695300000,1820200000,2197500000,3415900000,1599900000,2385300000,21676980000
135,Uruguay,URY,"Foreign direct investment, net inflows (BoP, current US$)",BX.KLT.DINV.CD.WD,352712784.3,826626704.3,1508350269,1358736506,2141969341,1602591813,2191067967,2690094197,2569214901,3040151836,2385090966,20666607285
119,Sudan,SDN,"Foreign direct investment, net inflows (BoP, current US$)",BX.KLT.DINV.CD.WD,1511070000,1561689997,1841833814,1504379838,1653120315,1726298403,2063730998,1734376994,2311460740,1687884179,1251280889,18847126167
98,Oman,OMN,"Foreign direct investment, net inflows (BoP, current US$)",BX.KLT.DINV.CD.WD,111053316,1538361508,1596098830,3332119636,2951885566,1485825748,1243172952,1629144343,1364629389,1612430962,1505331599,18370053849
23,"Congo, Dem. Rep.",COD,"Foreign direct investment, net inflows (BoP, current US$)",BX.KLT.DINV.CD.WD,409032814.5,180000000,256100000,1808000000,1726800000,-243200000,2742300000,1686900000,3312142743,2098249103,1843173236,15819497897
128,Tunisia,TUN,"Foreign direct investment, net inflows (BoP, current US$)",BX.KLT.DINV.CD.WD,592147521.7,712714847.3,3239909093,1515345044,2600674976,1525244858,1334497695,432666011.6,1554269129,1058622582,1024754444,15590846202
8,Bangladesh,BGD,"Foreign direct investment, net inflows (BoP, current US$)",BX.KLT.DINV.CD.WD,448905400.7,760504265.8,456523167.7,651029738.1,1328422987,901286583.1,1232258247,1264725163,1584403460,2602962095,2539190940,13770212047
124,Tanzania,TZA,"Foreign direct investment, net inflows (BoP, current US$)",BX.KLT.DINV.CD.WD,442539548.4,935520591.7,403038991.4,581511807,1383260000,952630000,1813200000,1229361018,1799646137,2087261310,2044550443,13672519847
140,Zambia,ZMB,"Foreign direct investment, net inflows (BoP, current US$)",BX.KLT.DINV.CD.WD,364040000,356940000,615790000,1323900000,938620000,694800000,1729300000,1108500000,1731500000,2099800000,1507800000,12470990000
70,Latvia,LVA,"Foreign direct investment, net inflows (BoP, current US$)",BX.KLT.DINV.CD.WD,591016370.9,810406848.7,1704978770,2713740045,1432688544,-32391422.09,435492262.8,1500490481,1078662408,989503246,1083404284,12307991838
67,Kuwait,KWT,"Foreign direct investment, net inflows (BoP, current US$)",BX.KLT.DINV.CD.WD,23752969.12,233904109.6,121305596.3,111535690.2,-5951752.859,1113588047,1304627500,3259067552,2872588962,1433630444,485806657.8,10953855775
54,Iceland,ISL,"Foreign direct investment, net inflows (BoP, current US$)",BX.KLT.DINV.CD.WD,556559342.7,2641083180,3190006185,3129473540,-220811867.5,-382126777,-93134840.83,137129517.3,238744156.8,472623705.7,766784288.7,10436330431
34,Equatorial Guinea,GNQ,"Foreign direct investment, net inflows (BoP, current US$)",BX.KLT.DINV.CD.WD,340914468.5,769146185.2,469506014.6,1242731087,-793872332.8,1636219625,2734000000,1975000000,985256411.5,730710064,319569592.3,10409181115
1,Albania,ALB,"Foreign direct investment, net inflows (BoP, current US$)",BX.KLT.DINV.CD.WD,341285112.5,262479012.6,325138316.8,652275603.7,1240972849,1343091150,1089416366,1049425306,920080650.1,1253783309,1149384241,9627331917
47,Guatemala,GTM,"Foreign direct investment, net inflows (BoP, current US$)",BX.KLT.DINV.CD.WD,321400000,540000000,635300000,859200000,751109109.8,696452714.3,845598200,1139659133,1263638429,1353141908,1165765000,9571264494
52,Honduras,HND,"Foreign direct investment, net inflows (BoP, current US$)",BX.KLT.DINV.CD.WD,592320092.9,601059572.2,717591908.2,966926354.3,1200798087,494497450.5,484836872.6,1042571021,1067550208,1069029263,1294065691,9531246521
130,Uganda,UGA,"Foreign direct investment, net inflows (BoP, current US$)",BX.KLT.DINV.CD.WD,295416479.8,379808340.7,644262499.9,792305780.9,728860900.7,841570802.7,543872727.3,894293858,1205388488,1096000000,1058564540,8480344418
136,Uzbekistan,UZB,"Foreign direct investment, net inflows (BoP, current US$)",BX.KLT.DINV.CD.WD,176600000,191600000,173800000,705200000,711300000,842000000,1636448861,1635145000,563040000,628866000,626195000,7890194861
111,Slovenia,SVN,"Foreign direct investment, net inflows (BoP, current US$)",BX.KLT.DINV.CD.WD,763100000,970800000,691588429.4,1884932873,1081080207,-346269217.1,319054952.7,875544802.3,33548087.62,103977238.6,1019291465,7396648839
89,Namibia,NAM,"Foreign direct investment, net inflows (BoP, current US$)",BX.KLT.DINV.CD.WD,223561311.2,392757950.1,609772318.5,669789340.8,749771454.7,496965839.7,766949499.2,744486716.8,1077257171,853430352.7,405454698.2,6990196653
116,Sri Lanka,LKA,"Foreign direct investment, net inflows (BoP, current US$)",BX.KLT.DINV.CD.WD,232800000,272400000,479700000,603000000,752200000,404000000,477559000,955920000,941116591.2,932551317.6,893628980.3,6944875889
76,Madagascar,MDG,"Foreign direct investment, net inflows (BoP, current US$)",BX.KLT.DINV.CD.WD,52910748,85428623.9,294681941.5,789389724.1,1134497642,1293330142,809707320.3,738462649,810503138.6,566545549.9,350652561.7,6926110041
61,Jamaica,JAM,"Foreign direct investment, net inflows (BoP, current US$)",BX.KLT.DINV.CD.WD,559365888,637901995.9,842342788.3,811902426.3,1376602630,485164640.1,185775630.6,172757165.4,413333448.1,544747561.8,582148741.6,6612042916
12,Bolivia,BOL,"Foreign direct investment, net inflows (BoP, current US$)",BX.KLT.DINV.CD.WD,65430000,-238620000,280763457,366294241.5,512335605.2,423040000,621997989.5,858941070.4,1059965391,1749612614,656566350.8,6356326719
92,Nicaragua,NIC,"Foreign direct investment, net inflows (BoP, current US$)",BX.KLT.DINV.CD.WD,250000000,241100000,286800000,381700000,627300000,433900000,489900000,936300000,767700000,815500000,884100000,6114300000
32,Ecuador,ECU,"Foreign direct investment, net inflows (BoP, current US$)",BX.KLT.DINV.CD.WD,836939593.9,493413835.5,271428852.5,193872526.9,1056888020,307960890.1,165320320.4,643709358.7,567035300.9,726814206.3,771822946.1,6035205851
5,Armenia,ARM,"Foreign direct investment, net inflows (BoP, current US$)",BX.KLT.DINV.CD.WD,247140608.5,292073220.2,466531991.9,667671562.1,943733059.5,760040745.9,529321391.6,653219756.5,496636701.1,346092394.4,404344951.1,5806806383
13,Botswana,BWA,"Foreign direct investment, net inflows (BoP, current US$)",BX.KLT.DINV.CD.WD,390889365.3,420853645.9,486912042.1,494635511.7,520918009.9,208699416.1,218380384.2,1371087724,542804860.6,398456549.6,515184275.5,5568821785
127,Trinidad and Tobago,TTO,"Foreign direct investment, net inflows (BoP, current US$)",BX.KLT.DINV.CD.WD,998100000,939700000,882700000,830000000,2800800000,709100000,549400000,54557315.5,-1891033844,-1134422044,671596266,5410497694
93,Niger,NER,"Foreign direct investment, net inflows (BoP, current US$)",BX.KLT.DINV.CD.WD,24367537.69,49733809.25,40274236.62,98942805.39,281935056.4,631278387,795859656,1065789606,851019876.2,719134023.7,821872313.7,5380207308
19,Cameroon,CMR,"Foreign direct investment, net inflows (BoP, current US$)",BX.KLT.DINV.CD.WD,67863015.12,243504753.3,59069772.85,189330876.4,20910875.62,743285027.3,535742601.5,652411755.8,527394101.2,547249169.1,724889079.4,4311651028
26,Cote d'Ivoire,CIV,"Foreign direct investment, net inflows (BoP, current US$)",BX.KLT.DINV.CD.WD,282979933.1,348920761.5,350652855.7,443215533.1,466489597,396030774,358118909,301577298.6,330274411.5,407476278.3,438772529.2,4124508881
40,Fiji,FJI,"Foreign direct investment, net inflows (BoP, current US$)",BX.KLT.DINV.CD.WD,250618684.7,184929270.4,460444078.5,377939524.3,338522354.6,160649876.1,356156642.7,402356103.4,375988474.2,264709009.8,347993346.5,3520307365
86,Moldova,MDA,"Foreign direct investment, net inflows (BoP, current US$)",BX.KLT.DINV.CD.WD,87690000,190700000,258680000,536020000,726610000,135150000,211990000,347930000,282580000,290460000,349930000,3417740000
109,Senegal,SEN,"Foreign direct investment, net inflows (BoP, current US$)",BX.KLT.DINV.CD.WD,137336903.7,167877437.2,289582834.4,350994490.1,453902667.5,330145120.8,271827672.5,338218819.4,276175329.5,311278273.7,402561894.3,3329901443
81,Mauritius,MUS,"Foreign direct investment, net inflows (BoP, current US$)",BX.KLT.DINV.CD.WD,13894736.4,41776995.78,106758059.1,340763853.7,377724738.1,256680711.8,429958030.7,433358879.7,589018302.8,293341671.7,418430127.8,3301706108
80,Mali,MLI,"Foreign direct investment, net inflows (BoP, current US$)",BX.KLT.DINV.CD.WD,84840599.64,160218206.8,148195574.1,206064771.4,266432781.9,646609200.6,371569832.6,556147161.6,397865237.2,307853389.3,144023010.6,3289819766
48,Guinea,GIN,"Foreign direct investment, net inflows (BoP, current US$)",BX.KLT.DINV.CD.WD,0,105000000,125000000,385900000,381880000,140850000,101350000,956040000,605400000,135330000,68000000,3004750000
65,Kenya,KEN,"Foreign direct investment, net inflows (BoP, current US$)",BX.KLT.DINV.CD.WD,46063931.45,21211685.4,50674725.18,729044146,95585680.23,116257609,178064606.8,139862091.1,163410210.3,371846696.4,944327305,2856348687
139,"Yemen, Rep.",YEM,"Foreign direct investment, net inflows (BoP, current US$)",BX.KLT.DINV.CD.WD,143578198.5,-302056736.8,1120970000,917300000,1554630000,129200000,188641795.8,-517842928.5,-14239188.36,-133570895.6,-233104668.6,2853505576
101,Paraguay,PRY,"Foreign direct investment, net inflows (BoP, current US$)",BX.KLT.DINV.CD.WD,93979000,7300000,187800000,105000000,260900000,49100000,344100000,447766666.7,745400000,74000000,459020000,2774365667
77,Malawi,MWI,"Foreign direct investment, net inflows (BoP, current US$)",BX.KLT.DINV.CD.WD,107811374,139696707.4,35561531.63,124388838.7,195424461.1,49130854.84,97010028.45,812753754.6,-8886001.78,451360605.7,598087746.6,2602339901
79,Maldives,MDV,"Foreign direct investment, net inflows (BoP, current US$)",BX.KLT.DINV.CD.WD,52933701.73,52991121.06,63826812.89,132432080.8,181255431.8,157963586.8,216468945.7,423530664,227976866.7,360816336.2,333375218,2203570766
141,Zimbabwe,ZWE,"Foreign direct investment, net inflows (BoP, current US$)",BX.KLT.DINV.CD.WD,8700000,102800000,40000000,68900000,51600000,105000000,122586666.7,344300000,349850000,373050000,472800000,2039586667
126,Togo,TGO,"Foreign direct investment, net inflows (BoP, current US$)",BX.KLT.DINV.CD.WD,79824366.06,95965416.47,91315553.92,62324369.4,50687212.17,46118873.9,124942198.6,727757280.6,121518516.1,183547067.3,53948489.72,1637949344
20,Chad,TCD,"Foreign direct investment, net inflows (BoP, current US$)",BX.KLT.DINV.CD.WD,466793492.1,-99342519.36,-278414000,-321655000,466131000,374900000,313000000,281900000,579793037.4,520200793.5,-675545847.1,1627760957
16,Burkina Faso,BFA,"Foreign direct investment, net inflows (BoP, current US$)",BX.KLT.DINV.CD.WD,3829373.785,32254080.61,83774772.55,21683121.76,33056780.41,56426881.77,38832813.08,143657274.8,329300811.2,490264030.5,356821732.4,1589901673
18,Cabo Verde,CPV,"Foreign direct investment, net inflows (BoP, current US$)",BX.KLT.DINV.CD.WD,67591507.88,80448834.06,131567607.9,191868198,211004655.1,127100653.2,116213000.7,102224984.1,128951911.2,89337245.67,180260496.4,1426569094
9,Belize,BLZ,"Foreign direct investment, net inflows (BoP, current US$)",BX.KLT.DINV.CD.WD,111496166.4,126908465.9,108828544.6,140373737.3,169668449.5,108840086.4,96449877.08,95348525.19,194201408.8,92247730.94,141097030.3,1385460022
0,Afghanistan,AFG,"Foreign direct investment, net inflows (BoP, current US$)",BX.KLT.DINV.CD.WD,186900000,271000000,238000000,188690000,46033740,197512727.5,54200551,57620844,47226787.51,37638586,43510167.3,1368333403
10,Benin,BEN,"Foreign direct investment, net inflows (BoP, current US$)",BX.KLT.DINV.CD.WD,-40701529.97,-8785364.695,-12352499.85,139006086.8,48016408.32,-18732013.56,53454932.99,161091309,281564661.1,360240965.3,405197656,1368000611
107,Rwanda,RWA,"Foreign direct investment, net inflows (BoP, current US$)",BX.KLT.DINV.CD.WD,7700000,10500000,30643966.47,82283165.86,103346051.9,118670000,42332000,106210000,159814904.8,257642420.2,291726096.5,1210868606
121,Swaziland,SWZ,"Foreign direct investment, net inflows (BoP, current US$)",BX.KLT.DINV.CD.WD,69582011.84,-45850344.68,121031132.7,37493846.24,105729374.7,65705859.52,135660413.7,93211828.7,89720140.54,29442304.11,26584893.89,728311461.3
112,Solomon Islands,SLB,"Foreign direct investment, net inflows (BoP, current US$)",BX.KLT.DINV.CD.WD,-2670173.389,548149.3494,44307544.56,85983505.99,75177085.38,48583116.34,165920898.3,120052792.5,23881499.3,53434351.38,21022029.97,636240799.7
43,"Gambia, The",GMB,"Foreign direct investment, net inflows (BoP, current US$)",BX.KLT.DINV.CD.WD,55526319.44,53650280.02,82208102.59,78099786.49,78614989.73,39447343.71,37366207.68,36178721.37,33524808.59,37635270.43,28404020.8,560655850.9
72,Lesotho,LSO,"Foreign direct investment, net inflows (BoP, current US$)",BX.KLT.DINV.CD.WD,55671430.94,27441449.23,24322286.69,75616001.72,11009973.06,91349553.1,9507301.296,61173319.21,56653435.23,50429031.34,94460146.98,557633928.8
11,Bhutan,BTN,"Foreign direct investment, net inflows (BoP, current US$)",BX.KLT.DINV.CD.WD,8859907.539,6210884.354,6122702.143,73855769.76,3144001.019,18299707.23,75274009.03,31141614.86,24380673.57,20433631.07,28951712.78,296674613.4
17,Burundi,BDI,"Foreign direct investment, net inflows (BoP, current US$)",BX.KLT.DINV.CD.WD,44690.7076,584701.6926,31593.77819,500245.0931,3833208.348,348404.5346,780582.0036,3354999.181,604919.6515,116727136.5,81747197.23,208557678.7
100,Papua New Guinea,PNG,"Foreign direct investment, net inflows (BoP, current US$)",BX.KLT.DINV.CD.WD,29883258.83,31818696.74,11777272.97,94558953.92,-30591591.76,418816685.9,28720688.24,-309831004.1,-63782355.93,18222240.04,-30389394.59,199203450.3
49,Guinea-Bissau,GNB,"Foreign direct investment, net inflows (BoP, current US$)",BX.KLT.DINV.CD.WD,1915633.352,8692468.09,17887123.56,18770117.49,6630074.028,18890200,26240200,25024047.39,6624917.193,19639703.8,28852724.94,179167209.8
22,Comoros,COM,"Foreign direct investment, net inflows (BoP, current US$)",BX.KLT.DINV.CD.WD,671354.6939,558643.2487,777728.3459,7681783.082,4631824.185,13784111.95,8342263.125,23088175.8,10375785.66,4230442.065,4678330.436,78820442.59
120,Suriname,SUR,"Foreign direct investment, net inflows (BoP, current US$)",BX.KLT.DINV.CD.WD,-37300000,27900000,-163400000,-246700000,-231400000,-93400000,-247700000,145288761.2,169442185.1,186765030.6,-59673138.08,-550177161.2
2,Angola,AGO,"Foreign direct investment, net inflows (BoP, current US$)",BX.KLT.DINV.CD.WD,2197227820,-1303836930,-37714860,-893342152,1678971010,2205298180,-3227211182,-3023770966,-6897954559,-7120017424,1921699719,-14500651344